INSERT INTO auth.users (instance_id,id,aud,role,email,encrypted_password,email_confirmed_at,invited_at,confirmation_token,confirmation_sent_at,recovery_token,recovery_sent_at,email_change_token_new,email_change,email_change_sent_at,last_sign_in_at,raw_app_meta_data,raw_user_meta_data,is_super_admin,created_at,updated_at,phone,phone_confirmed_at,phone_change,phone_change_token,phone_change_sent_at,email_change_token_current,email_change_confirm_status,banned_until,reauthentication_token,reauthentication_sent_at,is_sso_user,deleted_at,is_anonymous) VALUES ('737944e3-caf9-5e31-8ae9-5a1b360a293b', '0f5d546a-dd80-5406-a005-a4f3061b9fb4', '5e55b24a-6f54-5620-bb86-d04ea4c8f721', 'Developer', 'Alec.Bahringer49059@project-wave.net', 'Quamquam solen philos non endus.', '2020-03-27T02:27:02.000Z', '2020-02-18T13:29:01.000Z', 'Est paulo vacuit ingenii pellanturbul qui approbantis.', '2020-01-05T12:49:14.000Z', 'Quam gratia quidnam quibus et.', '2020-05-21T16:31:44.000Z', 'Se cum quia negat profectu.', 'Locis non etiam meo laudatque solum singulosit, loqueret vitae ocurae sunt tu inum eae.', '2020-06-22T05:44:10.000Z', '2020-06-26T05:09:30.000Z', '{"Summum":"Res doloresse"}', '{"Nihilius":"Quae necestias"}', 't', '2020-04-04T04:00:44.000Z', '2020-05-09T04:42:49.000Z', DEFAULT, '2020-02-10T13:45:12.000Z', DEFAULT, DEFAULT, '2020-02-22T01:33:17.000Z', DEFAULT, DEFAULT, '2020-10-06T22:00:21.000Z', DEFAULT, '2020-04-12T15:52:43.000Z', DEFAULT, '2020-03-11T14:42:16.000Z', DEFAULT), ('265b3899-64f8-5ba8-86d2-f393a60cf389', '5fef9e7c-116a-5504-a6ae-d16f4442d448', '1b7b35dc-5205-5534-9a52-6b105a06acd2', 'Admin', 'Annamarie_Brakus10291@tattoobell.com', 'Quibus tur cognita et etiam.', '2020-04-28T16:05:55.000Z', '2020-04-08T03:45:04.000Z', 'Quibus his inpenderum am quae prorsus aper.', '2020-12-12T11:50:56.000Z', 'Distrahi probab ut andi dictur proborum tria.', '2020-06-14T17:30:58.000Z', 'Inum incorpore bono impedit endum etitate quorum.', 'Et autem malitia sit neganimo cum nihilii.', '2020-06-10T18:07:09.000Z', '2020-05-05T04:55:21.000Z', '{"Sed":"Quod hostemeris anda"}', '{"Quadamicit":"Fugienterven turbamur"}', 't', '2020-12-04T11:47:53.000Z', '2020-03-03T02:37:14.000Z', DEFAULT, '2020-09-17T09:00:07.000Z', DEFAULT, DEFAULT, '2020-04-16T03:15:08.000Z', DEFAULT, DEFAULT, '2020-11-23T10:22:29.000Z', DEFAULT, '2020-01-21T00:09:26.000Z', DEFAULT, '2020-05-17T16:42:15.000Z', DEFAULT), ('1a52e9e4-0b60-55f6-8849-bee0c1611347', '5ac46069-d153-5b50-a0be-8a017d379243', '0d3a6d62-5616-58dd-a17a-82c2de85c1cc', 'Editor', 'Leanna_Quigley96822@attain-thermals.com', 'Fortas familita excruciantur fuisse vero iis ante ne.', '2020-11-11T11:11:07.000Z', '2020-05-13T16:44:25.000Z', 'Dolore ilii minarendum voluptate secum nunc ne ignoraret.', '2020-04-04T15:08:04.000Z', 'Sensuum per quid necest ad peranimus, locus repugi sapiendisplic multos et tant voluptation.', '2020-08-16T07:44:19.000Z', 'Quia autem quod puerillam cum quod, legam placetiam magna quarum entis et.', 'Accurrunt sunt utillud ea patiendi legitatque adhuc approbes, praeter cohaerest veniri parabunde nec quod iustitudit ut.', '2020-07-11T18:57:34.000Z', '2020-04-24T15:29:36.000Z', '{"Latur":"Am vare"}', '{"Disservata":"Imo constantia"}', 'f', '2020-05-05T04:11:04.000Z', '2020-09-05T20:47:49.000Z', DEFAULT, '2020-08-04T19:11:50.000Z', DEFAULT, DEFAULT, '2020-05-05T16:13:24.000Z', DEFAULT, DEFAULT, '2020-12-21T00:01:18.000Z', DEFAULT, '2020-10-26T09:16:32.000Z', DEFAULT, '2020-10-06T22:00:43.000Z', DEFAULT), ('909eba5a-bcb6-5ecf-8f8a-3b45ce238969', '5f2c632c-1003-5d3e-94f5-6085899aa359', '92643554-497e-50dd-a9f7-e35830243138', 'Owner', 'Christop.Sawayn48595@popularmobility.net', 'Pareat sedat qua a audittento, posset etsi iudicum volunt solum.', '2020-11-27T10:24:53.000Z', '2020-12-20T12:02:43.000Z', 'Inans famile lud pecundustriae non et defentur, iderent sit dolorum quae est.', '2020-06-02T17:30:05.000Z', 'Romanimi et quam rationem de voce iditus in.', '2020-02-18T01:44:45.000Z', 'En iuria esse splendore ipsos, gravis ari discipio sententia erius ubi rationem facilitus.', 'Quam et anesse genus corpus mediocritum.', '2020-03-27T14:41:36.000Z', '2020-07-23T06:08:28.000Z', '{"Pertingere":"Est et"}', '{"A":"Aut cere divinest"}', 'f', '2020-12-16T23:25:29.000Z', '2020-08-24T07:23:22.000Z', DEFAULT, '2020-01-01T12:22:30.000Z', DEFAULT, DEFAULT, '2020-06-14T17:44:37.000Z', DEFAULT, DEFAULT, '2020-08-28T19:10:57.000Z', DEFAULT, '2020-05-21T16:55:36.000Z', DEFAULT, '2020-12-21T00:13:05.000Z', DEFAULT), ('fce0523f-ec28-5268-84f3-3d31f14ab476', '71c8f57c-aae5-5ac8-8fc0-a1ff399b17b8', '3eee1e17-a66d-599d-aed6-1302c1c99eb1', 'Owner', 'Mozelle_Boyer81623@spectacularsweat.net', 'Utus tolere explicabo ne consilio aliquidem epicium rerum, quidem sane an m laudatticiam impeterum et entibusque.', '2020-05-13T17:01:18.000Z', '2020-05-09T16:06:35.000Z', 'Sed ei affecitiae qui ilit vitamusque.', '2020-03-07T02:29:23.000Z', 'Idita cum te possit ratio minimbutus, fallaramur enimisdem simos iucunt voluptatem ut dolorem.', '2020-03-07T02:35:19.000Z', 'Paene multis anim disputata quoddam alter, quo autem pervendis neque esse am ano.', 'Nusquam primis ceteretur iudicita cupiderat, summo quae nihil me ales.', '2020-12-20T23:12:43.000Z', '2020-07-03T06:48:48.000Z', '{"Primosit":"Depravatib ere depravat"}', '{"Autem":"Ideriora am"}', 'f', '2020-05-17T16:22:34.000Z', '2020-06-22T17:32:30.000Z', DEFAULT, '2020-03-23T02:10:46.000Z', DEFAULT, DEFAULT, '2020-08-28T07:34:44.000Z', DEFAULT, DEFAULT, '2020-11-03T10:50:49.000Z', DEFAULT, '2020-01-17T12:56:54.000Z', DEFAULT, '2020-07-15T06:28:09.000Z', DEFAULT), ('f9c326c1-d54b-5a71-974b-b06157c596f8', '815c84a1-9088-5e6f-b1ab-0853285c0e5d', '8772a07a-fa71-5fab-9dcd-fff2646efae7', 'Viewer', 'Julien.Kerluke72913@decent-sneeze.com', 'Perciplinam ad voluptate hoc adipsa modo.', '2020-04-12T04:04:29.000Z', '2020-03-23T02:17:53.000Z', 'Diceram sit iudicus provid afrantur mediocritum, per partemnentes te causamicur hominest accusatur gustari.', '2020-12-12T23:40:19.000Z', 'Carere cohaeresse corriger aut esse atius si.', '2020-11-11T11:01:27.000Z', 'Sane dolore ut sentantas praesen.', 'Nostri et non atibus utinter quae.', '2020-12-12T23:13:38.000Z', '2020-11-03T22:49:25.000Z', '{"Latur":"Rebus versionesse"}', '{"Tota":"Est magnam"}', 'f', '2020-07-07T18:10:11.000Z', '2020-12-05T00:13:03.000Z', DEFAULT, '2020-06-10T06:05:10.000Z', DEFAULT, DEFAULT, '2020-10-10T09:19:04.000Z', DEFAULT, DEFAULT, '2020-02-18T13:35:33.000Z', DEFAULT, '2020-03-11T14:36:33.000Z', DEFAULT, '2020-03-23T14:29:32.000Z', DEFAULT), ('7b252a4a-c4b4-5b8e-a335-ebc1a9c20447', 'f14ee7a7-b3f9-561d-8cf7-983293f0008f', '86d4b851-0b53-528b-b73f-6bb26292219e', 'Editor', 'Amelie.McLaughlin4801@squigglypeacoat.info', 'Sitne et conspecta saepe extremum quieti, civit si sentior virtutemol estias.', '2020-02-06T01:18:55.000Z', '2020-05-01T05:07:52.000Z', 'Te parte tem artibiqui iliustitiam autem spe, si sine iudicet dicas quod non vidiae quia.', '2020-04-08T15:31:34.000Z', 'Epicissius quam dolore amargumen vivere non quaeque, erritudin aut neque invident et dolorista bonoresset genii.', '2020-08-12T19:43:04.000Z', 'Metu tener flagitudit tum totelectat omnino cyrenaicosten esse, doloratio possumus qua omne non falli possim.', 'Dissermone vivenime facilla quidem im venistunt quam.', '2020-09-09T08:37:44.000Z', '2020-07-03T18:38:26.000Z', '{"Voluperen":"Etudo aut"}', '{"Debet":"Haec eli"}', 'f', '2020-01-25T13:03:34.000Z', '2020-11-03T22:49:05.000Z', DEFAULT, '2020-12-20T11:38:36.000Z', DEFAULT, DEFAULT, '2020-08-16T19:42:13.000Z', DEFAULT, DEFAULT, '2020-12-12T23:40:19.000Z', DEFAULT, '2020-12-20T11:46:52.000Z', DEFAULT, '2020-02-02T13:28:46.000Z', DEFAULT), ('f5c0e433-75ef-5166-9a55-1ecd8ba3e765', 'e4153ca5-d012-5995-bad4-086731587974', 'f9027f59-3341-5143-8fe9-df9d86f7570b', 'Developer', 'Vada_Nicolas46208@say-mean.net', 'Contra vel magnos numquamquam ego iderare inem.', '2020-09-09T08:19:27.000Z', '2020-12-20T11:35:06.000Z', 'Quam esset cetere nostrum qui.', '2020-12-12T23:40:40.000Z', 'Ut quia scribi posid fallare sic diceren.', '2020-05-21T04:51:46.000Z', 'Multi cum et non quem.', 'Serito hae et virtutem atum nec in ime, quia legere itia declinam veterab sapientium norat.', '2020-11-15T23:01:37.000Z', '2020-06-22T05:53:01.000Z', '{"Moveat":"Est verterista"}', '{"Indivinum":"Sentias iis desid"}', 'f', '2020-12-16T11:53:54.000Z', '2020-09-25T08:11:12.000Z', DEFAULT, '2020-02-18T13:22:16.000Z', DEFAULT, DEFAULT, '2020-08-08T07:41:44.000Z', DEFAULT, DEFAULT, '2020-12-04T23:26:19.000Z', DEFAULT, '2020-09-09T08:34:56.000Z', DEFAULT, '2020-06-22T05:40:40.000Z', DEFAULT), ('293d6140-f494-5662-99dd-5e88cd45908b', '8bb5337a-4ae8-5fe9-834c-d09e97c220b7', '977dcc5b-7b9a-57ef-be4a-9c008d3468a4', 'Admin', 'Princess_Mills19974@disbarvestment.info', 'Cum scriptorquatis et procedonan percipito et.', '2020-01-05T00:53:33.000Z', '2020-02-06T01:39:53.000Z', 'Sic de earum appetuisti scientia.', '2020-02-18T13:46:44.000Z', 'Tum sublatindig praeteret quidem si natur am.', '2020-01-01T00:22:16.000Z', 'Nec habet omi ad sectet huic non, ad nullo triario scilicur quarum.', 'Quam ego minarendi ab dolorum nam.', '2020-08-12T07:58:14.000Z', '2020-11-23T10:55:28.000Z', '{"Iucunt":"Nihil am"}', '{"Meo":"Cui singulosop"}', 'f', '2020-05-09T04:25:35.000Z', '2020-12-24T11:35:24.000Z', DEFAULT, '2020-06-26T05:11:43.000Z', DEFAULT, DEFAULT, '2020-07-23T18:20:49.000Z', DEFAULT, DEFAULT, '2020-12-24T11:47:03.000Z', DEFAULT, '2020-03-07T14:30:53.000Z', DEFAULT, '2020-09-13T09:12:04.000Z', DEFAULT), ('bff3d01b-37bf-56a1-ba8c-4296d3ea357b', 'b36ab93a-34cf-5d2f-8309-1f65466da6f0', '94de5767-573b-5d0c-a789-aec03ca62f17', 'Owner', 'Arthur.Little41425@highlightstroke.info', 'Fore temperan expeten aut dubit arbitrium, ete legi esset eri de bonore multo.', '2020-10-10T21:23:36.000Z', '2020-09-05T20:51:32.000Z', 'Feratomni ab physiciscuntur nasci munere defentibi abillis.', '2020-01-25T00:17:46.000Z', 'Extremum amicur sive suscepi iudicanim numquam.', '2020-06-06T05:45:03.000Z', 'Quam non et vacillae nomintelleg.', 'Nam discorporro est ipsis quia effici, hominem aut voluptates quae liberis nam.', '2020-09-05T09:04:42.000Z', '2020-11-15T22:49:37.000Z', '{"Intellegim":"Nostris sic eo"}', '{"Motum":"Dis voluptatem in"}', 'f', '2020-10-22T21:20:12.000Z', '2020-03-11T14:05:12.000Z', DEFAULT, '2020-10-14T21:48:50.000Z', DEFAULT, DEFAULT, '2020-05-17T16:25:15.000Z', DEFAULT, DEFAULT, '2020-11-27T22:25:36.000Z', DEFAULT, '2020-08-12T07:10:41.000Z', DEFAULT, '2020-09-21T20:36:05.000Z', DEFAULT);
INSERT INTO auth.users (instance_id,id,aud,role,email,encrypted_password,email_confirmed_at,invited_at,confirmation_token,confirmation_sent_at,recovery_token,recovery_sent_at,email_change_token_new,email_change,email_change_sent_at,last_sign_in_at,raw_app_meta_data,raw_user_meta_data,is_super_admin,created_at,updated_at,phone,phone_confirmed_at,phone_change,phone_change_token,phone_change_sent_at,email_change_token_current,email_change_confirm_status,banned_until,reauthentication_token,reauthentication_sent_at,is_sso_user,deleted_at,is_anonymous) VALUES ('d6bacbe4-d7a4-5a5f-9b43-1c0b36aa7b36', '652dde17-ae31-58fb-bf07-76a946d1ffb1', 'afe25d33-e9cc-57e3-b6f2-209c188cef95', 'Owner', 'Lindsay_Bauch67693@jam-nature.org', 'Fuisse voluptat et viden nec statuamus.', '2020-02-18T13:52:33.000Z', '2020-03-03T15:00:11.000Z', 'Aiebationi quem eam it temnentes scribentiam cyrenaicis.', '2020-05-17T04:36:54.000Z', 'Sed efflorest et confirmater quidem est a mihi, am voluptas nec modis tere ut valet.', '2020-12-28T23:59:14.000Z', 'Quod equos tua adiunt fugientia uto.', 'Ipsa tum is viti est et quidemus ea, superiusto consuevit suapte clariora ius convincertae possit.', '2020-03-15T02:07:50.000Z', '2020-11-23T10:25:32.000Z', '{"Ine":"Itartes escenses"}', '{"Disciplinguam":"Iudicitia rerum primum"}', 't', '2020-02-22T01:40:02.000Z', '2020-05-05T04:53:42.000Z', DEFAULT, '2020-09-09T08:23:24.000Z', DEFAULT, DEFAULT, '2020-07-15T18:29:33.000Z', DEFAULT, DEFAULT, '2020-11-27T10:35:02.000Z', DEFAULT, '2020-05-05T16:10:08.000Z', DEFAULT, '2020-07-19T06:44:25.000Z', DEFAULT), ('87d1aea7-1092-5642-991f-f381083ca26d', '1fb7cc70-f678-534e-bdee-e047cb1b9166', '35060f20-5fbd-5583-a890-6dfec1695e24', 'Developer', 'Raven.Koss17917@lively-joy.biz', 'De autem qui quae im, commodo undum epicusdam dicta carerit.', '2020-02-22T01:41:05.000Z', '2020-07-07T18:31:38.000Z', 'Quanta seditaque nunc deser suspicatus primo intellegan nobis.', '2020-01-05T00:36:11.000Z', 'Sum iliaritur theophrasti poris nomingenus si malis ingenus, cum voluptatem incurrunt et nec statueristot enimpendet dolorista.', '2020-09-01T08:16:17.000Z', 'Non vocet vestra in salut am imis.', 'Quamquam cum homintelleg a ab torqueantur ut verteristip.', '2020-05-05T16:23:53.000Z', '2020-10-10T09:54:57.000Z', '{"Expetenim":"A depravatio"}', '{"Quae":"Ilisdem etiam suum"}', 'f', '2020-07-23T18:57:39.000Z', '2020-01-21T12:52:53.000Z', DEFAULT, '2020-06-14T05:18:38.000Z', DEFAULT, DEFAULT, '2020-07-23T18:20:49.000Z', DEFAULT, DEFAULT, '2020-02-14T13:05:46.000Z', DEFAULT, '2020-09-25T20:10:58.000Z', DEFAULT, '2020-12-04T23:17:28.000Z', DEFAULT), ('c864a53d-5ad0-5139-9e1e-404ba2b473bc', '64a420ff-429c-52af-9c53-9b2803658db2', '78894255-fb70-5ef9-8e6b-c5b7f43ef7ff', 'Editor', 'Dasia.Brown59749@welldocumentedlocality.biz', 'Memoribus metu doloram qui de quam nec.', '2020-10-10T09:31:46.000Z', '2020-08-24T07:57:29.000Z', 'Vellem pensa expeterit quippiam non magisse quoque vituptate, odia eo huic orata et est venire illam.', '2020-04-12T03:17:03.000Z', 'In tantoperib ine atibus dolorem venire et praeterno, tum quidem aret filio ratione deinde.', '2020-05-25T16:13:37.000Z', 'Legamur nos atemus ocritudin satis, fectricest statu sin de putassiden dolorate quae.', 'Potesse permandarum cupid monstruosi gessisse, non is res democtavis in causam sunt.', '2020-06-10T17:25:40.000Z', '2020-08-08T07:50:56.000Z', '{"Ipsum":"Consentiunt causam epiculis"}', '{"Es":"Aut haeret istrari"}', 't', '2020-10-02T09:49:14.000Z', '2020-05-21T04:06:19.000Z', DEFAULT, '2020-09-05T08:51:11.000Z', DEFAULT, DEFAULT, '2020-09-17T08:38:06.000Z', DEFAULT, DEFAULT, '2020-12-20T23:34:17.000Z', DEFAULT, '2020-02-02T13:26:33.000Z', DEFAULT, '2020-08-24T07:31:31.000Z', DEFAULT), ('ff1c23cf-cd33-522a-8ae5-57771a013a0a', 'a28ab298-65fe-56eb-a833-14fec76a0b56', '62ce4245-8786-5e82-ac68-6600d84e28ea', 'Owner', 'Alia.Harvey1941@treble-spelt.info', 'At saepe quicquam et cum, perit erae chrysippe metu eum gravis idint nam.', '2020-11-03T23:00:15.000Z', '2020-05-21T16:43:01.000Z', 'Mihi bonum manilla ipsa et firmam salut est, et noster sicomnes contur nam mutatiuncul.', '2020-06-14T17:50:05.000Z', 'Omnia efficilla quae nihil ad chaere, nec voluptata recore ant depravatio prohibus non.', '2020-06-10T17:43:51.000Z', 'Ere os generta aliqua timum loqueret, falli negandum sed satur esse sum ante illud.', 'Ei quo habeat sane vos nullus voluptas magis, si praeteramput omnes interendum esse bonis medicia.', '2020-02-18T13:37:18.000Z', '2020-05-09T16:12:53.000Z', '{"Non":"Fugiendi praeteratur"}', '{"Polyaeno":"Sit haec ere"}', 't', '2020-08-16T19:27:25.000Z', '2020-12-28T23:21:29.000Z', DEFAULT, '2020-11-19T10:46:12.000Z', DEFAULT, DEFAULT, '2020-10-26T09:48:00.000Z', DEFAULT, DEFAULT, '2020-03-23T14:31:51.000Z', DEFAULT, '2020-05-05T16:57:54.000Z', DEFAULT, '2020-01-17T12:51:46.000Z', DEFAULT), ('e3e50e3f-9956-5d32-af37-9a8bc08e081b', '521fd837-0016-5862-b74b-a2618576eb01', 'bf424d7f-3c03-5160-ab28-b92b4af8d47b', 'Viewer', 'Craig.Schiller66142@paltry-billing.com', 'Non ositatur ad maximperspic opem, falsariae esse omnia solutilius praeclare ant.', '2020-06-06T05:43:39.000Z', '2020-07-07T06:44:13.000Z', 'Fectum re rebus numquam sit cibo ne, eorum esse sapiente est nihille temner desidit.', '2020-12-16T23:23:09.000Z', 'Iis voluitatque ne quanta saepe.', '2020-10-22T09:57:00.000Z', 'Sit ex ignavi error vim.', 'Ad aut verter quo eamque molesse et patiatistip, magnam dicer quia voluptates atione cum conectaren tum.', '2020-02-26T14:03:39.000Z', '2020-11-27T10:57:17.000Z', '{"Voluptatem":"Paene ex lictorqueantur"}', '{"Neque":"Quo variarem"}', 'f', '2020-07-15T06:55:46.000Z', '2020-06-14T05:17:41.000Z', DEFAULT, '2020-02-14T13:50:58.000Z', DEFAULT, DEFAULT, '2020-12-04T23:26:47.000Z', DEFAULT, DEFAULT, '2020-04-12T03:35:07.000Z', DEFAULT, '2020-04-12T03:54:06.000Z', DEFAULT, '2020-09-05T08:24:17.000Z', DEFAULT), ('b7d13cdd-307c-5cac-939a-690c29be5c0a', '1e1b0826-f219-5ba7-ad20-4a75084e05e1', '2eef9c2d-003a-5b12-9497-45c3bd43f8eb', 'Owner', 'Victoria.Jast76997@super-mall.info', 'Ratu quaestionem expeten int eorum meliustitur quae.', '2020-08-12T07:32:43.000Z', '2020-07-15T06:08:27.000Z', 'Sus et necesse alii epicitar ad.', '2020-06-10T05:20:11.000Z', 'Ea divituram non iniurias lat meque, offendit inum aequum es vituptates es copul.', '2020-04-28T15:47:30.000Z', 'Nec in pacto igentur arista nominorem aut delectamen, et quod hoc quantum nulla quibus quod.', 'Et suum doctrina autemus natoratiun aut ipsa, quibus solem sicultimum et nisi dicere vitae paulum.', '2020-03-15T14:19:43.000Z', '2020-02-18T13:39:17.000Z', '{"Sit":"Nos sanosophia delectram"}', '{"Nihillum":"Possum libro acceduntur"}', 'f', '2020-11-19T22:48:53.000Z', '2020-02-14T13:38:23.000Z', DEFAULT, '2020-09-17T08:49:38.000Z', DEFAULT, DEFAULT, '2020-06-14T05:29:56.000Z', DEFAULT, DEFAULT, '2020-09-21T08:33:52.000Z', DEFAULT, '2020-06-06T05:44:28.000Z', DEFAULT, '2020-11-07T22:17:20.000Z', DEFAULT), ('91181f0e-af80-55ed-bdd3-4a1b8720cc66', '97cba7f9-56f9-5a27-9f00-c434154b992b', 'c2afde89-e893-55b6-8788-d4adaa0ad3f8', 'Developer', 'Reilly_Crona54439@underchargerespect.biz', 'In tur de putariquam aliquem as, aliqua integris quid appetent conscientia incomplectit.', '2020-05-21T16:43:30.000Z', '2020-03-19T02:27:15.000Z', 'Statuam sed solum et ant maerortum quam omitur, consequat doctis tam vituptate discipio etis homintelleg.', '2020-04-16T16:07:21.000Z', 'Hic restatemus nec viventur est id ilii, non maioribus quaerimi partemperior maximumen epicipsa.', '2020-04-08T15:33:18.000Z', 'Quisquam entur sentiet acunt vidiae accuriosis, secuntur nihil plus se doctrina quae.', 'Obruamus graecum excelerar in disputanim nullam.', '2020-04-16T15:19:27.000Z', '2020-07-11T06:45:47.000Z', '{"Praeserirac":"Depravatum id"}', '{"Vel":"Te iis ne"}', 'f', '2020-04-16T15:58:57.000Z', '2020-07-11T06:45:40.000Z', DEFAULT, '2020-12-28T12:08:12.000Z', DEFAULT, DEFAULT, '2020-10-18T09:25:01.000Z', DEFAULT, DEFAULT, '2020-08-08T07:57:42.000Z', DEFAULT, '2020-04-28T03:54:29.000Z', DEFAULT, '2020-10-14T09:22:09.000Z', DEFAULT), ('262d1757-acb6-5a5f-a9b5-b94cded083d5', '1fc352a9-2d92-58d9-a2f1-bfc2703bc89a', '96c14a2d-66e4-5f1f-833e-7ea2bc293059', 'Admin', 'Marcelle.Steuber25060@concentraterest.info', 'Imis tentiam legendus ut latum, habuitur complexiones quia modum praetergo.', '2020-03-23T14:15:04.000Z', '2020-04-28T15:41:12.000Z', 'Ratione neque conter cyrenaicisne carita de sint graecum, verbis nec satista quanto inveniat doloribus corrupis.', '2020-04-16T15:53:22.000Z', 'Sinatore tractatibus omnesciunt nam et amputat rem contur, voluptatum iis metum rata probanimi quibus.', '2020-06-22T17:56:31.000Z', 'Si ipso evenim hortatem nomen nullam quo, iis stoicosopor quam torquem voluptatio et.', 'Refere confidem videnimos nihil sed se, potiorem sunt epicio statimi idit.', '2020-04-16T15:43:21.000Z', '2020-09-25T08:36:22.000Z', '{"Etiam":"Admonstruosi percipiat"}', '{"Anim":"A beate"}', 'f', '2020-05-25T17:05:14.000Z', '2020-02-14T01:48:46.000Z', DEFAULT, '2020-03-03T14:18:29.000Z', DEFAULT, DEFAULT, '2020-06-14T17:44:43.000Z', DEFAULT, DEFAULT, '2020-02-22T13:02:52.000Z', DEFAULT, '2020-01-25T12:59:22.000Z', DEFAULT, '2020-04-28T03:52:02.000Z', DEFAULT), ('05ce810a-2665-52b9-8610-e6e2d8ba13f6', '3f945661-7fb6-5aae-95b1-a84ffc0c9507', '2326e991-7884-5ec7-8eab-99ac1afac9b9', 'Viewer', 'Gloria_Wyman76669@lone-fishbone.com', 'Aginquam nostris et habeat consulat, fatenimi aperen regione libiditum qui.', '2020-05-25T04:11:52.000Z', '2020-12-08T11:22:40.000Z', 'Et praetorter non modi iditare ere facere, romanes et domo est capedonan.', '2020-08-24T19:39:05.000Z', 'Quae expeccandi e quae neglexeris.', '2020-07-19T06:27:17.000Z', 'Rem mediocritea solliciter it qui idque placet.', 'Avis sentiorestiae ant inter personae vero fuisse patriusque, ius maxime de habendus recordation ile quod dubit.', '2020-08-08T07:49:18.000Z', '2020-03-11T14:27:06.000Z', '{"Potest":"Ilius non"}', '{"Quae":"Civest sic pellatincor"}', 'f', '2020-05-25T16:15:50.000Z', '2020-12-16T11:40:37.000Z', DEFAULT, '2020-02-06T01:53:25.000Z', DEFAULT, DEFAULT, '2020-12-08T11:48:32.000Z', DEFAULT, DEFAULT, '2020-07-11T06:58:36.000Z', DEFAULT, '2020-12-12T11:53:36.000Z', DEFAULT, '2020-07-23T07:10:00.000Z', DEFAULT), ('be4902b0-4cac-5701-ba06-81131a9ff579', '769c1cce-880e-5940-9be9-850c6052010d', 'd3c6e175-77bd-576b-9fea-aa1adddadf58', 'Admin', 'Melany.Labadie99519@previousstepdaughter.net', 'Angatur secut claudicatque mentitudit quae.', '2020-06-06T17:49:57.000Z', '2020-08-08T19:56:53.000Z', 'Qua egant accuration quibusab atque de, apuditia defuteros mundus tam agatorem.', '2020-01-25T12:14:37.000Z', 'Nos viam nis conetura quidem, me nisi consequimus muniti nixamicit alest disputem.', '2020-08-04T19:33:44.000Z', 'Inquam rerum evenim it semeloquen, tractatemus cur libertimen tempus fugiens.', 'Ut caecat voluptatem sed cognitioque inest, in contra ali dolorum pleris si quosdam erire.', '2020-02-14T13:12:18.000Z', '2020-06-18T05:13:48.000Z', '{"Afficit":"Possimil iudicur conficiis"}', '{"Sibi":"Dixi placeatur detere"}', 't', '2020-09-13T20:32:05.000Z', '2020-11-15T10:25:51.000Z', DEFAULT, '2020-01-09T13:01:54.000Z', DEFAULT, DEFAULT, '2020-10-26T22:02:19.000Z', DEFAULT, DEFAULT, '2020-04-24T03:23:19.000Z', DEFAULT, '2020-09-09T09:00:21.000Z', DEFAULT, '2020-07-07T18:38:16.000Z', DEFAULT);
INSERT INTO public.persons (id,created_at,age,first_name,last_name) VALUES ('652dde17-ae31-58fb-bf07-76a946d1ffb1', DEFAULT, 45, 'Josiane', 'Lowe'), ('1fb7cc70-f678-534e-bdee-e047cb1b9166', DEFAULT, 243, 'Maudie', 'Bailey'), ('64a420ff-429c-52af-9c53-9b2803658db2', DEFAULT, 137, 'Teagan', 'Johnson'), ('a28ab298-65fe-56eb-a833-14fec76a0b56', DEFAULT, 113, 'Ophelia', 'Gulgowski'), ('521fd837-0016-5862-b74b-a2618576eb01', DEFAULT, 51, 'Oma', 'Turner'), ('1e1b0826-f219-5ba7-ad20-4a75084e05e1', DEFAULT, 32, 'Carmela', 'Medhurst'), ('97cba7f9-56f9-5a27-9f00-c434154b992b', DEFAULT, 114, 'Gaston', 'O''Reilly'), ('1fc352a9-2d92-58d9-a2f1-bfc2703bc89a', DEFAULT, 189, 'Deonte', 'Hilpert'), ('3f945661-7fb6-5aae-95b1-a84ffc0c9507', DEFAULT, 227, 'Keara', 'Kunze'), ('769c1cce-880e-5940-9be9-850c6052010d', DEFAULT, 205, 'Everette', 'Schumm');
INSERT INTO public.teams (id,created_at,coach_id,organization_id,city,country) VALUES (1, DEFAULT, NULL, NULL, 'Highland', 'Algeria'), (2, DEFAULT, NULL, NULL, 'Smyrna', 'Falkland Islands (Malvinas)'), (3, DEFAULT, NULL, NULL, 'Pine Bluff', 'Malawi'), (4, DEFAULT, NULL, NULL, 'Santa Ana', 'Spain'), (5, DEFAULT, NULL, NULL, 'Buffalo Grove', 'Malta'), (6, DEFAULT, NULL, NULL, 'Bonita Springs', 'Montserrat'), (7, DEFAULT, NULL, NULL, 'Rancho Santa Margarita', 'Venezuela'), (8, DEFAULT, NULL, NULL, 'Pico Rivera', 'Mexico'), (9, DEFAULT, NULL, NULL, 'Roanoke', 'Qatar'), (10, DEFAULT, NULL, NULL, 'Dale City', 'American Samoa');
SELECT setval('public.teams_id_seq'::regclass, (SELECT MAX("id") FROM "public"."teams"));
INSERT INTO public.players (player_id,user_id,weight,height,team_id) VALUES (1, NULL, 8.773953921981501, 10.119018833916334, NULL), (2, NULL, 11.056160291145927, 15.57672118469212, NULL), (3, NULL, 13.366949866903635, 8.092862849958866, NULL), (4, NULL, 1.5458642641644256, 7.271149654711956, NULL), (5, NULL, 14.02180745608109, 3.8508170879410586, NULL), (6, NULL, 14.935728472923284, 15.919652542718545, NULL), (7, NULL, 2.1596617492297914, 3.1951599103408204, NULL), (8, NULL, 13.706629408444865, 12.313551458686625, NULL), (9, NULL, 8.539457500617354, 15.835733875795704, NULL), (10, NULL, 1.537462369058389, 9.047113157545196, NULL);
SELECT setval('public.players_player_id_seq'::regclass, (SELECT MAX("player_id") FROM "public"."players"));
