INSERT INTO auth.users (instance_id,id,aud,role,email,encrypted_password,email_confirmed_at,invited_at,confirmation_token,confirmation_sent_at,recovery_token,recovery_sent_at,email_change_token_new,email_change,email_change_sent_at,last_sign_in_at,raw_app_meta_data,raw_user_meta_data,is_super_admin,created_at,updated_at,phone,phone_confirmed_at,phone_change,phone_change_token,phone_change_sent_at,email_change_token_current,email_change_confirm_status,banned_until,reauthentication_token,reauthentication_sent_at,is_sso_user,deleted_at,is_anonymous) VALUES ('737944e3-caf9-5e31-8ae9-5a1b360a293b', '0f5d546a-dd80-5406-a005-a4f3061b9fb4', '5e55b24a-6f54-5620-bb86-d04ea4c8f721', 'Developer', 'Alec.Bahringer49059@project-wave.net', 'Quamquam solen philos non endus.', '2020-03-27T02:27:02.000Z', '2020-02-18T13:29:01.000Z', 'Est paulo vacuit ingenii pellanturbul qui approbantis.', '2020-01-05T12:49:14.000Z', 'Quam gratia quidnam quibus et.', '2020-05-21T16:31:44.000Z', 'Se cum quia negat profectu.', 'Locis non etiam meo laudatque solum singulosit, loqueret vitae ocurae sunt tu inum eae.', '2020-06-22T05:44:10.000Z', '2020-06-26T05:09:30.000Z', '{"Summum":"Res doloresse"}', '{"Nihilius":"Quae necestias"}', 't', '2020-04-04T04:00:44.000Z', '2020-05-09T04:42:49.000Z', DEFAULT, '2020-02-10T13:45:12.000Z', DEFAULT, DEFAULT, '2020-02-22T01:33:17.000Z', DEFAULT, DEFAULT, '2020-10-06T22:00:21.000Z', DEFAULT, '2020-04-12T15:52:43.000Z', DEFAULT, '2020-03-11T14:42:16.000Z', DEFAULT), ('265b3899-64f8-5ba8-86d2-f393a60cf389', '5fef9e7c-116a-5504-a6ae-d16f4442d448', '1b7b35dc-5205-5534-9a52-6b105a06acd2', 'Admin', 'Annamarie_Brakus10291@tattoobell.com', 'Quibus tur cognita et etiam.', '2020-04-28T16:05:55.000Z', '2020-04-08T03:45:04.000Z', 'Quibus his inpenderum am quae prorsus aper.', '2020-12-12T11:50:56.000Z', 'Distrahi probab ut andi dictur proborum tria.', '2020-06-14T17:30:58.000Z', 'Inum incorpore bono impedit endum etitate quorum.', 'Et autem malitia sit neganimo cum nihilii.', '2020-06-10T18:07:09.000Z', '2020-05-05T04:55:21.000Z', '{"Sed":"Quod hostemeris anda"}', '{"Quadamicit":"Fugienterven turbamur"}', 't', '2020-12-04T11:47:53.000Z', '2020-03-03T02:37:14.000Z', DEFAULT, '2020-09-17T09:00:07.000Z', DEFAULT, DEFAULT, '2020-04-16T03:15:08.000Z', DEFAULT, DEFAULT, '2020-11-23T10:22:29.000Z', DEFAULT, '2020-01-21T00:09:26.000Z', DEFAULT, '2020-05-17T16:42:15.000Z', DEFAULT), ('1a52e9e4-0b60-55f6-8849-bee0c1611347', '5ac46069-d153-5b50-a0be-8a017d379243', '0d3a6d62-5616-58dd-a17a-82c2de85c1cc', 'Editor', 'Leanna_Quigley96822@attain-thermals.com', 'Fortas familita excruciantur fuisse vero iis ante ne.', '2020-11-11T11:11:07.000Z', '2020-05-13T16:44:25.000Z', 'Dolore ilii minarendum voluptate secum nunc ne ignoraret.', '2020-04-04T15:08:04.000Z', 'Sensuum per quid necest ad peranimus, locus repugi sapiendisplic multos et tant voluptation.', '2020-08-16T07:44:19.000Z', 'Quia autem quod puerillam cum quod, legam placetiam magna quarum entis et.', 'Accurrunt sunt utillud ea patiendi legitatque adhuc approbes, praeter cohaerest veniri parabunde nec quod iustitudit ut.', '2020-07-11T18:57:34.000Z', '2020-04-24T15:29:36.000Z', '{"Latur":"Am vare"}', '{"Disservata":"Imo constantia"}', 'f', '2020-05-05T04:11:04.000Z', '2020-09-05T20:47:49.000Z', DEFAULT, '2020-08-04T19:11:50.000Z', DEFAULT, DEFAULT, '2020-05-05T16:13:24.000Z', DEFAULT, DEFAULT, '2020-12-21T00:01:18.000Z', DEFAULT, '2020-10-26T09:16:32.000Z', DEFAULT, '2020-10-06T22:00:43.000Z', DEFAULT), ('909eba5a-bcb6-5ecf-8f8a-3b45ce238969', '5f2c632c-1003-5d3e-94f5-6085899aa359', '92643554-497e-50dd-a9f7-e35830243138', 'Owner', 'Christop.Sawayn48595@popularmobility.net', 'Pareat sedat qua a audittento, posset etsi iudicum volunt solum.', '2020-11-27T10:24:53.000Z', '2020-12-20T12:02:43.000Z', 'Inans famile lud pecundustriae non et defentur, iderent sit dolorum quae est.', '2020-06-02T17:30:05.000Z', 'Romanimi et quam rationem de voce iditus in.', '2020-02-18T01:44:45.000Z', 'En iuria esse splendore ipsos, gravis ari discipio sententia erius ubi rationem facilitus.', 'Quam et anesse genus corpus mediocritum.', '2020-03-27T14:41:36.000Z', '2020-07-23T06:08:28.000Z', '{"Pertingere":"Est et"}', '{"A":"Aut cere divinest"}', 'f', '2020-12-16T23:25:29.000Z', '2020-08-24T07:23:22.000Z', DEFAULT, '2020-01-01T12:22:30.000Z', DEFAULT, DEFAULT, '2020-06-14T17:44:37.000Z', DEFAULT, DEFAULT, '2020-08-28T19:10:57.000Z', DEFAULT, '2020-05-21T16:55:36.000Z', DEFAULT, '2020-12-21T00:13:05.000Z', DEFAULT), ('fce0523f-ec28-5268-84f3-3d31f14ab476', '71c8f57c-aae5-5ac8-8fc0-a1ff399b17b8', '3eee1e17-a66d-599d-aed6-1302c1c99eb1', 'Owner', 'Mozelle_Boyer81623@spectacularsweat.net', 'Utus tolere explicabo ne consilio aliquidem epicium rerum, quidem sane an m laudatticiam impeterum et entibusque.', '2020-05-13T17:01:18.000Z', '2020-05-09T16:06:35.000Z', 'Sed ei affecitiae qui ilit vitamusque.', '2020-03-07T02:29:23.000Z', 'Idita cum te possit ratio minimbutus, fallaramur enimisdem simos iucunt voluptatem ut dolorem.', '2020-03-07T02:35:19.000Z', 'Paene multis anim disputata quoddam alter, quo autem pervendis neque esse am ano.', 'Nusquam primis ceteretur iudicita cupiderat, summo quae nihil me ales.', '2020-12-20T23:12:43.000Z', '2020-07-03T06:48:48.000Z', '{"Primosit":"Depravatib ere depravat"}', '{"Autem":"Ideriora am"}', 'f', '2020-05-17T16:22:34.000Z', '2020-06-22T17:32:30.000Z', DEFAULT, '2020-03-23T02:10:46.000Z', DEFAULT, DEFAULT, '2020-08-28T07:34:44.000Z', DEFAULT, DEFAULT, '2020-11-03T10:50:49.000Z', DEFAULT, '2020-01-17T12:56:54.000Z', DEFAULT, '2020-07-15T06:28:09.000Z', DEFAULT), ('f9c326c1-d54b-5a71-974b-b06157c596f8', '815c84a1-9088-5e6f-b1ab-0853285c0e5d', '8772a07a-fa71-5fab-9dcd-fff2646efae7', 'Viewer', 'Julien.Kerluke72913@decent-sneeze.com', 'Perciplinam ad voluptate hoc adipsa modo.', '2020-04-12T04:04:29.000Z', '2020-03-23T02:17:53.000Z', 'Diceram sit iudicus provid afrantur mediocritum, per partemnentes te causamicur hominest accusatur gustari.', '2020-12-12T23:40:19.000Z', 'Carere cohaeresse corriger aut esse atius si.', '2020-11-11T11:01:27.000Z', 'Sane dolore ut sentantas praesen.', 'Nostri et non atibus utinter quae.', '2020-12-12T23:13:38.000Z', '2020-11-03T22:49:25.000Z', '{"Latur":"Rebus versionesse"}', '{"Tota":"Est magnam"}', 'f', '2020-07-07T18:10:11.000Z', '2020-12-05T00:13:03.000Z', DEFAULT, '2020-06-10T06:05:10.000Z', DEFAULT, DEFAULT, '2020-10-10T09:19:04.000Z', DEFAULT, DEFAULT, '2020-02-18T13:35:33.000Z', DEFAULT, '2020-03-11T14:36:33.000Z', DEFAULT, '2020-03-23T14:29:32.000Z', DEFAULT), ('7b252a4a-c4b4-5b8e-a335-ebc1a9c20447', 'f14ee7a7-b3f9-561d-8cf7-983293f0008f', '86d4b851-0b53-528b-b73f-6bb26292219e', 'Editor', 'Amelie.McLaughlin4801@squigglypeacoat.info', 'Sitne et conspecta saepe extremum quieti, civit si sentior virtutemol estias.', '2020-02-06T01:18:55.000Z', '2020-05-01T05:07:52.000Z', 'Te parte tem artibiqui iliustitiam autem spe, si sine iudicet dicas quod non vidiae quia.', '2020-04-08T15:31:34.000Z', 'Epicissius quam dolore amargumen vivere non quaeque, erritudin aut neque invident et dolorista bonoresset genii.', '2020-08-12T19:43:04.000Z', 'Metu tener flagitudit tum totelectat omnino cyrenaicosten esse, doloratio possumus qua omne non falli possim.', 'Dissermone vivenime facilla quidem im venistunt quam.', '2020-09-09T08:37:44.000Z', '2020-07-03T18:38:26.000Z', '{"Voluperen":"Etudo aut"}', '{"Debet":"Haec eli"}', 'f', '2020-01-25T13:03:34.000Z', '2020-11-03T22:49:05.000Z', DEFAULT, '2020-12-20T11:38:36.000Z', DEFAULT, DEFAULT, '2020-08-16T19:42:13.000Z', DEFAULT, DEFAULT, '2020-12-12T23:40:19.000Z', DEFAULT, '2020-12-20T11:46:52.000Z', DEFAULT, '2020-02-02T13:28:46.000Z', DEFAULT), ('f5c0e433-75ef-5166-9a55-1ecd8ba3e765', 'e4153ca5-d012-5995-bad4-086731587974', 'f9027f59-3341-5143-8fe9-df9d86f7570b', 'Developer', 'Vada_Nicolas46208@say-mean.net', 'Contra vel magnos numquamquam ego iderare inem.', '2020-09-09T08:19:27.000Z', '2020-12-20T11:35:06.000Z', 'Quam esset cetere nostrum qui.', '2020-12-12T23:40:40.000Z', 'Ut quia scribi posid fallare sic diceren.', '2020-05-21T04:51:46.000Z', 'Multi cum et non quem.', 'Serito hae et virtutem atum nec in ime, quia legere itia declinam veterab sapientium norat.', '2020-11-15T23:01:37.000Z', '2020-06-22T05:53:01.000Z', '{"Moveat":"Est verterista"}', '{"Indivinum":"Sentias iis desid"}', 'f', '2020-12-16T11:53:54.000Z', '2020-09-25T08:11:12.000Z', DEFAULT, '2020-02-18T13:22:16.000Z', DEFAULT, DEFAULT, '2020-08-08T07:41:44.000Z', DEFAULT, DEFAULT, '2020-12-04T23:26:19.000Z', DEFAULT, '2020-09-09T08:34:56.000Z', DEFAULT, '2020-06-22T05:40:40.000Z', DEFAULT), ('293d6140-f494-5662-99dd-5e88cd45908b', '8bb5337a-4ae8-5fe9-834c-d09e97c220b7', '977dcc5b-7b9a-57ef-be4a-9c008d3468a4', 'Admin', 'Princess_Mills19974@disbarvestment.info', 'Cum scriptorquatis et procedonan percipito et.', '2020-01-05T00:53:33.000Z', '2020-02-06T01:39:53.000Z', 'Sic de earum appetuisti scientia.', '2020-02-18T13:46:44.000Z', 'Tum sublatindig praeteret quidem si natur am.', '2020-01-01T00:22:16.000Z', 'Nec habet omi ad sectet huic non, ad nullo triario scilicur quarum.', 'Quam ego minarendi ab dolorum nam.', '2020-08-12T07:58:14.000Z', '2020-11-23T10:55:28.000Z', '{"Iucunt":"Nihil am"}', '{"Meo":"Cui singulosop"}', 'f', '2020-05-09T04:25:35.000Z', '2020-12-24T11:35:24.000Z', DEFAULT, '2020-06-26T05:11:43.000Z', DEFAULT, DEFAULT, '2020-07-23T18:20:49.000Z', DEFAULT, DEFAULT, '2020-12-24T11:47:03.000Z', DEFAULT, '2020-03-07T14:30:53.000Z', DEFAULT, '2020-09-13T09:12:04.000Z', DEFAULT), ('bff3d01b-37bf-56a1-ba8c-4296d3ea357b', 'b36ab93a-34cf-5d2f-8309-1f65466da6f0', '94de5767-573b-5d0c-a789-aec03ca62f17', 'Owner', 'Arthur.Little41425@highlightstroke.info', 'Fore temperan expeten aut dubit arbitrium, ete legi esset eri de bonore multo.', '2020-10-10T21:23:36.000Z', '2020-09-05T20:51:32.000Z', 'Feratomni ab physiciscuntur nasci munere defentibi abillis.', '2020-01-25T00:17:46.000Z', 'Extremum amicur sive suscepi iudicanim numquam.', '2020-06-06T05:45:03.000Z', 'Quam non et vacillae nomintelleg.', 'Nam discorporro est ipsis quia effici, hominem aut voluptates quae liberis nam.', '2020-09-05T09:04:42.000Z', '2020-11-15T22:49:37.000Z', '{"Intellegim":"Nostris sic eo"}', '{"Motum":"Dis voluptatem in"}', 'f', '2020-10-22T21:20:12.000Z', '2020-03-11T14:05:12.000Z', DEFAULT, '2020-10-14T21:48:50.000Z', DEFAULT, DEFAULT, '2020-05-17T16:25:15.000Z', DEFAULT, DEFAULT, '2020-11-27T22:25:36.000Z', DEFAULT, '2020-08-12T07:10:41.000Z', DEFAULT, '2020-09-21T20:36:05.000Z', DEFAULT);
INSERT INTO auth.users (instance_id,id,aud,role,email,encrypted_password,email_confirmed_at,invited_at,confirmation_token,confirmation_sent_at,recovery_token,recovery_sent_at,email_change_token_new,email_change,email_change_sent_at,last_sign_in_at,raw_app_meta_data,raw_user_meta_data,is_super_admin,created_at,updated_at,phone,phone_confirmed_at,phone_change,phone_change_token,phone_change_sent_at,email_change_token_current,email_change_confirm_status,banned_until,reauthentication_token,reauthentication_sent_at,is_sso_user,deleted_at,is_anonymous) VALUES ('d6bacbe4-d7a4-5a5f-9b43-1c0b36aa7b36', '652dde17-ae31-58fb-bf07-76a946d1ffb1', 'afe25d33-e9cc-57e3-b6f2-209c188cef95', 'Owner', 'Lindsay_Bauch67693@jam-nature.org', 'Fuisse voluptat et viden nec statuamus.', '2020-02-18T13:52:33.000Z', '2020-03-03T15:00:11.000Z', 'Aiebationi quem eam it temnentes scribentiam cyrenaicis.', '2020-05-17T04:36:54.000Z', 'Sed efflorest et confirmater quidem est a mihi, am voluptas nec modis tere ut valet.', '2020-12-28T23:59:14.000Z', 'Quod equos tua adiunt fugientia uto.', 'Ipsa tum is viti est et quidemus ea, superiusto consuevit suapte clariora ius convincertae possit.', '2020-03-15T02:07:50.000Z', '2020-11-23T10:25:32.000Z', '{"Ine":"Itartes escenses"}', '{"Disciplinguam":"Iudicitia rerum primum"}', 't', '2020-02-22T01:40:02.000Z', '2020-05-05T04:53:42.000Z', DEFAULT, '2020-09-09T08:23:24.000Z', DEFAULT, DEFAULT, '2020-07-15T18:29:33.000Z', DEFAULT, DEFAULT, '2020-11-27T10:35:02.000Z', DEFAULT, '2020-05-05T16:10:08.000Z', DEFAULT, '2020-07-19T06:44:25.000Z', DEFAULT), ('87d1aea7-1092-5642-991f-f381083ca26d', '1fb7cc70-f678-534e-bdee-e047cb1b9166', '35060f20-5fbd-5583-a890-6dfec1695e24', 'Developer', 'Raven.Koss17917@lively-joy.biz', 'De autem qui quae im, commodo undum epicusdam dicta carerit.', '2020-02-22T01:41:05.000Z', '2020-07-07T18:31:38.000Z', 'Quanta seditaque nunc deser suspicatus primo intellegan nobis.', '2020-01-05T00:36:11.000Z', 'Sum iliaritur theophrasti poris nomingenus si malis ingenus, cum voluptatem incurrunt et nec statueristot enimpendet dolorista.', '2020-09-01T08:16:17.000Z', 'Non vocet vestra in salut am imis.', 'Quamquam cum homintelleg a ab torqueantur ut verteristip.', '2020-05-05T16:23:53.000Z', '2020-10-10T09:54:57.000Z', '{"Expetenim":"A depravatio"}', '{"Quae":"Ilisdem etiam suum"}', 'f', '2020-07-23T18:57:39.000Z', '2020-01-21T12:52:53.000Z', DEFAULT, '2020-06-14T05:18:38.000Z', DEFAULT, DEFAULT, '2020-07-23T18:20:49.000Z', DEFAULT, DEFAULT, '2020-02-14T13:05:46.000Z', DEFAULT, '2020-09-25T20:10:58.000Z', DEFAULT, '2020-12-04T23:17:28.000Z', DEFAULT), ('c864a53d-5ad0-5139-9e1e-404ba2b473bc', '64a420ff-429c-52af-9c53-9b2803658db2', '78894255-fb70-5ef9-8e6b-c5b7f43ef7ff', 'Editor', 'Dasia.Brown59749@welldocumentedlocality.biz', 'Memoribus metu doloram qui de quam nec.', '2020-10-10T09:31:46.000Z', '2020-08-24T07:57:29.000Z', 'Vellem pensa expeterit quippiam non magisse quoque vituptate, odia eo huic orata et est venire illam.', '2020-04-12T03:17:03.000Z', 'In tantoperib ine atibus dolorem venire et praeterno, tum quidem aret filio ratione deinde.', '2020-05-25T16:13:37.000Z', 'Legamur nos atemus ocritudin satis, fectricest statu sin de putassiden dolorate quae.', 'Potesse permandarum cupid monstruosi gessisse, non is res democtavis in causam sunt.', '2020-06-10T17:25:40.000Z', '2020-08-08T07:50:56.000Z', '{"Ipsum":"Consentiunt causam epiculis"}', '{"Es":"Aut haeret istrari"}', 't', '2020-10-02T09:49:14.000Z', '2020-05-21T04:06:19.000Z', DEFAULT, '2020-09-05T08:51:11.000Z', DEFAULT, DEFAULT, '2020-09-17T08:38:06.000Z', DEFAULT, DEFAULT, '2020-12-20T23:34:17.000Z', DEFAULT, '2020-02-02T13:26:33.000Z', DEFAULT, '2020-08-24T07:31:31.000Z', DEFAULT), ('ff1c23cf-cd33-522a-8ae5-57771a013a0a', 'a28ab298-65fe-56eb-a833-14fec76a0b56', '62ce4245-8786-5e82-ac68-6600d84e28ea', 'Owner', 'Alia.Harvey1941@treble-spelt.info', 'At saepe quicquam et cum, perit erae chrysippe metu eum gravis idint nam.', '2020-11-03T23:00:15.000Z', '2020-05-21T16:43:01.000Z', 'Mihi bonum manilla ipsa et firmam salut est, et noster sicomnes contur nam mutatiuncul.', '2020-06-14T17:50:05.000Z', 'Omnia efficilla quae nihil ad chaere, nec voluptata recore ant depravatio prohibus non.', '2020-06-10T17:43:51.000Z', 'Ere os generta aliqua timum loqueret, falli negandum sed satur esse sum ante illud.', 'Ei quo habeat sane vos nullus voluptas magis, si praeteramput omnes interendum esse bonis medicia.', '2020-02-18T13:37:18.000Z', '2020-05-09T16:12:53.000Z', '{"Non":"Fugiendi praeteratur"}', '{"Polyaeno":"Sit haec ere"}', 't', '2020-08-16T19:27:25.000Z', '2020-12-28T23:21:29.000Z', DEFAULT, '2020-11-19T10:46:12.000Z', DEFAULT, DEFAULT, '2020-10-26T09:48:00.000Z', DEFAULT, DEFAULT, '2020-03-23T14:31:51.000Z', DEFAULT, '2020-05-05T16:57:54.000Z', DEFAULT, '2020-01-17T12:51:46.000Z', DEFAULT), ('e3e50e3f-9956-5d32-af37-9a8bc08e081b', '521fd837-0016-5862-b74b-a2618576eb01', 'bf424d7f-3c03-5160-ab28-b92b4af8d47b', 'Viewer', 'Craig.Schiller66142@paltry-billing.com', 'Non ositatur ad maximperspic opem, falsariae esse omnia solutilius praeclare ant.', '2020-06-06T05:43:39.000Z', '2020-07-07T06:44:13.000Z', 'Fectum re rebus numquam sit cibo ne, eorum esse sapiente est nihille temner desidit.', '2020-12-16T23:23:09.000Z', 'Iis voluitatque ne quanta saepe.', '2020-10-22T09:57:00.000Z', 'Sit ex ignavi error vim.', 'Ad aut verter quo eamque molesse et patiatistip, magnam dicer quia voluptates atione cum conectaren tum.', '2020-02-26T14:03:39.000Z', '2020-11-27T10:57:17.000Z', '{"Voluptatem":"Paene ex lictorqueantur"}', '{"Neque":"Quo variarem"}', 'f', '2020-07-15T06:55:46.000Z', '2020-06-14T05:17:41.000Z', DEFAULT, '2020-02-14T13:50:58.000Z', DEFAULT, DEFAULT, '2020-12-04T23:26:47.000Z', DEFAULT, DEFAULT, '2020-04-12T03:35:07.000Z', DEFAULT, '2020-04-12T03:54:06.000Z', DEFAULT, '2020-09-05T08:24:17.000Z', DEFAULT), ('b7d13cdd-307c-5cac-939a-690c29be5c0a', '1e1b0826-f219-5ba7-ad20-4a75084e05e1', '2eef9c2d-003a-5b12-9497-45c3bd43f8eb', 'Owner', 'Victoria.Jast76997@super-mall.info', 'Ratu quaestionem expeten int eorum meliustitur quae.', '2020-08-12T07:32:43.000Z', '2020-07-15T06:08:27.000Z', 'Sus et necesse alii epicitar ad.', '2020-06-10T05:20:11.000Z', 'Ea divituram non iniurias lat meque, offendit inum aequum es vituptates es copul.', '2020-04-28T15:47:30.000Z', 'Nec in pacto igentur arista nominorem aut delectamen, et quod hoc quantum nulla quibus quod.', 'Et suum doctrina autemus natoratiun aut ipsa, quibus solem sicultimum et nisi dicere vitae paulum.', '2020-03-15T14:19:43.000Z', '2020-02-18T13:39:17.000Z', '{"Sit":"Nos sanosophia delectram"}', '{"Nihillum":"Possum libro acceduntur"}', 'f', '2020-11-19T22:48:53.000Z', '2020-02-14T13:38:23.000Z', DEFAULT, '2020-09-17T08:49:38.000Z', DEFAULT, DEFAULT, '2020-06-14T05:29:56.000Z', DEFAULT, DEFAULT, '2020-09-21T08:33:52.000Z', DEFAULT, '2020-06-06T05:44:28.000Z', DEFAULT, '2020-11-07T22:17:20.000Z', DEFAULT), ('91181f0e-af80-55ed-bdd3-4a1b8720cc66', '97cba7f9-56f9-5a27-9f00-c434154b992b', 'c2afde89-e893-55b6-8788-d4adaa0ad3f8', 'Developer', 'Reilly_Crona54439@underchargerespect.biz', 'In tur de putariquam aliquem as, aliqua integris quid appetent conscientia incomplectit.', '2020-05-21T16:43:30.000Z', '2020-03-19T02:27:15.000Z', 'Statuam sed solum et ant maerortum quam omitur, consequat doctis tam vituptate discipio etis homintelleg.', '2020-04-16T16:07:21.000Z', 'Hic restatemus nec viventur est id ilii, non maioribus quaerimi partemperior maximumen epicipsa.', '2020-04-08T15:33:18.000Z', 'Quisquam entur sentiet acunt vidiae accuriosis, secuntur nihil plus se doctrina quae.', 'Obruamus graecum excelerar in disputanim nullam.', '2020-04-16T15:19:27.000Z', '2020-07-11T06:45:47.000Z', '{"Praeserirac":"Depravatum id"}', '{"Vel":"Te iis ne"}', 'f', '2020-04-16T15:58:57.000Z', '2020-07-11T06:45:40.000Z', DEFAULT, '2020-12-28T12:08:12.000Z', DEFAULT, DEFAULT, '2020-10-18T09:25:01.000Z', DEFAULT, DEFAULT, '2020-08-08T07:57:42.000Z', DEFAULT, '2020-04-28T03:54:29.000Z', DEFAULT, '2020-10-14T09:22:09.000Z', DEFAULT), ('262d1757-acb6-5a5f-a9b5-b94cded083d5', '1fc352a9-2d92-58d9-a2f1-bfc2703bc89a', '96c14a2d-66e4-5f1f-833e-7ea2bc293059', 'Admin', 'Marcelle.Steuber25060@concentraterest.info', 'Imis tentiam legendus ut latum, habuitur complexiones quia modum praetergo.', '2020-03-23T14:15:04.000Z', '2020-04-28T15:41:12.000Z', 'Ratione neque conter cyrenaicisne carita de sint graecum, verbis nec satista quanto inveniat doloribus corrupis.', '2020-04-16T15:53:22.000Z', 'Sinatore tractatibus omnesciunt nam et amputat rem contur, voluptatum iis metum rata probanimi quibus.', '2020-06-22T17:56:31.000Z', 'Si ipso evenim hortatem nomen nullam quo, iis stoicosopor quam torquem voluptatio et.', 'Refere confidem videnimos nihil sed se, potiorem sunt epicio statimi idit.', '2020-04-16T15:43:21.000Z', '2020-09-25T08:36:22.000Z', '{"Etiam":"Admonstruosi percipiat"}', '{"Anim":"A beate"}', 'f', '2020-05-25T17:05:14.000Z', '2020-02-14T01:48:46.000Z', DEFAULT, '2020-03-03T14:18:29.000Z', DEFAULT, DEFAULT, '2020-06-14T17:44:43.000Z', DEFAULT, DEFAULT, '2020-02-22T13:02:52.000Z', DEFAULT, '2020-01-25T12:59:22.000Z', DEFAULT, '2020-04-28T03:52:02.000Z', DEFAULT), ('05ce810a-2665-52b9-8610-e6e2d8ba13f6', '3f945661-7fb6-5aae-95b1-a84ffc0c9507', '2326e991-7884-5ec7-8eab-99ac1afac9b9', 'Viewer', 'Gloria_Wyman76669@lone-fishbone.com', 'Aginquam nostris et habeat consulat, fatenimi aperen regione libiditum qui.', '2020-05-25T04:11:52.000Z', '2020-12-08T11:22:40.000Z', 'Et praetorter non modi iditare ere facere, romanes et domo est capedonan.', '2020-08-24T19:39:05.000Z', 'Quae expeccandi e quae neglexeris.', '2020-07-19T06:27:17.000Z', 'Rem mediocritea solliciter it qui idque placet.', 'Avis sentiorestiae ant inter personae vero fuisse patriusque, ius maxime de habendus recordation ile quod dubit.', '2020-08-08T07:49:18.000Z', '2020-03-11T14:27:06.000Z', '{"Potest":"Ilius non"}', '{"Quae":"Civest sic pellatincor"}', 'f', '2020-05-25T16:15:50.000Z', '2020-12-16T11:40:37.000Z', DEFAULT, '2020-02-06T01:53:25.000Z', DEFAULT, DEFAULT, '2020-12-08T11:48:32.000Z', DEFAULT, DEFAULT, '2020-07-11T06:58:36.000Z', DEFAULT, '2020-12-12T11:53:36.000Z', DEFAULT, '2020-07-23T07:10:00.000Z', DEFAULT), ('be4902b0-4cac-5701-ba06-81131a9ff579', '769c1cce-880e-5940-9be9-850c6052010d', 'd3c6e175-77bd-576b-9fea-aa1adddadf58', 'Admin', 'Melany.Labadie99519@previousstepdaughter.net', 'Angatur secut claudicatque mentitudit quae.', '2020-06-06T17:49:57.000Z', '2020-08-08T19:56:53.000Z', 'Qua egant accuration quibusab atque de, apuditia defuteros mundus tam agatorem.', '2020-01-25T12:14:37.000Z', 'Nos viam nis conetura quidem, me nisi consequimus muniti nixamicit alest disputem.', '2020-08-04T19:33:44.000Z', 'Inquam rerum evenim it semeloquen, tractatemus cur libertimen tempus fugiens.', 'Ut caecat voluptatem sed cognitioque inest, in contra ali dolorum pleris si quosdam erire.', '2020-02-14T13:12:18.000Z', '2020-06-18T05:13:48.000Z', '{"Afficit":"Possimil iudicur conficiis"}', '{"Sibi":"Dixi placeatur detere"}', 't', '2020-09-13T20:32:05.000Z', '2020-11-15T10:25:51.000Z', DEFAULT, '2020-01-09T13:01:54.000Z', DEFAULT, DEFAULT, '2020-10-26T22:02:19.000Z', DEFAULT, DEFAULT, '2020-04-24T03:23:19.000Z', DEFAULT, '2020-09-09T09:00:21.000Z', DEFAULT, '2020-07-07T18:38:16.000Z', DEFAULT);
INSERT INTO public.persons (id,created_at,age,first_name,last_name,user_type) VALUES ('652dde17-ae31-58fb-bf07-76a946d1ffb1', DEFAULT, 45, 'Josiane', 'Lowe', 'manager'), ('1fb7cc70-f678-534e-bdee-e047cb1b9166', DEFAULT, 243, 'Maudie', 'Bailey', 'player'), ('64a420ff-429c-52af-9c53-9b2803658db2', DEFAULT, 137, 'Teagan', 'Johnson', 'coach'), ('a28ab298-65fe-56eb-a833-14fec76a0b56', DEFAULT, 113, 'Ophelia', 'Gulgowski', 'player'), ('521fd837-0016-5862-b74b-a2618576eb01', DEFAULT, 51, 'Oma', 'Turner', 'manager'), ('1e1b0826-f219-5ba7-ad20-4a75084e05e1', DEFAULT, 32, 'Carmela', 'Medhurst', 'coach'), ('97cba7f9-56f9-5a27-9f00-c434154b992b', DEFAULT, 114, 'Gaston', 'O''Reilly', 'player'), ('1fc352a9-2d92-58d9-a2f1-bfc2703bc89a', DEFAULT, 189, 'Deonte', 'Hilpert', 'manager'), ('3f945661-7fb6-5aae-95b1-a84ffc0c9507', DEFAULT, 227, 'Keara', 'Kunze', 'player'), ('769c1cce-880e-5940-9be9-850c6052010d', DEFAULT, 205, 'Everette', 'Schumm', 'coach');
INSERT INTO auth.users (instance_id,id,aud,role,email,encrypted_password,email_confirmed_at,invited_at,confirmation_token,confirmation_sent_at,recovery_token,recovery_sent_at,email_change_token_new,email_change,email_change_sent_at,last_sign_in_at,raw_app_meta_data,raw_user_meta_data,is_super_admin,created_at,updated_at,phone,phone_confirmed_at,phone_change,phone_change_token,phone_change_sent_at,email_change_token_current,email_change_confirm_status,banned_until,reauthentication_token,reauthentication_sent_at,is_sso_user,deleted_at,is_anonymous) VALUES ('4d713765-a1be-54f9-8604-3965c961e85e', '05f2ed79-9402-5f23-b4da-62313b5ba6cc', '29a56d97-f130-5318-ba28-b149390d1776', 'Editor', 'Elmira.Adams47447@filthy-yin.biz', 'De a enimpedien concedere victi.', '2020-07-15T06:53:33.000Z', '2020-07-27T06:53:59.000Z', 'Genus evennius est saepe es sequatur it arum, ere voluptate voluptat amicur quod potest et.', '2020-07-03T18:15:15.000Z', 'Contineant benivi suis en tantum declinam am pariterit, es illo utione referit voluptate et magisque modo.', '2020-10-22T09:26:57.000Z', 'Is gaudera omnem quae loquuntur, voluptatis inem iis quae nasci latinum.', 'In a me reque quo maximus de est.', '2020-06-18T17:35:14.000Z', '2020-06-10T05:23:34.000Z', '{"Gravis":"Quod paulo"}', '{"Aut":"Iudicita dem mi"}', 't', '2020-06-10T05:35:13.000Z', '2020-01-05T00:36:47.000Z', DEFAULT, '2020-09-09T08:48:55.000Z', DEFAULT, DEFAULT, '2020-03-15T14:28:42.000Z', DEFAULT, DEFAULT, '2020-12-16T23:29:40.000Z', DEFAULT, '2020-01-25T00:40:15.000Z', DEFAULT, '2020-08-20T19:37:30.000Z', DEFAULT), ('3684dc33-b430-57f1-be68-6d6a3634feb8', '84d6c671-9451-5884-a9d8-790727f2e868', 'ef99539f-29ba-58c5-852b-56850f346d29', 'Owner', 'Abe_Bernier87112@caring-enclosure.org', 'Morate ere perante quis torquem.', '2020-08-04T19:20:55.000Z', '2020-05-01T16:50:16.000Z', 'Scripserueris cognitatom graeci levit magnis.', '2020-10-14T09:34:23.000Z', 'Epicorat audiam dicta inem secunturma curri est am, propriae constringener in nec dici acuta intera.', '2020-02-22T01:08:07.000Z', 'In est effugienum neque aut, natur vestigant modo in non.', 'Redeam eoque voluptatum faciant qui.', '2020-06-26T06:06:01.000Z', '2020-06-02T17:31:50.000Z', '{"Requirerar":"De mone"}', '{"Me":"Ens viveniet"}', 't', '2020-05-13T04:35:19.000Z', '2020-01-17T12:50:58.000Z', DEFAULT, '2020-02-26T13:53:10.000Z', DEFAULT, DEFAULT, '2020-04-12T15:19:23.000Z', DEFAULT, DEFAULT, '2020-06-02T17:53:16.000Z', DEFAULT, '2020-10-06T21:25:04.000Z', DEFAULT, '2020-07-27T06:29:45.000Z', DEFAULT), ('36ca3393-0744-53d8-9774-1ae3e2d8db4a', 'dc897fff-b899-5a2c-a48d-3e8ee658db63', '4578def5-4962-51e0-b0de-85d02053ca19', 'Developer', 'Zola.Strosin64730@shieldcloth.net', 'Posuit odioque causam etent non.', '2020-12-28T12:15:12.000Z', '2020-01-05T00:06:01.000Z', 'Dam tu sciscat malunt dem homerum.', '2020-12-04T23:26:40.000Z', 'Eos vestra haec ne fatem maliver, patria et obcaecati et sed perspiciat.', '2020-08-24T07:58:32.000Z', 'Deser ipsius habet haec et quis libro, nullam depravatam imos cum omnium idinter etiam conscientia.', 'At ilem graeci se causa unde ut timum, eturo temporis quaeque is via a.', '2020-12-28T11:27:40.000Z', '2020-11-11T10:46:24.000Z', '{"Declinamic":"Una ruinae d"}', '{"Sollicita":"Intereantur inprobavoc"}', 'f', '2020-08-16T19:43:08.000Z', '2020-11-11T10:42:06.000Z', DEFAULT, '2020-01-01T12:48:50.000Z', DEFAULT, DEFAULT, '2020-09-01T08:08:49.000Z', DEFAULT, DEFAULT, '2020-04-04T03:53:45.000Z', DEFAULT, '2020-04-20T03:03:47.000Z', DEFAULT, '2020-05-09T16:50:38.000Z', DEFAULT), ('f8c0a00b-fa09-5154-8baa-38325447b4bc', 'b5ffa053-1ccc-5770-9c4a-864b0707f846', '8c7cb7e6-4be1-5094-ac4d-67166fcf7e0f', 'Owner', 'Baylee.Champlin11512@lacerateshop.net', 'Detrimenim sed certissimis si habet pendeniquer atis ultimo.', '2020-02-26T01:37:47.000Z', '2020-12-09T00:01:07.000Z', 'Consent et fruenda itur sin, vivenimus sunt in frequenter horres.', '2020-03-03T14:09:37.000Z', 'Conveniatur ne qui vias et sine.', '2020-08-16T07:54:20.000Z', 'Qui timum firmat non parabore, quod sit vivent consententia his consilio.', 'Tellegante qui bonum extremum voluptate sunt nec studiis.', '2020-04-20T03:29:05.000Z', '2020-03-27T14:32:51.000Z', '{"Respirarum":"Etiam haec"}', '{"Rem":"Ego etsi antur"}', 'f', '2020-03-27T02:35:18.000Z', '2020-08-20T19:45:18.000Z', DEFAULT, '2020-06-06T05:33:45.000Z', DEFAULT, DEFAULT, '2020-10-10T22:06:36.000Z', DEFAULT, DEFAULT, '2020-11-15T22:34:07.000Z', DEFAULT, '2020-10-10T21:42:36.000Z', DEFAULT, '2020-05-21T05:02:36.000Z', DEFAULT), ('853caa5d-0203-591c-a1d1-f016bf5c295d', 'f5c9411b-04a7-586e-9da8-71a478d9cbcd', '166772f4-a843-5530-a213-fc059c0b62f6', 'Owner', 'Karlee.Zieme45435@tightwashtub.org', 'Cupidem igiterror summo totelis quid, eor dolorem ut nec sine ophorum.', '2020-07-07T18:43:03.000Z', '2020-02-26T13:45:00.000Z', 'Eo quamquam hausta fugientiam de motu.', '2020-01-17T12:21:08.000Z', 'Ut sed ut tendiscipes forte dum convicia, copullius eria stabilem ut modo erimum et.', '2020-09-13T08:34:39.000Z', 'Ac loco evernatur quaerens nos dicet.', 'Atigent aut affirmare lique dissententiae inione endit ii.', '2020-02-18T01:31:07.000Z', '2020-06-10T17:31:23.000Z', '{"Vitae":"Ne horum"}', '{"Cumque":"Maerornam cum"}', 'f', '2020-08-08T08:09:35.000Z', '2020-02-18T01:47:26.000Z', DEFAULT, '2020-09-21T20:18:08.000Z', DEFAULT, DEFAULT, '2020-01-17T00:21:29.000Z', DEFAULT, DEFAULT, '2020-08-24T08:07:45.000Z', DEFAULT, '2020-02-22T13:17:33.000Z', DEFAULT, '2020-02-18T13:04:47.000Z', DEFAULT), ('1ffb2826-035b-580d-bb9d-bff84981b282', '58760a27-e49d-5a03-bf4a-b743b693fc17', 'eeb9f3c6-74e9-57c4-b513-5127b28c9f6e', 'Admin', 'Ophelia.Berge67349@nearmule.com', 'Ignoratom comprehendum huic ut per quidam, fortunt physicisset nes monstret docensionib.', '2020-12-04T23:48:35.000Z', '2020-07-27T06:50:22.000Z', 'Fugiendiscip singulisque voluptatem sunt inquit mihi at, praeclaranim pertinerror alii poteste perant sicul suo in.', '2020-05-21T04:23:41.000Z', 'Mihi aliquando roman se aut litia conecta it.', '2020-03-27T02:30:52.000Z', 'Inius omnesciunt fabelli et cordans deinde eum.', 'Voluptatum id potesse non expetit, quae tuemur detractis quia pluribus bonum quidem tur.', '2020-12-12T23:21:20.000Z', '2020-07-19T06:46:30.000Z', '{"Es":"Ego velimper"}', '{"Degenterven":"Sanos nam versane"}', 't', '2020-06-06T18:09:25.000Z', '2020-04-20T03:31:52.000Z', DEFAULT, '2020-10-18T09:23:30.000Z', DEFAULT, DEFAULT, '2020-10-18T21:29:27.000Z', DEFAULT, DEFAULT, '2020-12-08T11:14:58.000Z', DEFAULT, '2020-07-11T18:46:15.000Z', DEFAULT, '2020-04-04T15:54:13.000Z', DEFAULT), ('6a785d94-7afe-5ab0-ae62-b1b31ae60133', 'a31e71be-be7e-5365-a327-aaa3dc599992', '88a0d49d-3b87-59ae-84d8-085464f30c9a', 'Editor', 'Eve_Casper40486@whoppingleader.org', 'Est tranquillitter cum in pacto efaccomplex declinis, quod et geomet solum gauderipsa.', '2020-09-05T21:10:25.000Z', '2020-12-17T00:13:22.000Z', 'Fallaran entiam suis iis longinquit.', '2020-01-09T12:03:38.000Z', 'Quosvis iis misere autem laborisse texit est proposoptar, certe ad artes horrespirar neque tamenti nobisque.', '2020-07-07T18:45:30.000Z', 'Quidem profectam qui sine de tempertinctio recorteat, inlibid im iucundustriae rebus expetentaeq efficerav.', 'Viven quod us maxim abo diutura serenimum ullus.', '2020-12-12T11:37:18.000Z', '2020-09-25T20:09:27.000Z', '{"Voluptate":"Et quod prima"}', '{"Vivent":"Ipse sum habet"}', 't', '2020-05-21T16:30:12.000Z', '2020-11-03T10:25:04.000Z', DEFAULT, '2020-10-26T10:07:06.000Z', DEFAULT, DEFAULT, '2020-03-23T02:18:06.000Z', DEFAULT, DEFAULT, '2020-01-09T00:00:29.000Z', DEFAULT, '2020-02-02T13:52:18.000Z', DEFAULT, '2020-10-14T21:53:51.000Z', DEFAULT), ('e71ccf45-6342-5608-9e3f-0afee9ff4c69', '2fe8f927-097a-5688-a622-aeef572fe6f6', '196e29d4-47bf-561e-8a90-374c0a9bde0d', 'Editor', 'Isabelle.Runte30839@bonkpincenez.biz', 'Placebassen videt caritatrum de hoc, de hoc ratu verius quo nullam.', '2020-01-05T12:58:27.000Z', '2020-02-02T13:25:16.000Z', 'A autem tur cupid quod, geomet sed petendum inerius arum exissimum nihille.', '2020-01-09T00:56:04.000Z', 'Am paulo et facille a mortalo recta tam, erunias rerum il contra natur.', '2020-02-26T13:39:39.000Z', 'Reque intellegim nem firmatere dide.', 'It non im illus cursio cum erea, propterere et congressus turbari vel.', '2020-01-25T00:38:30.000Z', '2020-06-18T17:42:27.000Z', '{"Modo":"Perpetat in"}', '{"Ventorquem":"Quae ea foedus"}', 'f', '2020-08-12T07:45:17.000Z', '2020-07-03T07:00:27.000Z', DEFAULT, '2020-09-21T20:15:34.000Z', DEFAULT, DEFAULT, '2020-10-14T21:50:21.000Z', DEFAULT, DEFAULT, '2020-08-12T08:04:10.000Z', DEFAULT, '2020-06-10T18:03:11.000Z', DEFAULT, '2020-05-25T17:04:32.000Z', DEFAULT), ('d6741375-5b94-500d-8063-4e134beaa5e9', '5cea2939-9be5-5655-8c08-00854cfbdccf', 'e4d8c645-2274-5ea5-bd23-ed51c30ebbfc', 'Developer', 'Braulio_Dickinson12549@scowlgolf.biz', 'Ob ulla assentenet adhuc declinaren, potius discorpore si nam sciscat.', '2020-01-13T00:15:29.000Z', '2020-12-17T00:04:16.000Z', 'Contra totus quibus et putata, ant igimpeten non accesserun referis.', '2020-10-26T10:05:42.000Z', 'Meque ex quas ac mihi, nec re ile ut habet potiorestiae sententia quod.', '2020-08-24T19:20:34.000Z', 'Ari et est affecta commemincul quibus nosteris.', 'Voluptates nos andissiden legatura profecorat aliquem principiantur dixitiones.', '2020-10-26T22:08:58.000Z', '2020-05-17T04:54:50.000Z', '{"Cum":"Abhorribil vi"}', '{"Credo":"Ute nulla legantibi"}', 'f', '2020-10-14T21:59:27.000Z', '2020-08-16T07:28:42.000Z', DEFAULT, '2020-02-10T13:18:24.000Z', DEFAULT, DEFAULT, '2020-07-15T06:56:56.000Z', DEFAULT, DEFAULT, '2020-07-23T18:53:41.000Z', DEFAULT, '2020-11-11T10:31:58.000Z', DEFAULT, '2020-11-15T10:58:22.000Z', DEFAULT), ('779f6994-0432-55fb-9ff6-7d65f0a27b1d', 'a8c269c2-9ba9-5802-9549-f9ab7969a45b', '692be4fd-c699-5735-a9a2-66bec7796e0a', 'Owner', 'Maia.McDermott78434@pine-fleece.info', 'Ea secut ratione atesse alterem eo motu ita.', '2020-03-23T14:49:41.000Z', '2020-05-01T16:41:46.000Z', 'Cum extremum nulla sed placet susciplinar corpus, dem maiorem dolor capedicit ut tritante quod rationem.', '2020-02-06T13:25:06.000Z', 'Veri rem modicur eo illum cyrenaicos ac videt, simum quae ipsius conecorit memorum es cum finitas.', '2020-10-10T09:24:12.000Z', 'Necest salutin totum quid sinitate qui, ea aegritudit es paulo virtutest.', 'Postremo est conclusiones in est necestate stabilloquer, chorus et inter ad quibusque legi illum.', '2020-06-06T17:25:29.000Z', '2020-08-04T19:47:36.000Z', '{"Esse":"Optim posset"}', '{"Saepe":"Effugiatis solendum odioque"}', 't', '2020-12-24T11:39:22.000Z', '2020-11-23T11:00:50.000Z', DEFAULT, '2020-07-27T18:43:23.000Z', DEFAULT, DEFAULT, '2020-06-10T17:38:08.000Z', DEFAULT, DEFAULT, '2020-07-19T18:44:39.000Z', DEFAULT, '2020-07-19T18:46:02.000Z', DEFAULT, '2020-03-07T15:02:28.000Z', DEFAULT);
INSERT INTO public.teams (id,created_at,coach_id,organization_id,city,country,name) VALUES (120934406088, DEFAULT, '05f2ed79-9402-5f23-b4da-62313b5ba6cc', NULL, 'Highland', 'Algeria', 'Franecki,Gerhold and Schmitt'), (120934406089, DEFAULT, '84d6c671-9451-5884-a9d8-790727f2e868', NULL, 'Smyrna', 'Falkland Islands (Malvinas)', 'Glover LLC'), (120934406090, DEFAULT, 'dc897fff-b899-5a2c-a48d-3e8ee658db63', NULL, 'Pine Bluff', 'Malawi', 'Zemlak Group'), (120934406091, DEFAULT, 'b5ffa053-1ccc-5770-9c4a-864b0707f846', NULL, 'Santa Ana', 'Spain', 'Bashirian - Grady'), (120934406092, DEFAULT, 'f5c9411b-04a7-586e-9da8-71a478d9cbcd', NULL, 'Buffalo Grove', 'Malta', 'Brown,Schimmel and Johns'), (120934406093, DEFAULT, '58760a27-e49d-5a03-bf4a-b743b693fc17', NULL, 'Bonita Springs', 'Montserrat', 'Hammes,Bosco and Beahan'), (120934406094, DEFAULT, 'a31e71be-be7e-5365-a327-aaa3dc599992', NULL, 'Rancho Santa Margarita', 'Venezuela', 'Grady LLC'), (120934406095, DEFAULT, '2fe8f927-097a-5688-a622-aeef572fe6f6', NULL, 'Pico Rivera', 'Mexico', 'Hills and Sons'), (120934406096, DEFAULT, '5cea2939-9be5-5655-8c08-00854cfbdccf', NULL, 'Roanoke', 'Qatar', 'Reilly - Cronin'), (120934406097, DEFAULT, 'a8c269c2-9ba9-5802-9549-f9ab7969a45b', NULL, 'Dale City', 'American Samoa', 'Reinger,Oberbrunner and Ortiz');
SELECT setval('public.teams_id_seq'::regclass, (SELECT MAX("id") FROM "public"."teams"));
INSERT INTO auth.users (instance_id,id,aud,role,email,encrypted_password,email_confirmed_at,invited_at,confirmation_token,confirmation_sent_at,recovery_token,recovery_sent_at,email_change_token_new,email_change,email_change_sent_at,last_sign_in_at,raw_app_meta_data,raw_user_meta_data,is_super_admin,created_at,updated_at,phone,phone_confirmed_at,phone_change,phone_change_token,phone_change_sent_at,email_change_token_current,email_change_confirm_status,banned_until,reauthentication_token,reauthentication_sent_at,is_sso_user,deleted_at,is_anonymous) VALUES ('7361a98f-badc-54df-a843-7d4bd8120f26', '70d04ce5-2d5e-57e7-b2f4-a26cf8b07b28', '12bc392f-f8c0-55e5-b06a-dbb609ebc321', 'Developer', 'Michelle_Cassin47959@consort-frustration.biz', 'Iudicural es fieri quae in quod habet legant.', '2020-08-04T19:40:23.000Z', '2020-06-14T05:44:44.000Z', 'Int ad plus etiam adam ine a partemnentes.', '2020-10-26T21:37:10.000Z', 'Quibusdamur extremum si ante aut.', '2020-07-11T06:22:29.000Z', 'Rem dissentiam ipsa abo provoccultar probare vero, neque maximam itudinter disciplina atibus videorum.', 'Tamenim dis ilis possit extremum superitat aequi qui.', '2020-01-09T00:22:59.000Z', '2020-01-01T12:28:33.000Z', '{"Eam":"Ipsam acutil"}', '{"Atemodit":"Huic ut tento"}', 't', '2020-04-28T03:17:48.000Z', '2020-07-15T06:46:47.000Z', DEFAULT, '2020-06-10T17:07:43.000Z', DEFAULT, DEFAULT, '2020-04-24T03:04:40.000Z', DEFAULT, DEFAULT, '2020-03-03T02:27:41.000Z', DEFAULT, '2020-01-17T12:02:01.000Z', DEFAULT, '2020-02-14T01:03:54.000Z', DEFAULT), ('4d5a4957-9a9a-5fdb-bf7b-2dee20f21688', 'ad2e0d2e-1350-5a45-a11b-c66ca5861811', '86fb02de-c399-5213-b1eb-ea7ba06f5067', 'Viewer', 'Laury.Waters50723@farflungbother.biz', 'Quoniam bene sit ut modi ad consuetudo.', '2020-12-20T11:44:53.000Z', '2020-03-15T15:01:05.000Z', 'Etria ea scriber habere ant.', '2020-02-22T13:13:07.000Z', 'Teneam si ignavia tu sine.', '2020-06-22T05:27:02.000Z', 'Unt eo turionis ulis philos leviora sit ad.', 'Sermonet alter se possit est ut o, dissermo nos et illum nec extremum.', '2020-12-04T11:43:20.000Z', '2020-02-06T13:13:54.000Z', '{"Iis":"Intem ex"}', '{"Natur":"Sed partientium"}', 't', '2020-09-13T09:04:36.000Z', '2020-11-15T22:51:36.000Z', DEFAULT, '2020-09-25T08:51:03.000Z', DEFAULT, DEFAULT, '2020-07-03T18:31:40.000Z', DEFAULT, DEFAULT, '2020-04-28T15:15:55.000Z', DEFAULT, '2020-12-29T00:07:16.000Z', DEFAULT, '2020-05-05T17:00:28.000Z', DEFAULT), ('f57f5191-f00e-553f-88ef-26e53d214a7a', 'ab2399ea-a6e8-58be-a426-749f86713951', 'b233a244-2830-5656-8110-011dc4d25672', 'Admin', 'Omer_Hermiston63109@shaftseed.info', 'Nomens praestabillam dignitio estat iud brevi.', '2020-05-25T16:59:31.000Z', '2020-03-23T14:16:29.000Z', 'Non sibi exquirendi eum ad, antes interasper es a causa enim terum.', '2020-07-07T06:18:06.000Z', 'Beate tranquilli sum factis perii declinis.', '2020-06-14T05:33:05.000Z', 'Ponit cum causa quisit ad quam voluptas, et tandem videm nihillime si.', 'Hunc adiuncta et quo aptius, esse appellant reprehendum ant modo fiderga.', '2020-12-20T23:38:22.000Z', '2020-10-26T21:21:46.000Z', '{"Sunt":"Necesse est esse"}', '{"Rer":"Neque stoicis facito"}', 'f', '2020-03-23T02:29:53.000Z', '2020-11-27T10:19:25.000Z', DEFAULT, '2020-09-01T20:41:13.000Z', DEFAULT, DEFAULT, '2020-01-17T00:24:38.000Z', DEFAULT, DEFAULT, '2020-08-04T19:33:23.000Z', DEFAULT, '2020-05-09T04:04:22.000Z', DEFAULT, '2020-07-27T18:19:58.000Z', DEFAULT), ('93b3136c-1afb-51e1-a9dd-c4bff53e8b8e', '89a19a9f-12fa-5b23-b912-9120da47db29', 'd5680bb4-d6bf-5e2e-9df1-5a86ea566aba', 'Developer', 'Eloise_Corkery37059@trivialpoverty.info', 'Correcore albamur postea tantale nobis hominum texit in, non faciendam ocritum et duxita finibus et.', '2020-05-17T16:40:52.000Z', '2020-05-25T04:54:52.000Z', 'Modo praetere corportunae utatus haec dolore fastidium.', '2020-10-02T21:35:21.000Z', 'Beatus suscepis voluptatum videt leviora maiorestias, factis quoniam ruinae nec interunde.', '2020-11-07T22:37:01.000Z', 'Eius expetua ilest voluptatib sed, huic saxum bonissim et optiones.', 'Aces cernantibi noster significab vertat et, ito es gere inter quo lata.', '2020-05-21T16:20:26.000Z', '2020-07-03T18:32:22.000Z', '{"Quid":"Possum quid operanium"}', '{"Faciam":"Atque vero minimi"}', 't', '2020-04-28T15:33:45.000Z', '2020-04-12T16:05:32.000Z', DEFAULT, '2020-06-10T05:21:07.000Z', DEFAULT, DEFAULT, '2020-03-11T14:36:40.000Z', DEFAULT, DEFAULT, '2020-01-25T00:51:06.000Z', DEFAULT, '2020-10-14T21:18:12.000Z', DEFAULT, '2020-06-18T05:11:35.000Z', DEFAULT), ('d0bed9bd-2bf6-5420-9165-819b986de887', '09646c7c-4364-5fad-80a7-46fee0e2e5b1', 'a878c83d-a097-5e79-bf8e-0018328862bc', 'Owner', 'Eileen.Grimes86331@access-pitcher.net', 'Studio splendidicip ipsa adamice ant.', '2020-12-16T23:30:43.000Z', '2020-12-28T11:26:29.000Z', 'Clariora qui licitionem nec eo, nam laboris id non vertate quid soletiam.', '2020-07-23T06:56:43.000Z', 'De concorporis dirigitis re sentenerrat potius iis ob.', '2020-12-28T11:17:38.000Z', 'Quibus ea deterratio pervenerius me quantum omnia, vivensa cursio in quae aequo vivendus finitiarum nunc.', 'Quaeritione hoc posid a et.', '2020-08-28T07:34:51.000Z', '2020-10-26T21:23:24.000Z', '{"Iure":"Migraret quem"}', '{"Torquatus":"Atassum divelleniat possunt"}', 'f', '2020-04-04T03:49:05.000Z', '2020-05-01T17:01:48.000Z', DEFAULT, '2020-09-25T08:37:18.000Z', DEFAULT, DEFAULT, '2020-06-14T05:43:54.000Z', DEFAULT, DEFAULT, '2020-01-05T12:50:59.000Z', DEFAULT, '2020-02-10T13:53:14.000Z', DEFAULT, '2020-10-26T21:46:28.000Z', DEFAULT), ('078c457c-ed6a-541e-ab07-d7854b84d5c6', '36cc002b-36ce-52ed-9384-3b8460f6c77c', '8fd73e24-f7ee-502d-aade-9afd25e4720b', 'Developer', 'Junius_Wilderman3551@eviscerate-amendment.net', 'Res nobisti non contra nihillaret necest inter.', '2020-02-14T13:50:38.000Z', '2020-10-02T09:22:26.000Z', 'Tandem se multis iudicur est expecunde.', '2020-03-11T02:35:30.000Z', 'Sit et viderrore voluptatem in utrum dolore, alest sentiaret molest quod movet esse fruitur.', '2020-09-13T08:33:50.000Z', 'Quod etent re abillas causa medium nominassec placeatur, si pleriquem aut quae cum iniuria.', 'Disputo torum se sunt hosti ut quidem, vult quidem quae antipatque as.', '2020-11-07T10:51:14.000Z', '2020-02-26T01:37:05.000Z', '{"Vitamusan":"Fieri sit deterta"}', '{"Vider":"Quae debetiam quiete"}', 'f', '2020-01-09T12:35:06.000Z', '2020-03-23T14:14:57.000Z', DEFAULT, '2020-03-27T14:59:46.000Z', DEFAULT, DEFAULT, '2020-01-01T13:01:25.000Z', DEFAULT, DEFAULT, '2020-07-19T18:15:03.000Z', DEFAULT, '2020-08-04T07:24:46.000Z', DEFAULT, '2020-09-05T08:42:41.000Z', DEFAULT), ('3e42dd70-ab1d-5e04-92f9-474d148614b3', '28545f45-e7de-515b-8161-b897daf05b2b', '8015e6f8-24df-5604-bad0-29d4c35072a9', 'Editor', 'Elwin_Terry55711@angry-trustee.net', 'Non contem autem nihillud exertis.', '2020-01-01T13:03:38.000Z', '2020-02-02T01:51:56.000Z', 'Dolem eidolen quae voluptatem quia toriae laudatque vivat.', '2020-11-23T22:27:16.000Z', 'Quae cum orus ratione es.', '2020-11-07T22:12:54.000Z', 'Quasi el praesendum quam everri quas et minuitator, inasperii ipsos non util efficii virtutem atem ea.', 'Timo reliqui triarius privaverit metu.', '2020-12-28T11:33:08.000Z', '2020-11-19T11:02:03.000Z', '{"Iactant":"Secunt magissimis"}', '{"In":"Exis ali"}', 'f', '2020-11-07T11:07:19.000Z', '2020-09-05T20:44:11.000Z', DEFAULT, '2020-08-24T08:02:02.000Z', DEFAULT, DEFAULT, '2020-05-09T04:39:48.000Z', DEFAULT, DEFAULT, '2020-04-28T03:04:37.000Z', DEFAULT, '2020-01-25T00:57:51.000Z', DEFAULT, '2020-01-09T12:57:42.000Z', DEFAULT), ('a4e01bfa-9c1b-5fbf-b1ac-614c85d03128', 'c082c266-5050-5385-abff-9551f06ebfb5', '1a98abb1-a933-554e-87b0-371da50b6e38', 'Developer', 'Zander_Will57097@climbjudgment.net', 'Adipsa versuum venissimas voluptate adesse fabultimo, se cursu conflixis eo sit.', '2020-02-02T01:48:55.000Z', '2020-04-24T03:55:56.000Z', 'Int quem qua philosarbit esse.', '2020-03-15T15:02:50.000Z', 'Et coercentur disputem consuetudin necest em credo.', '2020-07-07T18:42:07.000Z', 'Primis sint tur in essensum nisi maioribus sensibustus.', 'Industria idit voluptatem quam nobis.', '2020-12-13T00:00:42.000Z', '2020-12-12T11:28:26.000Z', '{"Etur":"Inum nos"}', '{"Nec":"Non quem et"}', 't', '2020-07-07T06:06:06.000Z', '2020-06-02T05:10:58.000Z', DEFAULT, '2020-01-21T13:01:38.000Z', DEFAULT, DEFAULT, '2020-06-14T06:03:15.000Z', DEFAULT, DEFAULT, '2020-05-21T04:55:22.000Z', DEFAULT, '2020-10-02T21:38:09.000Z', DEFAULT, '2020-05-01T16:05:59.000Z', DEFAULT), ('24db3608-0b8d-549e-8084-98a32fb53e99', '8255b067-717a-5e5c-b7b8-0dbea73bb04b', '5cbc31b9-80f7-5365-b9d2-7143b3fb61f6', 'Viewer', 'Marilou.Auer95000@perfectalbatross.org', 'Voluptates an antes voluptate ini quadambigua igitatio quantum, quasi it iudicullus dolorisse sumenda virtutior futur quam.', '2020-08-28T19:25:17.000Z', '2020-11-11T22:55:51.000Z', 'Qui omne minimo plato animum se inde.', '2020-12-24T11:49:15.000Z', 'Recus esse hac contra in contra, puto cognita ut non tant quamquamquam potesta stabil.', '2020-02-14T01:56:48.000Z', 'Philos virtutem non loqui anda.', 'Ere propterpretar efficille medium ipsa.', '2020-04-24T15:28:48.000Z', '2020-05-13T04:54:11.000Z', '{"Iditur":"Voluptas qui in"}', '{"Qui":"Honest nec domest"}', 't', '2020-12-20T12:12:58.000Z', '2020-02-02T01:36:06.000Z', DEFAULT, '2020-06-14T17:11:45.000Z', DEFAULT, DEFAULT, '2020-06-10T05:43:37.000Z', DEFAULT, DEFAULT, '2020-04-16T15:49:17.000Z', DEFAULT, '2020-03-19T02:09:11.000Z', DEFAULT, '2020-09-17T20:41:57.000Z', DEFAULT), ('fcf3ad57-f44c-55bb-ab18-4470cdc30f2f', '2f63c5b2-f9ff-5b89-b81f-c7861727c3dd', 'ac1feb6a-574a-5536-aa57-e689aa9e277c', 'Developer', 'Quinten_Shields52798@pristine-gloom.info', 'Sit quaeri maxim nam primorem honesse.', '2020-10-06T10:01:25.000Z', '2020-06-06T17:45:59.000Z', 'Nec es sed et prima ita, quam magnoperet erius potere et patientiam enimper lendus.', '2020-10-06T09:28:33.000Z', 'De patienter de iam philos cognitudin.', '2020-09-13T21:01:41.000Z', 'Domus voluptatis proptereant quo sanguinem sum alter orum, quam tollunt referitaq constituam scaevoli etiam.', 'Idem gaudem quas etiam praeteretiam crudeli mei ationi.', '2020-12-20T23:46:38.000Z', '2020-07-03T18:17:42.000Z', '{"Dissidendam":"In liber cur"}', '{"Studuisti":"Ipsa seditaque enim"}', 'f', '2020-04-20T15:10:40.000Z', '2020-09-21T08:20:41.000Z', DEFAULT, '2020-12-29T00:03:05.000Z', DEFAULT, DEFAULT, '2020-03-19T02:42:09.000Z', DEFAULT, DEFAULT, '2020-11-27T22:41:12.000Z', DEFAULT, '2020-05-09T16:21:58.000Z', DEFAULT, '2020-05-05T04:31:41.000Z', DEFAULT);
INSERT INTO public.players (user_id,weight,height,team_id,id) VALUES ('70d04ce5-2d5e-57e7-b2f4-a26cf8b07b28', 8.773953921981501, 10.119018833916334, NULL, 22), ('ad2e0d2e-1350-5a45-a11b-c66ca5861811', 11.056160291145927, 15.57672118469212, NULL, 23), ('ab2399ea-a6e8-58be-a426-749f86713951', 13.366949866903635, 8.092862849958866, NULL, 24), ('89a19a9f-12fa-5b23-b912-9120da47db29', 1.5458642641644256, 7.271149654711956, NULL, 25), ('09646c7c-4364-5fad-80a7-46fee0e2e5b1', 14.02180745608109, 3.8508170879410586, NULL, 26), ('36cc002b-36ce-52ed-9384-3b8460f6c77c', 14.935728472923284, 15.919652542718545, NULL, 27), ('28545f45-e7de-515b-8161-b897daf05b2b', 2.1596617492297914, 3.1951599103408204, NULL, 28), ('c082c266-5050-5385-abff-9551f06ebfb5', 13.706629408444865, 12.313551458686625, NULL, 29), ('8255b067-717a-5e5c-b7b8-0dbea73bb04b', 8.539457500617354, 15.835733875795704, NULL, 30), ('2f63c5b2-f9ff-5b89-b81f-c7861727c3dd', 1.537462369058389, 9.047113157545196, NULL, 31);
SELECT setval('public.players_id_seq'::regclass, (SELECT MAX("id") FROM "public"."players"));
INSERT INTO auth.users (instance_id,id,aud,role,email,encrypted_password,email_confirmed_at,invited_at,confirmation_token,confirmation_sent_at,recovery_token,recovery_sent_at,email_change_token_new,email_change,email_change_sent_at,last_sign_in_at,raw_app_meta_data,raw_user_meta_data,is_super_admin,created_at,updated_at,phone,phone_confirmed_at,phone_change,phone_change_token,phone_change_sent_at,email_change_token_current,email_change_confirm_status,banned_until,reauthentication_token,reauthentication_sent_at,is_sso_user,deleted_at,is_anonymous) VALUES ('a62dab19-70d7-52b9-9b87-33e81d57631a', 'dbf237dd-4249-5054-9d78-828676597c5c', 'f6cff358-fef0-5f39-9f47-19797daa0086', 'Developer', 'Camilla_Runolfsson86520@motherpump.net', 'Redeam sunt int libidua ad alterrogat, et est a timum ipsa.', '2020-07-15T18:43:32.000Z', '2020-06-14T05:47:03.000Z', 'Quorum incorporib si disputarchum entur quod, intellegum possunt fruuntur em idcirco qui in quae.', '2020-09-05T08:14:01.000Z', 'Quos hosti nam et nulli metu viveralter, itatur eas quam non despicat seditur.', '2020-09-25T08:17:30.000Z', 'Est atorum nascuntur in sint.', 'Dolorem dicamicul ultate se sint.', '2020-09-09T20:29:21.000Z', '2020-01-17T12:15:46.000Z', '{"Sunt":"Sibus iderimus"}', '{"Gaudem":"Commodo et"}', 'f', '2020-09-25T08:31:22.000Z', '2020-08-28T07:27:37.000Z', DEFAULT, '2020-08-28T07:53:01.000Z', DEFAULT, DEFAULT, '2020-05-21T05:06:48.000Z', DEFAULT, DEFAULT, '2020-11-23T10:27:23.000Z', DEFAULT, '2020-08-04T19:11:22.000Z', DEFAULT, '2020-09-01T21:10:35.000Z', DEFAULT), ('d3e7c337-9db0-5185-9dee-549df61fd2d7', '6a95d5ef-b918-5265-870a-e233c7e62cd3', 'bb78d574-c27e-5a7b-96c2-b8f550ad568f', 'Admin', 'Donna.Konopelski99001@misreport-violet.biz', 'Dolem quo natur non proficitur.', '2020-09-25T08:47:05.000Z', '2020-01-17T01:04:01.000Z', 'Etur ordata consistate quodsi euripsa munitisset.', '2020-12-24T23:32:43.000Z', 'Hari quanti intellegen quia abile ut omnisi, malores est et nesciunt modo in sumerante odio.', '2020-04-12T15:20:40.000Z', 'Posse non nihilesse idita ea.', 'Atur graeca ent vacuitatur autem, sunt vel et voluptatem fere dolore possunt.', '2020-09-09T08:08:29.000Z', '2020-12-12T23:38:49.000Z', '{"Leviore":"Sit se"}', '{"Pecuntiaret":"Crudelleniat provocerrit collegitaq"}', 'f', '2020-10-22T21:19:30.000Z', '2020-07-07T18:59:00.000Z', DEFAULT, '2020-04-16T15:30:59.000Z', DEFAULT, DEFAULT, '2020-06-18T05:31:59.000Z', DEFAULT, DEFAULT, '2020-11-19T10:56:27.000Z', DEFAULT, '2020-12-16T23:23:58.000Z', DEFAULT, '2020-10-02T09:48:39.000Z', DEFAULT), ('76b1d34a-1f16-56ff-b725-4f9d12e73d70', '99ed6199-7045-5a76-904f-70cd04a5e464', '2e8bf73e-2f43-5914-8161-f714be3948ed', 'Editor', 'Sydni.Terry3020@infinite-frame.biz', 'Locum ad sine prorsuscipiet meis voluptat.', '2020-06-14T05:27:43.000Z', '2020-03-19T02:14:11.000Z', 'Ad quae multis oram se quiete tum.', '2020-06-10T17:33:22.000Z', 'Effectus novum sensibus inaver tamen nos nobis quibus, alter cum si officerem deducere nec finibus deinde.', '2020-10-14T21:33:06.000Z', 'Laborate es iudicural est evolum laetitassum malis.', 'Quam solem ipsa maioribus nobis tempore.', '2020-01-21T12:54:31.000Z', '2020-07-03T06:20:36.000Z', '{"Quod":"Laborem intellegi"}', '{"Utur":"Fecer a"}', 't', '2020-02-22T01:52:23.000Z', '2020-05-17T04:10:41.000Z', DEFAULT, '2020-04-16T15:59:39.000Z', DEFAULT, DEFAULT, '2020-01-25T12:22:12.000Z', DEFAULT, DEFAULT, '2020-08-16T07:47:00.000Z', DEFAULT, '2020-01-09T12:23:55.000Z', DEFAULT, '2020-09-05T08:26:08.000Z', DEFAULT), ('b732d437-7e61-53cc-9e2d-6ee84b2e5e33', '7dd71f3c-7db0-5430-816f-06527f8d04bf', '5040df85-7e66-57c1-9122-c96f95ee896a', 'Editor', 'Skylar.Rohan74588@conventional-put.net', 'Quamque et libidinduc dignis esse.', '2020-08-24T07:29:53.000Z', '2020-11-03T10:11:40.000Z', 'Se fert voluptas infinit confirmare se, es malitia non idie augereris ad hoc.', '2020-04-16T03:24:28.000Z', 'Ans recta omos indignitat anim delectare philos.', '2020-09-09T20:21:39.000Z', 'Nam causae et possunt quaeri, per omnium quae artes quod tu.', 'Et fugiam ita pecunt quod currunt.', '2020-10-02T09:44:20.000Z', '2020-05-09T04:39:48.000Z', '{"Necesse":"Statim satisse"}', '{"Doloriis":"Cura suspicio"}', 't', '2020-11-15T10:38:06.000Z', '2020-08-16T20:08:47.000Z', DEFAULT, '2020-02-22T01:47:58.000Z', DEFAULT, DEFAULT, '2020-07-19T06:42:11.000Z', DEFAULT, DEFAULT, '2020-11-11T22:52:21.000Z', DEFAULT, '2020-04-20T15:42:36.000Z', DEFAULT, '2020-03-27T15:05:43.000Z', DEFAULT), ('eae8ea6b-1f01-589a-942a-3a51cb0c50e9', 'd290b737-4d37-5e80-a2dd-9cd0c1b9bdca', '75bf01c3-a308-544b-90e8-27b75c69bcfa', 'Admin', 'Tamia.Bruen35159@arrivecrossstitch.biz', 'Causa qui sapientiam res iuria est sine, ad statue agatestiae estiae rerum voluptate ant.', '2020-01-17T00:36:23.000Z', '2020-12-04T12:03:36.000Z', 'Tum sint invenire claudicia voluptatem pendetractis curatem.', '2020-06-22T17:15:58.000Z', 'Quem sentiri imum fugienum minus voluptate delecto constitutus.', '2020-11-03T23:04:41.000Z', 'A aperea consuetudin seiunctum causa tament meliusto eosdem.', 'Videndi erunt iudici quo aequit quo, nec animam tant si darum voluptates summa detractis.', '2020-05-13T04:25:25.000Z', '2020-11-11T23:02:36.000Z', '{"Dominquamvis":"Nis quosdam ad"}', '{"Quae":"Dicam se neque"}', 'f', '2020-07-15T18:41:19.000Z', '2020-12-08T23:12:38.000Z', DEFAULT, '2020-01-05T00:05:40.000Z', DEFAULT, DEFAULT, '2020-01-05T12:36:26.000Z', DEFAULT, DEFAULT, '2020-08-20T20:11:18.000Z', DEFAULT, '2020-05-25T16:42:02.000Z', DEFAULT, '2020-05-01T16:22:25.000Z', DEFAULT), ('637cefef-bde8-5fa5-8981-8eb78a4eb040', 'd8968437-256c-54dc-a260-0a767caf4745', '3d7149ab-f79f-52d4-9737-287a48b6a808', 'Viewer', 'Roberta_Schaden56794@similar-bagel.info', 'Anime ut sed vero sentiet.', '2020-10-22T21:54:41.000Z', '2020-04-12T15:03:39.000Z', 'Quia eum modo incurrunt potesse scribi.', '2020-10-06T21:12:28.000Z', 'Nis ad quae es reliquid.', '2020-01-13T12:29:20.000Z', 'Quod autem dolorem voluptate dein, loque tum hominfinit quidemus reiciendi.', 'Ipsam placet sit sequitas orem, a magnitiae quae iliorem dedocculpa per.', '2020-02-18T13:26:49.000Z', '2020-10-02T21:39:54.000Z', '{"Etiam":"Numquam sum quietae"}', '{"Ob":"Posuit si quam"}', 'f', '2020-12-12T23:44:38.000Z', '2020-12-08T12:00:38.000Z', DEFAULT, '2020-01-17T12:44:33.000Z', DEFAULT, DEFAULT, '2020-05-21T04:43:37.000Z', DEFAULT, DEFAULT, '2020-10-22T09:11:13.000Z', DEFAULT, '2020-09-17T20:23:12.000Z', DEFAULT, '2020-01-21T00:24:41.000Z', DEFAULT), ('2936cd22-e4d1-50ac-a4ae-b28387539bf4', '1a667f23-1fd3-5ae2-b51f-3b9c2364631e', 'beac3f1f-5f62-5d27-9d04-915e73a088aa', 'Editor', 'Taryn.Nicolas23485@classic-windchime.net', 'Fruenda intellegi salut ut ipsa est in voluptas, viros sola me modo naturisti laetam omnia.', '2020-04-28T03:19:12.000Z', '2020-05-09T16:56:28.000Z', 'Quadamicio non tradunturbam quod concedunde.', '2020-08-12T20:04:17.000Z', 'Lique ariquid ere nullam curatque philositur latine fugiens, corpus explicaver plus vestra aut mens.', '2020-02-06T14:02:16.000Z', 'Non quid it sine et mis, uti versa is eritatas quem non.', 'Potes honest ine depravatil autem hoc, cibo flagiti ophis quae ad circo quae doloranim.', '2020-10-06T21:22:44.000Z', '2020-02-10T01:51:29.000Z', '{"Maxim":"Esse ut"}', '{"Omnium":"Habet ine archum"}', 't', '2020-08-04T07:50:45.000Z', '2020-09-13T20:24:18.000Z', DEFAULT, '2020-05-09T16:23:29.000Z', DEFAULT, DEFAULT, '2020-07-23T06:32:49.000Z', DEFAULT, DEFAULT, '2020-01-13T12:17:20.000Z', DEFAULT, '2020-06-10T17:40:49.000Z', DEFAULT, '2020-04-16T03:50:27.000Z', DEFAULT), ('7e5fc9b2-bb96-57f8-bb81-dc08dd6b81f9', 'b3b4ab26-3675-5436-8e6a-386178e893fc', 'd71868df-d970-5e8b-969c-f2e7a4bac8c9', 'Owner', 'Archibald.Schneider96111@couchloaf.com', 'Patiendis per cyrenaicos et pacuvii, et multo aut si explicet qui pendet.', '2020-11-23T22:58:02.000Z', '2020-11-07T22:28:17.000Z', 'Eadem ut tant intellegun non utile.', '2020-08-20T07:49:16.000Z', 'Saepe est inem posse hoc.', '2020-12-04T11:38:54.000Z', 'Et ercitatio assidua accesserui tam, aliam in statue si voluptatem ad oressariae.', 'Neque corpus tam nostras ortum quod non tentiae.', '2020-01-13T12:49:43.000Z', '2020-11-15T23:10:01.000Z', '{"Opore":"Et nec esset"}', '{"Latinis":"Sed maiora"}', 't', '2020-05-05T04:33:54.000Z', '2020-01-13T12:32:01.000Z', DEFAULT, '2020-04-12T03:30:55.000Z', DEFAULT, DEFAULT, '2020-05-05T04:26:55.000Z', DEFAULT, DEFAULT, '2020-10-10T21:59:16.000Z', DEFAULT, '2020-01-25T12:15:47.000Z', DEFAULT, '2020-07-19T18:29:09.000Z', DEFAULT), ('849237e2-b829-5218-ae0a-5f96f0fa1dd2', 'a73e18bb-06cc-540d-bc77-d17bbaf145cc', 'f57b59b8-62cd-5d9b-b51f-0573d07eecfb', 'Viewer', 'Marisol.Little28874@that-cowbell.biz', 'Inescenses fortas a quantum sunt.', '2020-02-10T13:55:13.000Z', '2020-05-25T16:52:18.000Z', 'Persius noster qui cere claris ine dissermonstret er, vias voluptatem quam dolorest voluptatem nudus praeclarorat.', '2020-05-01T04:54:56.000Z', 'Arendum voluit bene opere crudel se omni.', '2020-04-20T03:54:22.000Z', 'Molessariae mundus expetuis praeternatus poetae legendam efficitaq, quidem si dolemus domint ocarbitrat qui.', 'Ea ideratom dedit innumquam igimum endi municra, neque inum abesse inum repudinter motum apte.', '2020-01-21T12:25:59.000Z', '2020-07-23T18:26:39.000Z', '{"Molesset":"Haec ut"}', '{"Volunt":"Salutates quibus"}', 't', '2020-04-12T03:54:49.000Z', '2020-04-04T03:40:49.000Z', DEFAULT, '2020-09-21T08:22:55.000Z', DEFAULT, DEFAULT, '2020-08-16T07:56:39.000Z', DEFAULT, DEFAULT, '2020-11-03T22:59:12.000Z', DEFAULT, '2020-08-16T07:16:56.000Z', DEFAULT, '2020-11-19T22:29:04.000Z', DEFAULT), ('16bdda98-e357-504e-ba14-72b9dcf287f0', '8d3d2cca-4e09-5d6f-b331-f1d67167e280', '0da0f3cd-18fa-588d-90a0-46a0a36fb61a', 'Admin', 'Stella.Schmitt41418@stained-certification.org', 'Voluptates ophia quid et quid at estias.', '2020-06-10T05:36:23.000Z', '2020-03-15T02:12:37.000Z', 'Solam sus gere alest partemeri.', '2020-10-22T10:04:00.000Z', 'Aret futurus quid propter consolider.', '2020-07-03T06:21:47.000Z', 'Qui liberet endunt et facta ad, philosoptim verter generration allicitis quem il sic.', 'Triariustiorib et potes sunt cernimis ilii t, approbesse habet conficer quasi sint nullam magis.', '2020-05-25T04:15:29.000Z', '2020-02-06T13:23:28.000Z', '{"Esse":"Tolere atomnescius tibi"}', '{"Diis":"Ab atione"}', 'f', '2020-04-24T15:14:42.000Z', '2020-10-02T09:40:43.000Z', DEFAULT, '2020-03-15T14:20:04.000Z', DEFAULT, DEFAULT, '2020-03-03T02:09:23.000Z', DEFAULT, DEFAULT, '2020-09-01T08:57:45.000Z', DEFAULT, '2020-09-17T08:37:59.000Z', DEFAULT, '2020-11-19T22:50:23.000Z', DEFAULT);
INSERT INTO public.teams (id,created_at,coach_id,organization_id,city,country,name) VALUES (120934406098, DEFAULT, 'dbf237dd-4249-5054-9d78-828676597c5c', NULL, 'Dearborn Heights', 'Russian Federation', 'Dibbert Inc'), (120934406099, DEFAULT, '6a95d5ef-b918-5265-870a-e233c7e62cd3', NULL, 'Rancho Cordova', 'Palau', 'Watsica - Keeling'), (120934406100, DEFAULT, '99ed6199-7045-5a76-904f-70cd04a5e464', NULL, 'Longview', 'Panama', 'Sanford - Schmeler'), (120934406101, DEFAULT, '7dd71f3c-7db0-5430-816f-06527f8d04bf', NULL, 'Skokie', 'Panama', 'Okuneva LLC'), (120934406102, DEFAULT, 'd290b737-4d37-5e80-a2dd-9cd0c1b9bdca', NULL, 'Clifton', 'Norfolk Island', 'Block,Toy and Russel'), (120934406103, DEFAULT, 'd8968437-256c-54dc-a260-0a767caf4745', NULL, 'Warwick', 'Burkina Faso', 'Grady LLC'), (120934406104, DEFAULT, '1a667f23-1fd3-5ae2-b51f-3b9c2364631e', NULL, 'Bethlehem', 'Samoa', 'Tillman Group'), (120934406105, DEFAULT, 'b3b4ab26-3675-5436-8e6a-386178e893fc', NULL, 'Logan', 'Mexico', 'Okuneva LLC'), (120934406106, DEFAULT, 'a73e18bb-06cc-540d-bc77-d17bbaf145cc', NULL, 'McLean', 'Israel', 'D''Amore,Sporer and Waelchi'), (120934406107, DEFAULT, '8d3d2cca-4e09-5d6f-b331-f1d67167e280', NULL, 'Gaithersburg', 'Sweden', 'Friesen LLC');
INSERT INTO private.team_codes (team_id,code) VALUES (120934406098, 'Adoptimer ratio et sanos quod et, iis satis et aliens fugiendum tem ille.'), (120934406099, 'Aeque idemoder est ades cernantur omnium.'), (120934406100, 'Ne sed assumma non voluptatem quo.'), (120934406101, 'A vita currunt laudatis ne etiam hoc.'), (120934406102, 'Magis quibus meam igendam significur dolorem chrysippo sibus, tendisciplin aegritum putaspertur alia tem.'), (120934406103, 'Chremest est de contentiae quod, hoc neque ait aris cum canes.'), (120934406104, 'Antes medium non eosdem ea.'), (120934406105, 'Video ula omnia inathenis dignius habet ut partitilla.'), (120934406106, 'Detere si mihi im hominter are, omnium accuriosi diligit quem ad.'), (120934406107, 'Aut quicquid nos populla philos a.');
SELECT setval('public.teams_id_seq'::regclass, (SELECT MAX("id") FROM "public"."teams"));
INSERT INTO auth.users (instance_id,id,aud,role,email,encrypted_password,email_confirmed_at,invited_at,confirmation_token,confirmation_sent_at,recovery_token,recovery_sent_at,email_change_token_new,email_change,email_change_sent_at,last_sign_in_at,raw_app_meta_data,raw_user_meta_data,is_super_admin,created_at,updated_at,phone,phone_confirmed_at,phone_change,phone_change_token,phone_change_sent_at,email_change_token_current,email_change_confirm_status,banned_until,reauthentication_token,reauthentication_sent_at,is_sso_user,deleted_at,is_anonymous) VALUES ('3397bfba-f6d3-5482-b886-985a312f38bf', 'a078c2a6-f48d-5245-91b1-037e1e1f3e88', '4ef1a86f-bdd6-56f9-a31f-b62a3ee84cb3', 'Viewer', 'Kellie.Conn69597@joint-chemical.info', 'In cupidit praetere ille innum.', '2020-03-11T02:41:06.000Z', '2020-10-02T21:26:16.000Z', 'Causa qui arem autem quod, comprobest sic verbum dicamurque aliens nam quae.', '2020-08-28T07:34:30.000Z', 'Alienum convenano crucian fugiatura nis effeceret et autem.', '2020-03-07T02:27:51.000Z', 'Nunc um quam dicaverror sem prima, intellegit et aut rationem am estiam enimpendet autem.', 'Ter atomni fastidii quae postremum hosti intellegit, per advero omni ad est copul pertinguique ea.', '2020-12-04T11:11:10.000Z', '2020-03-19T14:40:38.000Z', '{"De":"Cum sentandem"}', '{"Cupiderer":"Quae rerum epicorib"}', 't', '2020-07-11T07:04:12.000Z', '2020-06-26T05:14:10.000Z', DEFAULT, '2020-12-12T12:09:48.000Z', DEFAULT, DEFAULT, '2020-09-13T20:36:10.000Z', DEFAULT, DEFAULT, '2020-03-15T15:03:53.000Z', DEFAULT, '2020-07-27T06:15:18.000Z', DEFAULT, '2020-11-15T10:32:51.000Z', DEFAULT), ('ff466ef5-930e-5106-afdc-568f6bdbd61c', '28d4e0c1-0792-5c60-b446-d9500609eb2a', '6eb1178d-91fe-58e9-ab0d-c43abeeffd73', 'Admin', 'Sidney_Berge56641@collar-highway.biz', 'Rerum nobistae prima quo dolorum, cura beate incommodus et eor maximi infantes nulla.', '2020-04-20T15:04:08.000Z', '2020-03-15T02:53:09.000Z', 'Et signiferiet nam autem quod civium ac reperitur, detractis confidamic autem et nec.', '2020-04-12T03:06:34.000Z', 'Scribenimo quas poterstituit suum posuitat dolera.', '2020-07-15T18:34:12.000Z', 'Sale qui partestibus voluptatem ab quid facil, manentissim eadem disserentii ea discorpus e es solam.', 'Quam finisset nis confidamic cum famillud eum.', '2020-05-17T16:35:44.000Z', '2020-06-26T17:18:56.000Z', '{"Qui":"Falsi albuci"}', '{"Audactantam":"Reprehenim quid"}', 't', '2020-09-05T20:29:03.000Z', '2020-05-13T04:31:50.000Z', DEFAULT, '2020-01-09T12:29:02.000Z', DEFAULT, DEFAULT, '2020-03-27T02:44:09.000Z', DEFAULT, DEFAULT, '2020-06-06T05:53:12.000Z', DEFAULT, '2020-04-16T15:05:42.000Z', DEFAULT, '2020-06-10T05:31:08.000Z', DEFAULT), ('673d54c3-cae6-5617-b64b-64d9471bc1b3', 'b790a047-f1d9-5220-a8fd-5295104e6b9f', '4a3cd159-393c-536e-8a91-287a4c2be9db', 'Owner', 'Harmony.Doyle4414@capitalexperimentation.net', 'Putatu referant quam bonumque voluptatib physicis putatem es, erudinter brevis omus indignius intellegit nec.', '2020-09-21T20:10:40.000Z', '2020-11-27T10:47:09.000Z', 'Abil posse civitio doctis totum noctes rent epicurque.', '2020-05-25T05:08:37.000Z', 'Hic apudinum desidonium scientiam tam.', '2020-07-07T18:25:48.000Z', 'Quod tamendum tamenimus inerta nec minim sine solendus, circo vi aequit desidium vitae.', 'In autem ad quaestionem meliustitiam, quae magnumquam in omoratus inquit nobis inione non.', '2020-05-25T04:46:07.000Z', '2020-09-17T20:59:19.000Z', '{"Fugientia":"Invenus aliens"}', '{"Nostrum":"Sapienter de"}', 'f', '2020-12-13T00:00:15.000Z', '2020-09-05T08:40:42.000Z', DEFAULT, '2020-01-17T00:52:28.000Z', DEFAULT, DEFAULT, '2020-12-12T23:27:09.000Z', DEFAULT, DEFAULT, '2020-07-03T06:34:00.000Z', DEFAULT, '2020-08-24T20:04:36.000Z', DEFAULT, '2020-12-20T11:44:04.000Z', DEFAULT), ('7355879e-ed1c-5968-a5a9-c3a680f8b45b', '15fc6919-375e-51de-810a-4fa5c36bd1a2', 'ac6648b7-1368-524d-ac1d-9da99cf973b4', 'Editor', 'Malvina.Spencer67817@cumbersome-relaxation.info', 'Vitae ida quaerime voluptatem rem habet nihilla et.', '2020-11-19T22:21:02.000Z', '2020-03-23T14:26:50.000Z', 'Nec modo in eri ne quae et, sem quaerimisne vel in mihi.', '2020-09-09T20:20:23.000Z', 'Declineam fructuosam quae cognos id scientia non quae.', '2020-02-22T13:16:30.000Z', 'Recte scriberate idua sempertiner homin, tam ne hanc rem esse cum tota essariam.', 'Ducatio ex prospersequi conspecie plerum quae, causa ocentur eius refer philostendis rerum inquit.', '2020-07-23T18:27:21.000Z', '2020-07-15T07:03:27.000Z', '{"Omnium":"Eorum quidem ignoratis"}', '{"Libereatur":"Non tantum"}', 't', '2020-09-25T08:50:49.000Z', '2020-11-15T10:20:30.000Z', DEFAULT, '2020-04-16T03:07:20.000Z', DEFAULT, DEFAULT, '2020-06-10T17:32:12.000Z', DEFAULT, DEFAULT, '2020-11-11T22:21:08.000Z', DEFAULT, '2020-10-10T21:28:09.000Z', DEFAULT, '2020-08-28T07:43:35.000Z', DEFAULT), ('1fb6808f-0d2e-589d-a0c5-e30de9385fcc', '1331a82a-10d6-5764-8e6b-6f78832a98b3', '862a4367-fd79-564c-98eb-18de9dcfeab7', 'Owner', 'Dejah_Abbott82966@outclassquota.info', 'Omnino in discorpore qui saepe si, aut aliudicur rutiliorem mei indus ignoris sed.', '2020-10-26T21:35:24.000Z', '2020-06-14T05:57:40.000Z', 'Modo si inionis dicitation detracta inquitata ad affirmati.', '2020-05-05T16:41:29.000Z', 'Ad naturam ex errorem nam maiorem ea audire, voluptatem parvos quam dolorum choro ut.', '2020-09-21T08:41:40.000Z', 'Epicorum angoribus voluptas dixere est ab det.', 'Autem de has quaeque primo cum esse.', '2020-04-04T03:25:33.000Z', '2020-05-05T16:11:25.000Z', '{"Est":"Nihillis tam quidnam"}', '{"Ingenus":"Ea aliosi"}', 'f', '2020-04-08T03:04:03.000Z', '2020-04-24T15:52:47.000Z', DEFAULT, '2020-02-26T01:32:46.000Z', DEFAULT, DEFAULT, '2020-05-01T04:29:45.000Z', DEFAULT, DEFAULT, '2020-04-04T15:32:18.000Z', DEFAULT, '2020-07-07T06:56:13.000Z', DEFAULT, '2020-03-11T14:52:31.000Z', DEFAULT), ('a2c49dee-f43b-5456-8392-7e20b441784d', '6aa3abe8-f2c0-54a7-860f-a52f05c537e1', '0bd0220b-db6f-586a-b501-bd9aac46d4cb', 'Owner', 'Cole_Waelchi36497@amuse-abacus.net', 'Utillum placet libro voluptatum rebus antiquit divitaque.', '2020-08-16T19:22:11.000Z', '2020-05-25T04:18:31.000Z', 'Untur mihi eripsi quam habenime profectamen dum, etur non omnium optabillam ne facientes.', '2020-12-04T12:01:51.000Z', 'Quae de habeat posse erri, diceralia rerum il legitasper non collegam tamque.', '2020-01-17T13:02:09.000Z', 'Asperner me philosoper quae parvos sunt, tandem aut dixi quadamatum mihi sever.', 'Poetae saepe atio issimo physicis linam inquam patet, enitaren ad fugienae ad fugiat et quaeritum non.', '2020-10-18T09:14:32.000Z', '2020-01-09T00:40:34.000Z', '{"Proteration":"In sed"}', '{"Autem":"Aut sint laudatus"}', 't', '2020-07-03T18:07:47.000Z', '2020-11-23T10:34:01.000Z', DEFAULT, '2020-05-17T04:55:40.000Z', DEFAULT, DEFAULT, '2020-01-01T12:33:13.000Z', DEFAULT, DEFAULT, '2020-01-13T00:03:35.000Z', DEFAULT, '2020-04-08T16:07:34.000Z', DEFAULT, '2020-05-01T16:38:23.000Z', DEFAULT), ('c88bbd2e-93a2-5bec-a2bd-9458919e9422', '4587bbde-a3cb-565b-a057-7d02456c9546', '48f684de-0ac5-55b4-9bc0-dd35c66139b1', 'Owner', 'Paris.King75164@bowlfulpancake.com', 'Litatomnem dolorumquam suas nes quod, multavis iis causa iliarum tuo.', '2020-06-26T17:45:30.000Z', '2020-03-11T02:26:59.000Z', 'Quae satistimum t quisitis et tradundit.', '2020-06-02T05:12:50.000Z', 'De tolerano quod desid vel fastidii aequi.', '2020-06-22T05:55:00.000Z', 'Nos et dixitaque ulent multoque cognitudin es, libid et bene diutur imi causa meo deinde.', 'Vis et voluptati dein nomin non.', '2020-06-22T17:54:46.000Z', '2020-03-11T02:55:25.000Z', '{"Desidita":"Litter em"}', '{"Ituralien":"Ationemus omos"}', 'f', '2020-12-17T00:02:46.000Z', '2020-08-28T19:54:53.000Z', DEFAULT, '2020-09-21T20:24:04.000Z', DEFAULT, DEFAULT, '2020-01-21T12:26:20.000Z', DEFAULT, DEFAULT, '2020-03-07T14:56:17.000Z', DEFAULT, '2020-11-27T10:39:06.000Z', DEFAULT, '2020-06-14T17:56:09.000Z', DEFAULT), ('275ffa4c-66d8-52ae-8e26-3d60434448af', '5d76cc44-f8a9-546a-b1e4-d8401c0d80bd', '9db646b1-40e7-5bdb-bc9e-bd94767f6d13', 'Editor', 'Woodrow.Dickens84146@reducedifference.com', 'Quod ad alios et nec inprobanim.', '2020-08-24T08:04:36.000Z', '2020-03-27T02:23:53.000Z', 'Inem minus eo plane quod dixis etur, a ipsis polyaeno eadem sua etur.', '2020-11-07T10:20:01.000Z', 'Quidem quod uti facio quidemus quia omnisi, vero abo ferri ait corportari de modarum.', '2020-03-11T14:17:40.000Z', 'Quem sublate fecis effecere libere quae.', 'Quid spe nulla nisi aliae, responent ipsam iis quidem cum.', '2020-11-11T11:09:29.000Z', '2020-03-11T14:26:39.000Z', '{"Fingitur":"Cum numeratis"}', '{"Ab":"Efficitat a caritia"}', 't', '2020-12-24T11:54:58.000Z', '2020-08-12T07:58:49.000Z', DEFAULT, '2020-03-27T02:50:33.000Z', DEFAULT, DEFAULT, '2020-07-15T06:56:14.000Z', DEFAULT, DEFAULT, '2020-03-27T02:51:09.000Z', DEFAULT, '2020-11-07T11:08:29.000Z', DEFAULT, '2020-10-22T21:22:04.000Z', DEFAULT), ('c7ad2c0b-3908-54e4-a3c8-761e2d12273f', 'bf86aa27-ac9a-5f6e-b232-7153afa6c8e7', '8efc7bcf-a84a-57b9-85f6-6ff262016fef', 'Editor', 'Ayana.Corkery13409@spotlightpopulist.biz', 'Fueritaque sent divido laus aut aret placeat tum.', '2020-06-22T17:23:18.000Z', '2020-11-27T22:45:10.000Z', 'Legent alientiamque reliquaque met ophis id, os oratque aut voluptatem praeter pediti tuo es.', '2020-04-28T03:13:43.000Z', 'Expetate si inem potiusque malum.', '2020-03-03T02:16:57.000Z', 'Reprehenti am quae ultime satistamen ut, quo inorattin omnium si inmors.', 'Et voluptat a et qua a ii, esse claris quaerenimus si igiti ad.', '2020-10-02T09:21:36.000Z', '2020-09-17T09:12:15.000Z', '{"Puerili":"Nostri voluptatib evenimo"}', '{"Se":"Status iam"}', 't', '2020-07-15T06:57:38.000Z', '2020-06-26T05:55:52.000Z', DEFAULT, '2020-09-13T21:03:12.000Z', DEFAULT, DEFAULT, '2020-04-16T03:18:52.000Z', DEFAULT, DEFAULT, '2020-11-19T22:46:40.000Z', DEFAULT, '2020-02-26T13:14:43.000Z', DEFAULT, '2020-02-10T01:27:23.000Z', DEFAULT), ('fb564707-747a-5b85-ab1f-616b8831d8f6', '96b389fb-fbd8-548d-ba44-677a4b02cb59', '720e5dc2-4f0c-5dcb-9691-fe4933e31ee3', 'Viewer', 'Emely.Legros47494@jittery-rust.org', 'De ipsum philos diogenda non lectorquatus foedus ratione, satur quod omnium reiciat possumus.', '2020-05-09T04:41:25.000Z', '2020-01-05T12:26:25.000Z', 'Voluptas qui confidet tam fortibus ratione, in nunc hostis modo tibique ne quo proficur.', '2020-09-17T08:56:17.000Z', 'Confiderab santur ilitatas diligit ad utili, medicanim quod audacuto suo am disputatem inoptim dictur.', '2020-07-15T18:40:09.000Z', 'Detractis esse eturbane etiam ea, vider conter quibustus maluisti quibus.', 'Sit in cognitione ersia omnino aut stoicis.', '2020-04-16T15:25:59.000Z', '2020-05-09T16:32:55.000Z', '{"Et":"Aliae laborem"}', '{"Fama":"Laudani putenimo nam"}', 'f', '2020-11-03T10:17:44.000Z', '2020-10-22T21:43:30.000Z', DEFAULT, '2020-02-10T13:14:19.000Z', DEFAULT, DEFAULT, '2020-09-13T21:08:34.000Z', DEFAULT, DEFAULT, '2020-05-25T04:48:55.000Z', DEFAULT, '2020-07-23T18:30:58.000Z', DEFAULT, '2020-05-17T16:07:46.000Z', DEFAULT);
INSERT INTO public.teams (id,created_at,coach_id,organization_id,city,country,name) VALUES (120934406108, DEFAULT, 'a078c2a6-f48d-5245-91b1-037e1e1f3e88', NULL, 'Santa Clarita', 'Suriname', 'Ankunding - Rolfson'), (120934406109, DEFAULT, '28d4e0c1-0792-5c60-b446-d9500609eb2a', NULL, 'Bridgeport', 'Greece', 'Lemke,Conn and Harvey'), (120934406110, DEFAULT, 'b790a047-f1d9-5220-a8fd-5295104e6b9f', NULL, 'Temecula', 'Tuvalu', 'Lemke,Conn and Harvey'), (120934406111, DEFAULT, '15fc6919-375e-51de-810a-4fa5c36bd1a2', NULL, 'Flower Mound', 'Turks and Caicos Islands', 'Langworth - Erdman'), (120934406112, DEFAULT, '1331a82a-10d6-5764-8e6b-6f78832a98b3', NULL, 'Schenectady', 'Cote d''Ivoire', 'Gibson - Ryan'), (120934406113, DEFAULT, '6aa3abe8-f2c0-54a7-860f-a52f05c537e1', NULL, 'Mansfield', 'Malta', 'King,Brown and Blick'), (120934406114, DEFAULT, '4587bbde-a3cb-565b-a057-7d02456c9546', NULL, 'Redlands', 'Saint Lucia', 'Hettinger Inc'), (120934406115, DEFAULT, '5d76cc44-f8a9-546a-b1e4-d8401c0d80bd', NULL, 'Pflugerville', 'Palestinian Territory', 'Reinger,Oberbrunner and Ortiz'), (120934406116, DEFAULT, 'bf86aa27-ac9a-5f6e-b232-7153afa6c8e7', NULL, 'Minot', 'Brazil', 'D''Amore,Sporer and Waelchi'), (120934406117, DEFAULT, '96b389fb-fbd8-548d-ba44-677a4b02cb59', NULL, 'Auburn', 'Heard Island and McDonald Islands', 'Brown,Schimmel and Johns');
INSERT INTO public.exercises (id,created_at,name,team_id,details,description) VALUES (25, DEFAULT, 'Reinger,Oberbrunner and Ortiz', 120934406108, '{"Saepe":"Sit quam"}', 'De-engineered dynamic conglomeration'), (26, DEFAULT, 'Sanford - Schmeler', 120934406109, '{"Tempercipio":"Correcta bonum quia"}', 'Grass-roots local project'), (27, DEFAULT, 'Windler and Sons', 120934406110, '{"Probitaque":"Negate sint"}', 'User-friendly bottom-line groupware'), (28, DEFAULT, 'Wintheiser LLC', 120934406111, '{"Transferamic":"Am tale"}', 'Intuitive system-worthy hub'), (29, DEFAULT, 'Halvorson,Gulgowski and Kautzer', 120934406112, '{"Depulanim":"Has is mihi"}', 'Profound 24/7 methodology'), (30, DEFAULT, 'Brown,Schimmel and Johns', 120934406113, '{"Fastidii":"Doctis tollatin doloremus"}', 'Configurable object-oriented structure'), (31, DEFAULT, 'Harris Group', 120934406114, '{"Robus":"Et sunt ere"}', 'De-engineered user-facing model'), (32, DEFAULT, 'Lemke,Conn and Harvey', 120934406115, '{"Fabultimus":"Plura non se"}', 'Universal leading edge instruction set'), (33, DEFAULT, 'Ankunding - Rolfson', 120934406116, '{"Cum":"Et ocritudin"}', 'Assimilated static throughput'), (34, DEFAULT, 'Schulist,Grady and Emmerich', 120934406117, '{"Consequit":"Etur se"}', 'Triple-buffered neutral challenge');
SELECT setval('public.teams_id_seq'::regclass, (SELECT MAX("id") FROM "public"."teams"));
SELECT setval('public.exercises_id_seq'::regclass, (SELECT MAX("id") FROM "public"."exercises"));
INSERT INTO auth.users (instance_id,id,aud,role,email,encrypted_password,email_confirmed_at,invited_at,confirmation_token,confirmation_sent_at,recovery_token,recovery_sent_at,email_change_token_new,email_change,email_change_sent_at,last_sign_in_at,raw_app_meta_data,raw_user_meta_data,is_super_admin,created_at,updated_at,phone,phone_confirmed_at,phone_change,phone_change_token,phone_change_sent_at,email_change_token_current,email_change_confirm_status,banned_until,reauthentication_token,reauthentication_sent_at,is_sso_user,deleted_at,is_anonymous) VALUES ('784127ed-0be8-5a40-b938-87bc4b19f19a', '7825d07c-7346-595c-b739-81b195939eb1', 'c5964755-37e3-51e0-ad70-8663724fa659', 'Owner', 'Vita_Wunsch44302@arsesinger.info', 'Ne dissentiri in omnino suis non.', '2020-03-15T14:34:17.000Z', '2020-06-10T05:17:17.000Z', 'Eos sentiar est quam velito eorum inantium atque, quaeratum haec doloribus es tribus.', '2020-03-15T02:33:14.000Z', 'Hominstructus refermittat persecut autem amus ipsas, ut causa inem offenditat eos.', '2020-01-25T12:42:21.000Z', 'Nullam es natorum ut ant mensae qui fere.', 'Quae e graecis tum ea.', '2020-06-06T17:29:26.000Z', '2020-06-14T17:14:19.000Z', '{"Autem":"Non praecepicit varias"}', '{"Et":"E audiebamus levitatur"}', 'f', '2020-10-14T10:12:09.000Z', '2020-07-03T06:25:30.000Z', DEFAULT, '2020-10-26T21:29:28.000Z', DEFAULT, DEFAULT, '2020-03-11T02:46:27.000Z', DEFAULT, DEFAULT, '2020-07-15T18:27:20.000Z', DEFAULT, '2020-01-09T00:33:49.000Z', DEFAULT, '2020-01-17T12:52:08.000Z', DEFAULT), ('a0b80243-fb62-5d3d-96ab-4c09e93c7ca5', '2c7fd97e-4bb7-56ef-96e4-4c8994c27654', '814d392f-ad03-58df-bd76-4e6e924b99e6', 'Developer', 'Jensen.Christiansen19250@plasteroven.info', 'Natus aut possit sequamus vos.', '2020-10-26T21:43:34.000Z', '2020-12-20T23:17:44.000Z', 'Dere voluptate sed videm brevis.', '2020-08-08T07:59:33.000Z', 'Lat meam saepe me nullo voluptates alia.', '2020-07-07T06:45:50.000Z', 'Fieri tranquillitter metus primordam esse.', 'Ii vacil tamenim sunt expetendum.', '2020-12-24T23:57:32.000Z', '2020-08-16T19:17:17.000Z', '{"Ipsa":"Nis et"}', '{"Desideri":"Quasi conforis"}', 'f', '2020-03-19T15:03:57.000Z', '2020-09-25T21:04:48.000Z', DEFAULT, '2020-10-10T22:07:53.000Z', DEFAULT, DEFAULT, '2020-01-05T00:46:48.000Z', DEFAULT, DEFAULT, '2020-09-25T20:50:00.000Z', DEFAULT, '2020-04-04T03:38:36.000Z', DEFAULT, '2020-09-13T20:57:36.000Z', DEFAULT), ('575d3ea3-9c84-54bc-9240-dab7d7137772', '3dd49e19-c719-565f-8f53-3942ebdb623e', '47379193-1d46-5584-a615-cf92b6f64c9e', 'Owner', 'Marlin_Hyatt39489@possetspeaker.org', 'Graecos tam expetentur laetam studium docenimic es.', '2020-05-13T04:41:09.000Z', '2020-09-01T08:10:48.000Z', 'Platonisse naturus fieri ad pararet, sine se legenimi nobista sine contra physicisset.', '2020-06-10T17:47:41.000Z', 'De probeste mensae hinc clamatem.', '2020-11-23T10:16:40.000Z', 'Dicit et doloribus quae praetorem horum virtutibus genia, timum eturus vicia est a placeatur soliti.', 'Statimper rem naturum cum libid, rebus res ancipi illa quaeque summum consilio.', '2020-12-28T23:59:41.000Z', '2020-10-10T22:00:39.000Z', '{"Attulet":"Cere etiam"}', '{"Magis":"Et inere quisita"}', 'f', '2020-07-11T19:05:50.000Z', '2020-10-26T21:57:32.000Z', DEFAULT, '2020-01-17T00:28:22.000Z', DEFAULT, DEFAULT, '2020-04-24T03:40:40.000Z', DEFAULT, DEFAULT, '2020-12-17T00:00:32.000Z', DEFAULT, '2020-07-07T18:25:13.000Z', DEFAULT, '2020-01-21T12:14:54.000Z', DEFAULT), ('5d2e5081-de12-5805-bbe7-1bb0d740904d', 'f9aba947-f130-5cac-929b-9e310d6969c3', 'd1f311ed-7b7d-5848-9fc3-f2e824d6dc40', 'Editor', 'Arthur_Kub81338@unbuttonhound.org', 'Esse solem domest ilius laboribus.', '2020-10-18T10:12:20.000Z', '2020-10-14T10:11:48.000Z', 'Atiungimus primisti ut quod appetenim, tam propter eten si sunt.', '2020-04-28T03:31:26.000Z', 'Is non adverbis et viver.', '2020-09-17T08:49:59.000Z', 'Iditum voluptas sunt et nullam aut quidem, ipsius am inaverno summum anime.', 'Quem quidem cum convincere molest suum, idium quae bella igitation agamuri scriptorquatus.', '2020-07-27T18:08:25.000Z', '2020-03-19T14:41:49.000Z', '{"De":"Causa quod"}', '{"Epicare":"Notionem modo illam"}', 't', '2020-12-16T11:42:15.000Z', '2020-03-15T14:19:43.000Z', DEFAULT, '2020-01-05T12:09:10.000Z', DEFAULT, DEFAULT, '2020-11-03T11:07:36.000Z', DEFAULT, DEFAULT, '2020-02-22T13:42:57.000Z', DEFAULT, '2020-12-16T23:39:35.000Z', DEFAULT, '2020-02-18T01:46:23.000Z', DEFAULT), ('cd596ad4-8538-5e8f-9aee-ccfd10284506', '7c7c1fa6-93aa-5c7c-88f8-7b20676492f3', '534990c9-7dba-5c29-b4f5-505b65285475', 'Viewer', 'Trever.Kovacek4644@liquid-magnet.info', 'Malis quod etiam inmens per.', '2020-08-08T07:20:52.000Z', '2020-06-10T05:45:15.000Z', 'Et cupid ratione util dolorem animi.', '2020-04-16T15:45:54.000Z', 'Malare his remotiosae nullam voluptate in studium, orum cum notistae me latinosit ex naturei es.', '2020-03-27T02:51:09.000Z', 'A placet esta locum quae meliustit quaeque, afrantur melius ali potest incordans.', 'Accusandae perpessio autem cognit quo esse etiam.', '2020-02-02T01:05:48.000Z', '2020-01-25T12:42:35.000Z', '{"Aut":"Fere in"}', '{"Diligita":"Mortalo poetisse totele"}', 'f', '2020-10-14T21:22:45.000Z', '2020-12-08T12:10:19.000Z', DEFAULT, '2020-05-13T17:00:01.000Z', DEFAULT, DEFAULT, '2020-08-28T07:44:44.000Z', DEFAULT, DEFAULT, '2020-03-23T02:07:51.000Z', DEFAULT, '2020-08-08T08:03:24.000Z', DEFAULT, '2020-01-01T12:01:38.000Z', DEFAULT), ('a6ea83f0-233e-579c-af54-cceda150fd52', '9f56bc59-79e7-56b3-8b53-712764e570e1', '4efa7716-ae18-52de-bf3e-e2b8244093b2', 'Owner', 'Nestor_Balistreri79020@dependablethyme.com', 'Voluptatem praeteritat ur non statimum ipsam dolore vivenim.', '2020-01-21T12:56:16.000Z', '2020-06-18T17:15:12.000Z', 'Sint id cum iscuntur is nostera epicur.', '2020-05-09T04:29:04.000Z', 'Ipse defenteris famil maximpertin fore finitis de.', '2020-06-22T05:15:44.000Z', 'Nam ne perpauca discipi suum sapere, veseramot a si nec autem leviore.', 'Um distrahi referga qui splendidere rerum.', '2020-08-16T19:31:09.000Z', '2020-11-03T11:02:28.000Z', '{"Intereant":"Si non"}', '{"Ratione":"Dictur nam causa"}', 'f', '2020-04-08T03:08:15.000Z', '2020-06-26T05:07:03.000Z', DEFAULT, '2020-05-01T16:17:39.000Z', DEFAULT, DEFAULT, '2020-06-22T05:41:57.000Z', DEFAULT, DEFAULT, '2020-11-11T10:20:26.000Z', DEFAULT, '2020-06-02T18:09:35.000Z', DEFAULT, '2020-04-12T03:25:13.000Z', DEFAULT), ('be56f1dc-de87-5e29-80df-4975e84c5394', '3518cb23-a71f-5cd9-a733-6a8b4c5deff5', '5c6b4bba-8a0e-5fc0-8536-fd94262cdc52', 'Developer', 'Jamarcus.Bode34984@earlybrunch.biz', 'Meque longinquit philos salut ut.', '2020-02-02T13:28:32.000Z', '2020-07-23T06:57:52.000Z', 'De dubit peccanest dictum cum legimus et.', '2020-04-16T15:37:24.000Z', 'Eum et aut sint atesse recte, contenta nihilla eque voluptat recus utus scribendum sit.', '2020-10-02T22:10:47.000Z', 'Firmavit contra ad doloris tam cere.', 'Cordia rudem esse quaerendum cum um maxim, copulla et torum qui viverete.', '2020-12-16T11:53:05.000Z', '2020-02-26T13:52:28.000Z', '{"Quod":"Nus sint is"}', '{"Fatem":"Vult suppetita cognomines"}', 'f', '2020-05-01T04:56:26.000Z', '2020-12-16T23:54:29.000Z', DEFAULT, '2020-11-27T22:44:35.000Z', DEFAULT, DEFAULT, '2020-09-25T08:43:57.000Z', DEFAULT, DEFAULT, '2020-06-22T05:41:50.000Z', DEFAULT, '2020-07-19T06:45:06.000Z', DEFAULT, '2020-09-13T21:07:10.000Z', DEFAULT), ('eb90aa06-6432-546c-a90d-5843cd912144', '34a2a199-63a6-5870-baef-3b69852c80e1', '3c54df08-ac9b-57ae-bc6a-e25a26bd49ab', 'Viewer', 'Toy.Veum42922@awful-poetry.biz', 'Eum meliustitud is iudicuri hoc laus non dicunum, segniorem crudelectam antur didistius eum in.', '2020-05-09T16:52:15.000Z', '2020-03-03T02:10:40.000Z', 'Novum ab quae adduci philosoper.', '2020-07-27T06:28:21.000Z', 'Tibusdam numquam si zenonum physicis nam, continaces veniam iis quod alterisdem et certa tuo.', '2020-02-18T13:25:10.000Z', 'Et perii quis quodsi reperit tum de.', 'Utincidan et possimus ant dolores non.', '2020-02-26T01:31:36.000Z', '2020-07-11T06:18:03.000Z', '{"It":"Ratione rerum"}', '{"Qui":"Inem eor privent"}', 'f', '2020-12-05T00:08:16.000Z', '2020-07-23T18:32:21.000Z', DEFAULT, '2020-04-24T15:09:55.000Z', DEFAULT, DEFAULT, '2020-08-04T07:58:34.000Z', DEFAULT, DEFAULT, '2020-11-11T10:35:14.000Z', DEFAULT, '2020-12-20T11:11:40.000Z', DEFAULT, '2020-11-15T10:40:46.000Z', DEFAULT), ('79f6a469-7f67-5722-b283-9c1763a0f82f', '62ea985e-2629-5051-ae64-13fcb72da380', '8fa7f4cd-d129-53d1-8aa6-f564533a3276', 'Developer', 'Stephon_O_Conner97783@buttshear.biz', 'Dolorit requirere quos spe etista causa es.', '2020-12-04T11:40:11.000Z', '2020-04-24T16:05:58.000Z', 'Eos posset modo te non efficiantur es.', '2020-05-01T16:54:48.000Z', 'Ani intemerem inerud petuisti mediocrium voluptate ineritum, depravat parationem et illam ut perpetua sicultiman.', '2020-09-13T20:09:15.000Z', 'Negat si autem laboresse conflixisti audiam et non.', 'Ea quanti est morte il hoc, interdican vacilla audit deinde es fuisse versionibus.', '2020-08-04T19:51:13.000Z', '2020-07-19T07:09:35.000Z', '{"Utus":"Erete efficiatis autem"}', '{"Voluptatis":"Docti contenditat praeseriam"}', 't', '2020-07-11T06:56:37.000Z', '2020-07-27T06:57:00.000Z', DEFAULT, '2020-09-17T20:56:16.000Z', DEFAULT, DEFAULT, '2020-08-28T07:48:49.000Z', DEFAULT, DEFAULT, '2020-07-15T06:20:55.000Z', DEFAULT, '2020-09-05T08:15:39.000Z', DEFAULT, '2020-01-01T12:34:51.000Z', DEFAULT), ('91671e47-c861-5816-a42b-aefca3ba6737', 'f3d1cb0b-d4f8-5bc6-94e1-934ef8d22880', 'b406c75d-ecf2-5867-af80-c0c9171167e4', 'Owner', 'Jaime.Bernhard51457@enrage-helicopter.biz', 'Mone multos iudicura minus tum ut quae ut.', '2020-05-05T04:15:02.000Z', '2020-07-03T06:17:28.000Z', 'In ita locum aut accursio dictum si.', '2020-10-14T09:49:18.000Z', 'Eum de voluptatos mihi are autem.', '2020-07-11T18:18:31.000Z', 'Facim optari per expetum partiendo orteturnit dolorum.', 'Puerillus prosperspicuum aut detractis quas si non audiam, et quidem victi vera sit am.', '2020-12-13T00:00:50.000Z', '2020-10-22T10:11:07.000Z', '{"Alem":"Epicta iditurei"}', '{"Mucius":"Ante consequat primo"}', 't', '2020-04-08T03:44:43.000Z', '2020-03-03T14:17:26.000Z', DEFAULT, '2020-02-14T13:04:57.000Z', DEFAULT, DEFAULT, '2020-01-05T00:48:53.000Z', DEFAULT, DEFAULT, '2020-12-24T11:40:03.000Z', DEFAULT, '2020-06-26T17:39:06.000Z', DEFAULT, '2020-09-21T08:12:39.000Z', DEFAULT);
INSERT INTO public.teams (id,created_at,coach_id,organization_id,city,country,name) VALUES (120934406118, DEFAULT, '7825d07c-7346-595c-b739-81b195939eb1', NULL, 'Bowie', 'Peru', 'Brown,Schimmel and Johns'), (120934406119, DEFAULT, '2c7fd97e-4bb7-56ef-96e4-4c8994c27654', NULL, 'Springdale', 'Bhutan', 'Durgan and Sons'), (120934406120, DEFAULT, '3dd49e19-c719-565f-8f53-3942ebdb623e', NULL, 'Victoria', 'Iceland', 'Hills and Sons'), (120934406121, DEFAULT, 'f9aba947-f130-5cac-929b-9e310d6969c3', NULL, 'Irving', 'Bermuda', 'Hammes,Bosco and Beahan'), (120934406122, DEFAULT, '7c7c1fa6-93aa-5c7c-88f8-7b20676492f3', NULL, 'Florin', 'Mayotte', 'Berge LLC'), (120934406123, DEFAULT, '9f56bc59-79e7-56b3-8b53-712764e570e1', NULL, 'Scottsdale', 'Paraguay', 'Brown,Schimmel and Johns'), (120934406124, DEFAULT, '3518cb23-a71f-5cd9-a733-6a8b4c5deff5', NULL, 'Sunrise Manor', 'Burkina Faso', 'Cummerata Inc'), (120934406125, DEFAULT, '34a2a199-63a6-5870-baef-3b69852c80e1', NULL, 'Kennewick', 'Niger', 'Wintheiser LLC'), (120934406126, DEFAULT, '62ea985e-2629-5051-ae64-13fcb72da380', NULL, 'Hattiesburg', 'Kuwait', 'Hettinger Inc'), (120934406127, DEFAULT, 'f3d1cb0b-d4f8-5bc6-94e1-934ef8d22880', NULL, 'Joliet', 'Lithuania', 'Nolan Group');
INSERT INTO public.tasks (id,created_at,title,team_id,details) VALUES (35, DEFAULT, 'Tony Jones', 120934406118, '{"Contra":"Multa quae"}'), (36, DEFAULT, 'Mireya Schneider', 120934406119, '{"Am":"Virtutum is causam"}'), (37, DEFAULT, 'Elenora Kuhn', 120934406120, '{"Amiculis":"Suscepere patere"}'), (38, DEFAULT, 'Chaya Rice', 120934406121, '{"Tum":"Tota et aut"}'), (39, DEFAULT, 'Demetris Schimmel', 120934406122, '{"Est":"In placet ut"}'), (40, DEFAULT, 'Ryder Corwin', 120934406123, '{"Nec":"Ipsos ad"}'), (41, DEFAULT, 'Madge Steuber', 120934406124, '{"Res":"Epicur naturus cyrenaicis"}'), (42, DEFAULT, 'Hilda Gerhold', 120934406125, '{"Omne":"Et hoc"}'), (43, DEFAULT, 'Miller Beier', 120934406126, '{"Deserit":"Quam monitatum efficillas"}'), (44, DEFAULT, 'Sage Marquardt', 120934406127, '{"Eo":"Necest ut infere"}');
SELECT setval('public.teams_id_seq'::regclass, (SELECT MAX("id") FROM "public"."teams"));
SELECT setval('public.tasks_id_seq'::regclass, (SELECT MAX("id") FROM "public"."tasks"));
INSERT INTO auth.users (instance_id,id,aud,role,email,encrypted_password,email_confirmed_at,invited_at,confirmation_token,confirmation_sent_at,recovery_token,recovery_sent_at,email_change_token_new,email_change,email_change_sent_at,last_sign_in_at,raw_app_meta_data,raw_user_meta_data,is_super_admin,created_at,updated_at,phone,phone_confirmed_at,phone_change,phone_change_token,phone_change_sent_at,email_change_token_current,email_change_confirm_status,banned_until,reauthentication_token,reauthentication_sent_at,is_sso_user,deleted_at,is_anonymous) VALUES ('b044d976-61b1-5fb0-83e1-253dd346cad4', 'fe36f600-76e1-507f-8ef9-b6c61240187b', 'c46c490e-f09c-51ee-b285-4dd5915d9b5c', 'Owner', 'Nya.Dooley65919@scrapanyone.info', 'Quem et met neque essariae si quid vivendarum.', '2020-01-05T12:22:13.000Z', '2020-09-21T21:00:12.000Z', 'Sed adversatur putatur si quisitem tale cur ipsam, senectare in conceditat multa igione.', '2020-11-19T10:18:28.000Z', 'Contenuit hoc cere autem temporistip arridendam ornatur.', '2020-06-06T05:38:18.000Z', 'Depravatio comparte maximus animperspic est dolorati coniunt.', 'Ratio in sunt hominter bonis.', '2020-03-15T02:28:06.000Z', '2020-11-03T22:15:24.000Z', '{"Dente":"Dein caretiam"}', '{"Quo":"Magni vel nullo"}', 'f', '2020-05-01T04:51:05.000Z', '2020-05-13T16:53:09.000Z', DEFAULT, '2020-10-02T21:36:31.000Z', DEFAULT, DEFAULT, '2020-06-26T17:19:53.000Z', DEFAULT, DEFAULT, '2020-08-28T07:20:30.000Z', DEFAULT, '2020-03-11T14:28:51.000Z', DEFAULT, '2020-08-16T07:54:48.000Z', DEFAULT), ('d5d5e6a6-559c-5659-aa7e-cc6d77b4e942', '01e5a9cf-425c-534c-890c-e63de8fe4939', 'cc05b1ec-a005-561d-aba6-e6b6a5729cfd', 'Owner', 'Patsy.Wilkinson5419@sanctifywombat.info', 'Rem chrysippo quam voluptatib probanimi curatem ad non.', '2020-05-01T05:05:11.000Z', '2020-09-09T21:08:16.000Z', 'Quod gauderantia defen iudici solis comparum ultime propter, eturum moratque sibus aeteret eturae haec iucundius tum.', '2020-09-05T20:52:00.000Z', 'Deinde esse leniaturus virtutem ipsa non, quid supplicab recus fidemanim est bonum physicis.', '2020-08-12T20:05:34.000Z', 'Sapientia utraque praesenitas inimo feratis ut.', 'Si quod virtutest salut displicabo corpus sic erendum.', '2020-09-09T08:58:01.000Z', '2020-05-09T16:55:39.000Z', '{"Siliis":"Quamque ipsas ut"}', '{"Vertates":"Quam sed plentur"}', 't', '2020-03-11T15:02:46.000Z', '2020-11-11T22:36:10.000Z', DEFAULT, '2020-01-05T12:29:05.000Z', DEFAULT, DEFAULT, '2020-07-15T18:29:26.000Z', DEFAULT, DEFAULT, '2020-07-11T06:12:28.000Z', DEFAULT, '2020-02-22T01:19:46.000Z', DEFAULT, '2020-02-18T13:59:47.000Z', DEFAULT), ('66aa090f-6be7-54cb-8372-9748c0a9bb88', 'aea8ca94-6d3b-597e-972c-ce63d7ac1a9d', 'a3ff241b-8285-5123-97df-c6b28db1aa00', 'Editor', 'Devan_Predovic82182@root-zoo.info', 'It magnoper cumque dici ut non.', '2020-09-21T08:56:27.000Z', '2020-10-26T21:33:19.000Z', 'Fore animis levam cadero etiam ea antippus nec, modo nec cognosque neque ocritata sit finitatae.', '2020-01-17T00:58:32.000Z', 'A sunt seiunctum si praeteritem quisquis.', '2020-11-03T10:14:14.000Z', 'Sint erque accusatib in non fieri legatest, aut et inantes sed fatem moratas de hoc.', 'Est us iucundius tamendum an molest ad.', '2020-04-08T03:27:15.000Z', '2020-01-17T13:01:34.000Z', '{"Patiendissid":"Vidiae si"}', '{"Ut":"Mnesarbitrar ut sit"}', 't', '2020-05-09T17:01:49.000Z', '2020-05-09T04:44:27.000Z', DEFAULT, '2020-09-17T20:59:53.000Z', DEFAULT, DEFAULT, '2020-01-21T00:36:34.000Z', DEFAULT, DEFAULT, '2020-05-17T16:25:08.000Z', DEFAULT, '2020-01-17T13:04:22.000Z', DEFAULT, '2020-11-03T10:32:25.000Z', DEFAULT), ('b0fc24d2-8fca-54e4-a9c8-fbf2e606866b', '23045033-13b5-59b0-8a93-28ac57effb0a', '41c158bb-9d8c-5449-b072-dbbc0d4d7b21', 'Viewer', 'Aisha.Braun11711@intentstallion.org', 'Maxim sum quaedamet ille suavit non malorest et, mediocrisque delecto meam vocanus pertinctio omnem or.', '2020-09-01T08:46:21.000Z', '2020-03-15T02:04:41.000Z', 'Hunc nobis quam vix mediocrem virtutem otiose, pacemus ob penderit pueri amotio vult ad quo.', '2020-05-25T04:31:48.000Z', 'Ipsa corrigerror et ine hocles geren hominesse accedere, sapientiam omnisi se voluptatem nimis qui.', '2020-02-22T01:37:36.000Z', 'Et vero c libere cum, earum consed graecum sit menantippi inflammat nostrum.', 'Romanim sic evens ernatur sed reliquamur probatio met.', '2020-04-20T15:29:54.000Z', '2020-06-22T17:06:24.000Z', '{"Erangusti":"Quem abillas"}', '{"Quae":"Nis interror"}', 'f', '2020-12-24T23:16:52.000Z', '2020-03-27T14:30:04.000Z', DEFAULT, '2020-05-25T16:29:20.000Z', DEFAULT, DEFAULT, '2020-01-17T12:28:07.000Z', DEFAULT, DEFAULT, '2020-07-19T18:43:57.000Z', DEFAULT, '2020-11-19T10:33:51.000Z', DEFAULT, '2020-03-07T14:31:35.000Z', DEFAULT), ('2533eaa4-9cdb-5326-96f8-214087b8663d', '680e2035-d21a-549f-8493-95b499539d17', '6bfffb0f-dcf5-52a7-96da-99e8ce2df746', 'Developer', 'Jacynthe_Feil1991@negativeskywalk.com', 'Sententiae nihilla potius semelissim effictae hic et.', '2020-11-27T10:20:42.000Z', '2020-09-13T08:35:08.000Z', 'Et his quam ratio expeten debillum, voluptatum metum etudina quid menanda.', '2020-05-25T04:25:51.000Z', 'Quas nondum et bonumque ipsi.', '2020-02-22T01:14:18.000Z', 'Litteris ipsos expedire ab quidem nobis, mandam everamic gravitione ut legunt.', 'Est tempus est maxim et.', '2020-04-16T15:16:04.000Z', '2020-02-22T13:38:59.000Z', '{"E":"Tamquam scientiamque"}', '{"Summa":"Utendum aut ut"}', 'f', '2020-05-09T16:34:47.000Z', '2020-12-20T11:45:28.000Z', DEFAULT, '2020-02-18T01:58:09.000Z', DEFAULT, DEFAULT, '2020-07-23T18:58:21.000Z', DEFAULT, DEFAULT, '2020-02-06T13:55:58.000Z', DEFAULT, '2020-02-22T13:02:24.000Z', DEFAULT, '2020-09-13T21:00:31.000Z', DEFAULT), ('dfa8363e-2d63-5c28-936d-237120e76aa2', 'b70b3cb7-f47f-5383-af6d-437e46838fa6', 'ea03b9df-8b8d-548a-9050-10d1d5537a2e', 'Developer', 'Hermann_Conn22474@apologizegrandma.com', 'Esse magistunt fuisse est poenissemper, quae se medicis delectari e omnemin tumeloquen moveatur.', '2020-04-28T03:24:54.000Z', '2020-10-22T09:48:23.000Z', 'Oculum ationem et neglexeret sit etriaque, mentit alis iniucuna a romangorib.', '2020-04-12T15:53:52.000Z', 'Ut lit laetet am ari fugiatur.', '2020-10-26T09:47:32.000Z', 'Quod alliciatur nobistae et util alientia, nis id aut autem in ate.', 'As ate conquireniet alia de non eret studium, taneum quid qua levius dolorest simplicab a.', '2020-02-26T01:31:57.000Z', '2020-01-01T00:14:06.000Z', '{"Iudicari":"Ac minus"}', '{"Tale":"Quae etricest"}', 't', '2020-04-12T15:45:15.000Z', '2020-11-27T10:37:36.000Z', DEFAULT, '2020-08-12T19:33:10.000Z', DEFAULT, DEFAULT, '2020-08-16T19:54:06.000Z', DEFAULT, DEFAULT, '2020-09-13T08:37:20.000Z', DEFAULT, '2020-04-20T15:13:49.000Z', DEFAULT, '2020-03-07T14:22:02.000Z', DEFAULT), ('63958a23-4d91-5b10-9649-86c7bace6b07', '84e0da95-94ab-51c9-bd2b-e84469f809d3', '87a05264-4b72-5f7e-b849-61be21fb2f5c', 'Owner', 'Reggie_Pfannerstill60668@tarprobation.biz', 'Et posita sit nihilla afficiuntur.', '2020-02-26T01:54:47.000Z', '2020-01-17T12:48:09.000Z', 'Ipso res fecta atem sibus detractio quibus.', '2020-03-23T14:50:30.000Z', 'Evola respirare tentiam magnostrum quod epicia.', '2020-06-18T06:03:12.000Z', 'Int doloresse init cumandriam quibus et quod, de sit facerundius eriam sunt iditia.', 'Ant ob animper alias eum.', '2020-10-14T21:52:06.000Z', '2020-06-26T17:33:38.000Z', '{"Nam":"Et philos"}', '{"Vel":"Honesse inem"}', 'f', '2020-11-07T10:13:36.000Z', '2020-12-04T23:36:06.000Z', DEFAULT, '2020-02-26T01:43:08.000Z', DEFAULT, DEFAULT, '2020-08-12T19:10:34.000Z', DEFAULT, DEFAULT, '2020-10-26T09:21:47.000Z', DEFAULT, '2020-03-07T02:13:11.000Z', DEFAULT, '2020-04-04T03:31:22.000Z', DEFAULT), ('17eb8cb3-f9a4-5cbd-b5bd-1e3fc16a42de', '3bf57296-6e1c-59a6-96cc-ec860abd9e6e', '8c8a9743-f29b-57cd-a496-3373077d9997', 'Editor', 'Alphonso.Stracke80408@cripplediscovery.info', 'Inant acri totus quid non quam fantes tam.', '2020-09-17T08:30:18.000Z', '2020-02-22T13:59:51.000Z', 'Aut repere voluptatem melius a aut in.', '2020-11-11T10:59:41.000Z', 'Vestra ferendarum si cuiquam trader, desidem sed propterum et ego instructus studuis voluptas.', '2020-12-20T23:31:50.000Z', 'Deorsummum bonis ut aliens quoniam statimus est, variis scriberamic scriptorem aut quam sum.', 'Sunt cum doloriis virtus concedis es quia ut, muneret non semperpauca qui de.', '2020-12-20T11:20:11.000Z', '2020-12-24T11:31:19.000Z', '{"Autem":"Torquatis sit"}', '{"Animum":"Omnium moles"}', 't', '2020-10-10T21:15:48.000Z', '2020-07-27T06:54:54.000Z', DEFAULT, '2020-02-10T02:01:59.000Z', DEFAULT, DEFAULT, '2020-10-10T21:47:23.000Z', DEFAULT, DEFAULT, '2020-08-12T19:38:32.000Z', DEFAULT, '2020-10-22T10:11:14.000Z', DEFAULT, '2020-01-09T13:02:57.000Z', DEFAULT), ('202a875a-4204-52a1-bf25-861601b8c404', '0daaba89-1076-56c8-83f0-42d25561a615', '15f8e558-1dca-562c-a4e1-94163a8ce244', 'Owner', 'Kenny.Jerde5077@dishearten-witchhunt.com', 'Collegunde convicti vituptates in non.', '2020-12-16T11:43:18.000Z', '2020-07-19T06:32:03.000Z', 'Met ea eturnumer nostram perpetet suscipi litter.', '2020-09-25T21:02:49.000Z', 'Id horum posset recte epicet est, fuisse vult scaevolvenir um voluptas.', '2020-02-14T02:04:37.000Z', 'Dedocat semperpeten homeramic acunt nobistiman relique partem sit, divideram nobissimum omnes gloriae loca maiorem si.', 'Exissimum et praesendi aiunt seiunctum poenis liberga, causa antiquitur plato corporro locat quae earum.', '2020-07-15T06:14:17.000Z', '2020-05-17T16:11:02.000Z', '{"Aut":"Sensibus mutatem"}', '{"Ur":"E entur"}', 'f', '2020-11-19T22:33:37.000Z', '2020-06-26T17:19:53.000Z', DEFAULT, '2020-12-04T23:36:00.000Z', DEFAULT, DEFAULT, '2020-05-21T16:34:45.000Z', DEFAULT, DEFAULT, '2020-12-09T00:01:00.000Z', DEFAULT, '2020-12-16T23:52:23.000Z', DEFAULT, '2020-12-08T23:36:04.000Z', DEFAULT), ('5bbe1266-2b23-5e67-ae7a-b620e309ba26', 'a1497b7b-a20d-53fc-8ea2-f52352423544', '355fdab4-a171-57a0-bf08-01c86904cdd0', 'Developer', 'Martin.Dicki61108@disestablishdesign.biz', 'Dulce vestra sent nis viris dolorum consuetudin dulce.', '2020-10-26T09:28:18.000Z', '2020-12-08T11:26:51.000Z', 'Latinscientia quod aut ad liber, sum homin efficeri contra legationes.', '2020-06-14T17:35:31.000Z', 'Quae aut et titura ad.', '2020-06-10T17:17:58.000Z', 'Repelego et semper suis consule non interum sane.', 'Ophi fieri praeteranim genia semperpeten omnino sint quondam, inquam atheniste sumeri blanditas sumerit.', '2020-12-17T00:01:22.000Z', '2020-03-27T14:41:08.000Z', '{"Ullo":"Sublat nihilita sint"}', '{"De":"Rerum placeatur sent"}', 'f', '2020-01-13T00:14:25.000Z', '2020-07-03T18:30:51.000Z', DEFAULT, '2020-11-07T23:04:31.000Z', DEFAULT, DEFAULT, '2020-05-05T04:38:48.000Z', DEFAULT, DEFAULT, '2020-05-09T16:54:56.000Z', DEFAULT, '2020-06-18T17:18:49.000Z', DEFAULT, '2020-07-03T18:10:56.000Z', DEFAULT);
INSERT INTO public.teams (id,created_at,coach_id,organization_id,city,country,name) VALUES (120934406128, DEFAULT, 'fe36f600-76e1-507f-8ef9-b6c61240187b', NULL, 'Vineland', 'Liberia', 'Davis - Kertzmann'), (120934406129, DEFAULT, '01e5a9cf-425c-534c-890c-e63de8fe4939', NULL, 'Bellingham', 'Chile', 'Harris Group'), (120934406130, DEFAULT, 'aea8ca94-6d3b-597e-972c-ce63d7ac1a9d', NULL, 'Normal', 'Lithuania', 'Windler and Sons'), (120934406131, DEFAULT, '23045033-13b5-59b0-8a93-28ac57effb0a', NULL, 'Haverhill', 'Greece', 'Brown,Schimmel and Johns'), (120934406132, DEFAULT, '680e2035-d21a-549f-8493-95b499539d17', NULL, 'Taylor', 'Bolivia', 'Tillman Group'), (120934406133, DEFAULT, 'b70b3cb7-f47f-5383-af6d-437e46838fa6', NULL, 'Charlottesville', 'France', 'Brown,Schimmel and Johns'), (120934406134, DEFAULT, '84e0da95-94ab-51c9-bd2b-e84469f809d3', NULL, 'Lewisville', 'Belgium', 'Reinger,Oberbrunner and Ortiz'), (120934406135, DEFAULT, '3bf57296-6e1c-59a6-96cc-ec860abd9e6e', NULL, 'Fayetteville', 'United Kingdom', 'Glover LLC'), (120934406136, DEFAULT, '0daaba89-1076-56c8-83f0-42d25561a615', NULL, 'Antioch', 'Iceland', 'Windler and Sons'), (120934406137, DEFAULT, 'a1497b7b-a20d-53fc-8ea2-f52352423544', NULL, 'Kokomo', 'Tokelau', 'Goodwin,Ryan and Pagac');
INSERT INTO public.programs (id,start_date,end_date,team_id,details) VALUES (21, '2020-01-21', '2020-08-08', 120934406128, '{"Placet":"Et tum stare"}'), (22, '2020-11-23', '2020-03-19', 120934406129, '{"Progredeam":"Ne natur conscientia"}'), (23, '2020-09-05', '2020-06-22', 120934406130, '{"Contineant":"Fortituram iucunt"}'), (24, '2020-03-03', '2020-05-13', 120934406131, '{"Voluptat":"Inter cum neque"}'), (25, '2020-08-08', '2020-09-09', 120934406132, '{"Endi":"Quod ad"}'), (26, '2020-07-23', '2020-04-04', 120934406133, '{"Voluptas":"Es sit"}'), (27, '2020-05-01', '2020-01-21', 120934406134, '{"Utionisti":"Liberundum cum tu"}'), (28, '2020-10-06', '2020-02-10', 120934406135, '{"Numquam":"Faciamus quid"}'), (29, '2020-06-10', '2020-01-13', 120934406136, '{"Non":"Depravaris armatere"}'), (30, '2020-11-03', '2020-03-03', 120934406137, '{"Ant":"Natur as animus"}');
SELECT setval('public.teams_id_seq'::regclass, (SELECT MAX("id") FROM "public"."teams"));
SELECT setval('public.programs_id_seq'::regclass, (SELECT MAX("id") FROM "public"."programs"));
INSERT INTO auth.users (instance_id,id,aud,role,email,encrypted_password,email_confirmed_at,invited_at,confirmation_token,confirmation_sent_at,recovery_token,recovery_sent_at,email_change_token_new,email_change,email_change_sent_at,last_sign_in_at,raw_app_meta_data,raw_user_meta_data,is_super_admin,created_at,updated_at,phone,phone_confirmed_at,phone_change,phone_change_token,phone_change_sent_at,email_change_token_current,email_change_confirm_status,banned_until,reauthentication_token,reauthentication_sent_at,is_sso_user,deleted_at,is_anonymous) VALUES ('eb3a59a2-6575-54bf-a796-8b58aa1986a2', '93e8ac26-7d16-5343-89a1-a510c4ccd7db', 'de4d5fa7-0d2f-532b-8cf0-83a610d04d34', 'Viewer', 'Clark.Barrows57503@dramatise-bratwurst.biz', 'Maximad studiisque si titum quarum adopindus ret.', '2020-03-23T14:31:16.000Z', '2020-10-26T21:40:18.000Z', 'Ant quos endamur nunc enimus.', '2020-03-07T14:38:14.000Z', 'Quam requirere molita id sint melius ut potere, est scientiam ad carum ut aut quem.', '2020-11-07T22:23:59.000Z', 'Ad doctum sit vitae potesse iudiciter et, suapte ent dubit me mutat haec.', 'Illud est fruentempore int consumus, et coniunturum esse eturamput voluptator a poena putantiquis.', '2020-08-12T19:33:38.000Z', '2020-08-16T19:30:34.000Z', '{"Consequi":"Mortis cum in"}', '{"Facerenim":"Ipsos patria"}', 't', '2020-03-11T14:07:11.000Z', '2020-04-20T15:54:29.000Z', DEFAULT, '2020-05-13T16:36:43.000Z', DEFAULT, DEFAULT, '2020-12-08T11:23:49.000Z', DEFAULT, DEFAULT, '2020-03-07T14:43:35.000Z', DEFAULT, '2020-09-17T20:16:12.000Z', DEFAULT, '2020-10-06T09:33:48.000Z', DEFAULT), ('3d0dbfcf-8157-5987-81ef-21b06cf6ef71', 'dc4b09b4-494a-536b-9883-82220b038c16', 'd3c7b9eb-466e-5435-aac9-d4201e3104ad', 'Viewer', 'Treva.Mills18888@flawless-mesenchyme.com', 'Efficere quae cum instituenter via quem neque mihi.', '2020-09-09T20:43:41.000Z', '2020-11-27T11:11:02.000Z', 'Quibus hanc necest falso enimpeten quod se.', '2020-03-03T02:55:45.000Z', 'Contra aut es discidante qui exis optabiliar.', '2020-04-24T03:19:49.000Z', 'Veri censes putanciplin provin nam nonne a, omis ulistimo numeri approbans iliae.', 'Vitam ratione nutu ad erita ut etura, probari fieri primum tarum tractatem detrimum.', '2020-07-19T06:21:07.000Z', '2020-03-11T14:04:37.000Z', '{"De":"Desiste tam"}', '{"Uti":"Est vera"}', 'f', '2020-08-20T19:43:05.000Z', '2020-12-16T23:36:53.000Z', DEFAULT, '2020-03-15T02:45:49.000Z', DEFAULT, DEFAULT, '2020-01-17T12:48:52.000Z', DEFAULT, DEFAULT, '2020-01-05T12:09:45.000Z', DEFAULT, '2020-11-23T22:24:29.000Z', DEFAULT, '2020-01-09T00:11:41.000Z', DEFAULT), ('ba553b7a-4439-5337-9ffe-e845dd654e34', '8a7af35b-124e-559d-ac93-40fde6d8cf5a', '1034aeb0-4cd3-5f07-9f84-313efc3d3333', 'Viewer', 'Niko.Morar15230@treasuredrobin.org', 'Aptior dolorum autemque censes ant poteretiam, mone sum delectu et consilio sapiendam molesse.', '2020-10-18T09:40:38.000Z', '2020-10-06T09:55:21.000Z', 'Ponti nihiliora et inanimos sit corpora nulli, suam sed inter auditiae cupiden tamendum.', '2020-07-27T06:14:01.000Z', 'Ut graeca nisi erinprobam tibi accedis admirerit perum.', '2020-06-26T05:56:41.000Z', 'Finire voluptatis atem es rem.', 'Idit es praetereatur ex deinde a civibus eos, modo as imis necescere vel quam legem pariatur.', '2020-05-01T04:13:55.000Z', '2020-06-26T05:54:50.000Z', '{"Quam":"Mens hae"}', '{"Posse":"E impeterig nam"}', 't', '2020-03-15T14:12:44.000Z', '2020-03-11T14:36:26.000Z', DEFAULT, '2020-11-19T10:41:18.000Z', DEFAULT, DEFAULT, '2020-12-12T12:15:31.000Z', DEFAULT, DEFAULT, '2020-08-28T19:46:15.000Z', DEFAULT, '2020-07-11T18:42:04.000Z', DEFAULT, '2020-12-16T23:50:03.000Z', DEFAULT), ('ed225eb9-1806-53a6-b0c4-70eaa8ded701', '7ffbcdf4-045b-575b-8385-19241b39cd80', 'e3ab0c2c-f73f-54aa-87cf-a310aa2a7f77', 'Owner', 'Caleb_Batz61760@lame-silo.com', 'Primum maxim gaudem sapienterer hic putanim rerum, non habet per alios transferre dici sedatius ob.', '2020-01-13T13:02:12.000Z', '2020-08-28T07:38:13.000Z', 'Liberet accesserit rem am non.', '2020-03-19T02:26:32.000Z', 'Vita feranda necestempus plato etiamus et expetiuntur.', '2020-08-16T08:09:57.000Z', 'Ducatibus ut theatro exceperta cum poster quo triari.', 'P rebus me regullus quidem voluptate, certe et metu rebus et faciunt metus.', '2020-05-21T04:19:16.000Z', '2020-05-05T04:28:54.000Z', '{"Posuit":"Quod num adverius"}', '{"Deniquid":"Poenis are"}', 'f', '2020-04-24T03:20:24.000Z', '2020-07-11T06:43:07.000Z', DEFAULT, '2020-07-23T06:21:25.000Z', DEFAULT, DEFAULT, '2020-08-16T07:30:20.000Z', DEFAULT, DEFAULT, '2020-05-17T05:00:47.000Z', DEFAULT, '2020-08-16T19:49:19.000Z', DEFAULT, '2020-01-17T12:45:15.000Z', DEFAULT), ('b85b84b7-feea-5b97-ac31-fe593a0d616d', 'e9a00cbc-bab1-59ee-82cb-964845121cb1', '70c481ef-e7fc-5d29-af24-a9b5d6de119c', 'Developer', 'Ernestine.Prohaska49129@prizechinchilla.info', 'Il natum crudelleniat in non, penderum se quo vitat et propter.', '2020-04-12T15:07:44.000Z', '2020-11-27T10:13:14.000Z', 'Parte ad torquatus non graecosophi estiae atur, vendibille sine instructior laudant e ipis providque probest.', '2020-06-02T17:33:13.000Z', 'Referudit potest natur ocritus voluntatib nihilla, ter et repelecto cuius incias.', '2020-11-03T10:25:11.000Z', 'Et quaeso de quoque santurpe albuci quo.', 'Natur voluptatum se vivenim quaedamation.', '2020-12-04T23:59:32.000Z', '2020-09-17T08:14:55.000Z', '{"Ut":"Ea consecum cum"}', '{"Dolorest":"Nos et aut"}', 't', '2020-08-16T07:56:18.000Z', '2020-12-20T12:01:04.000Z', DEFAULT, '2020-01-13T00:47:38.000Z', DEFAULT, DEFAULT, '2020-06-14T05:15:29.000Z', DEFAULT, DEFAULT, '2020-01-09T12:26:57.000Z', DEFAULT, '2020-05-21T16:25:47.000Z', DEFAULT, '2020-02-02T13:37:29.000Z', DEFAULT), ('a50552f5-767f-5681-a85f-c556c2bd319a', 'b98f52b7-611d-5963-bd65-4ff13b0f6f23', 'a91bdcd5-808f-5a9b-b019-1c72d175d03b', 'Owner', 'Roslyn.Medhurst60059@glassvane.org', 'Necesse ire quasi nec divit, an synephebosop et ile recte epicia.', '2020-09-01T20:49:08.000Z', '2020-12-24T11:13:01.000Z', 'Naturam theophrastus cohaeresse ea quae.', '2020-04-20T03:39:26.000Z', 'Studia et compossit significia unda, voluptatem vita malinvitam ea quibus.', '2020-03-07T14:14:56.000Z', 'Sum et intem theophrastus videat sit quod relin, pluribus silio vult quaeri modo.', 'Atus malinhuman indus iis nihil.', '2020-02-26T13:59:06.000Z', '2020-11-27T23:05:40.000Z', '{"Non":"Res satiscuntur sibi"}', '{"Voluptat":"Maximum diu doloria"}', 'f', '2020-07-03T18:22:35.000Z', '2020-10-22T09:14:50.000Z', DEFAULT, '2020-02-22T13:52:30.000Z', DEFAULT, DEFAULT, '2020-06-18T17:35:00.000Z', DEFAULT, DEFAULT, '2020-10-26T21:39:50.000Z', DEFAULT, '2020-11-19T22:42:49.000Z', DEFAULT, '2020-09-05T21:00:30.000Z', DEFAULT), ('7d97ba2f-d921-5d80-970e-0e557e8039fc', 'eced6823-370b-5a70-b776-29cbed03adaa', 'bb3c893a-328e-56cd-8853-8284ae0be887', 'Owner', 'Cale.Klein43201@rabbitmedal.net', 'Vitiis viderimus ab natur in.', '2020-12-04T11:49:31.000Z', '2020-07-07T06:46:18.000Z', 'Doctrina exis aut sive es explicabor, incidandae est confirmam iucunt modo si pericio.', '2020-06-06T05:55:11.000Z', 'Ne videruniv aut tamque vero ea.', '2020-06-02T06:08:18.000Z', 'Eum conscientia est e posse qua.', 'Quis qua nomin in non et satis, ipsa fruentemporis ad quam qui voluptatum a.', '2020-05-05T16:31:13.000Z', '2020-03-27T14:31:06.000Z', '{"Non":"Ipsa et"}', '{"Discipittam":"Eganime sum"}', 'f', '2020-12-24T11:47:58.000Z', '2020-04-08T03:20:22.000Z', DEFAULT, '2020-03-11T14:16:16.000Z', DEFAULT, DEFAULT, '2020-04-12T03:11:35.000Z', DEFAULT, DEFAULT, '2020-04-16T15:52:46.000Z', DEFAULT, '2020-10-14T21:43:57.000Z', DEFAULT, '2020-11-07T23:01:37.000Z', DEFAULT), ('eae14067-08e0-5606-9c66-afd9a5d8d374', '9d780d08-b47c-584f-aa20-43f7f12fd200', 'b605ea75-f3ad-5d0e-a0de-4e81eb521cc2', 'Viewer', 'Felicity_Mills83870@black-brand.com', 'Sine sit praetorate ad senseritus vivendum, aliae in parte fugiatur causa uta a.', '2020-07-11T18:43:48.000Z', '2020-11-03T23:00:44.000Z', 'Saepe aut orumque ea utuna es.', '2020-12-08T23:50:59.000Z', 'Non ut e magis quem quidem, vera incursu dici etiam nec ipis memincurat escent.', '2020-08-16T19:21:57.000Z', 'Taria laetit fieri amicitur inere mortali grata.', 'Tamque essarius cum libertam provocerem hoc causa estiae.', '2020-02-22T01:27:48.000Z', '2020-08-24T19:13:27.000Z', '{"Mundus":"Erem animum"}', '{"Maximo":"Graecosopho putetiam"}', 'f', '2020-09-05T21:01:19.000Z', '2020-04-04T15:12:23.000Z', DEFAULT, '2020-05-05T16:14:06.000Z', DEFAULT, DEFAULT, '2020-07-07T18:46:18.000Z', DEFAULT, DEFAULT, '2020-03-03T02:37:35.000Z', DEFAULT, '2020-09-01T21:06:58.000Z', DEFAULT, '2020-04-08T15:42:16.000Z', DEFAULT), ('181a2da2-aa5a-5f18-bf53-8f46f9c774ae', '5fedddc5-9766-5d14-be41-dbd0885df033', '3d408b13-8722-5e5e-a78d-d7156be770ec', 'Editor', 'Avery_Lind95127@carefree-abnormality.org', 'Posse rem diutur non epicatem referamen, suo graecis non naturei videtiam reici sed amare.', '2020-02-22T01:14:03.000Z', '2020-03-03T02:59:36.000Z', 'Si opere conclusae tamentur nobis voluptatem rem estum, viderrem non sine ea sic.', '2020-07-03T06:42:24.000Z', 'Ut cum sunt iucunt exis, satistius ipso nam ut aliosae dirigitat natur praeteranim.', '2020-08-28T19:57:34.000Z', 'Pacem cum probantesque ab fere de, per deinde quod adverit endiscorpor ut vellem.', 'Partitiam et suo omnia iudicta, dolore non erem eo sunt.', '2020-12-09T00:10:47.000Z', '2020-05-17T16:34:06.000Z', '{"Ter":"Disseritio etiam"}', '{"Et":"Esse et qui"}', 'f', '2020-11-15T23:08:16.000Z', '2020-07-11T18:17:29.000Z', DEFAULT, '2020-11-15T10:39:22.000Z', DEFAULT, DEFAULT, '2020-11-07T22:12:26.000Z', DEFAULT, DEFAULT, '2020-05-01T16:27:26.000Z', DEFAULT, '2020-03-23T14:37:27.000Z', DEFAULT, '2020-11-03T10:32:32.000Z', DEFAULT), ('947a5725-5368-5b7b-8fd8-16b4a26d36a4', '60ec7ee8-27b7-55ea-a73a-5f4a1d342348', 'b40f72e3-a104-59c5-bc8e-c066b8d26f05', 'Owner', 'Irving.Keeling29443@elegant-girdle.info', 'Quosvis firmat finituri aeque permagis sed memoris, desis et est ea utintelleg didicatis contra in.', '2020-05-25T04:40:04.000Z', '2020-02-06T13:25:12.000Z', 'Est in quidem ea dolorem confecto defendi are, contentia non labore quae ut nihil.', '2020-12-20T23:15:52.000Z', 'Eo vel intellegum ere et sit.', '2020-03-27T02:19:20.000Z', 'Anda neque a ea liberab, volupletior ne quam natur non.', 'Vero maximus coercerte multissimus stabil doloris de sequerere.', '2020-12-12T23:28:26.000Z', '2020-08-24T19:56:33.000Z', '{"Ut":"Verum quia et"}', '{"Nec":"Iustitudo curatio"}', 't', '2020-03-11T02:02:17.000Z', '2020-05-05T04:29:00.000Z', DEFAULT, '2020-10-26T09:46:21.000Z', DEFAULT, DEFAULT, '2020-05-09T16:43:11.000Z', DEFAULT, DEFAULT, '2020-09-21T20:20:48.000Z', DEFAULT, '2020-05-09T16:39:20.000Z', DEFAULT, '2020-09-01T20:32:15.000Z', DEFAULT), ('7baedc0c-e08e-512f-97ce-4f7c69d1f064', 'cbdc339a-dafe-5132-86d1-12196219c12c', 'f48fccf0-c7ff-50a2-a5a9-e60d41b7052a', 'Admin', 'Golda_Runolfsson68641@keybutler.info', 'Quid consensuspic cur tranquillitter id advero.', '2020-07-15T18:30:21.000Z', '2020-06-14T05:19:19.000Z', 'Hosti omnibus satis facillare neque venantiam ea voluptaria, disciplinae tellegunt quod autem compariantur divid.', '2020-02-14T13:41:12.000Z', 'Quid faciam est numquam mox omni.', '2020-10-22T09:24:23.000Z', 'Quam repudinfin propter unt se.', 'Ut expecunt et a omnia sine ut est.', '2020-01-09T00:15:45.000Z', '2020-09-17T08:49:38.000Z', '{"Potes":"Aliquam quieti"}', '{"Non":"Epicur victi in"}', 't', '2020-07-03T18:21:12.000Z', '2020-11-27T11:00:18.000Z', DEFAULT, '2020-01-05T13:03:35.000Z', DEFAULT, DEFAULT, '2020-04-08T03:54:09.000Z', DEFAULT, DEFAULT, '2020-04-12T15:17:03.000Z', DEFAULT, '2020-08-28T20:07:07.000Z', DEFAULT, '2020-03-27T14:15:58.000Z', DEFAULT), ('a04c49fd-499f-54b2-9584-5e4b702f73bb', '05bece10-4923-5b83-a08c-af7a6cb197d8', 'f9ca9417-7a58-5e7d-8f2f-33bc74c2ce9b', 'Viewer', 'Eda_Halvorson26125@reckless-ambulance.info', 'Praeclaranim poetisset nunc vivendamur cum fonte omnino doloremol.', '2020-08-16T07:54:48.000Z', '2020-02-02T13:49:22.000Z', 'Gloriaturus epicta am natumque plura, id deniquamur ent voluptatem rebus tibi via quid.', '2020-09-25T09:11:34.000Z', 'Dolore ipsummumque deinde mi voluptatem atque putensionem derepicit, nec in malunumque neque explicare epicit.', '2020-06-18T17:39:47.000Z', 'In quantus patientes etur morbis a quamquam, hoc cupiditas haec es nobis praetereat dicergo.', 'Es nihillud potius idua eae et huic.', '2020-07-11T07:07:42.000Z', '2020-03-19T02:47:24.000Z', '{"Dolem":"Orat percipitias"}', '{"Im":"De quod"}', 't', '2020-08-08T19:59:19.000Z', '2020-06-10T17:53:02.000Z', DEFAULT, '2020-02-14T14:02:59.000Z', DEFAULT, DEFAULT, '2020-12-04T11:16:53.000Z', DEFAULT, DEFAULT, '2020-01-25T12:49:35.000Z', DEFAULT, '2020-12-24T23:49:51.000Z', DEFAULT, '2020-08-24T19:45:08.000Z', DEFAULT), ('bc678325-c844-5a31-845b-9b2df64ceb7d', '2de6bbed-dbae-54f5-834b-7c05770c7041', 'cb7d87e2-d802-519d-9eff-af4017c4d4bb', 'Owner', 'Maeve_Rice48878@whizz-cloud.org', 'Ari nemore voluptas his deinde de neque.', '2020-04-08T15:58:07.000Z', '2020-05-17T04:26:25.000Z', 'Ut possit eadem homintera ex saepe ad susceptur.', '2020-04-20T15:54:42.000Z', 'Ac laborat voluptat aut im, posse nec in mediocrem omni.', '2020-11-07T22:21:11.000Z', 'De dicunt excruciandae dicere quocire ant triarius, quod philosophar eos et affecere quodsi natum sensibus.', 'Vera iudicur horres copulis sit contempora est quietae, idinmortal causa quam modum propteris.', '2020-06-26T17:29:19.000Z', '2020-05-17T04:41:12.000Z', '{"Remotiosam":"Vivere ad"}', '{"Sive":"Vulgo patere"}', 't', '2020-11-19T22:23:49.000Z', '2020-12-13T00:03:09.000Z', DEFAULT, '2020-03-23T02:41:32.000Z', DEFAULT, DEFAULT, '2020-09-17T08:48:14.000Z', DEFAULT, DEFAULT, '2020-12-16T11:59:22.000Z', DEFAULT, '2020-05-25T17:04:32.000Z', DEFAULT, '2020-11-03T10:35:54.000Z', DEFAULT), ('d0b16730-c5c7-52fd-a457-1573c7647166', 'f01ae403-5e1a-55c3-8799-3e3b725c37b0', '35cb5d5e-1c8b-584b-9e51-e3d14a83a664', 'Developer', 'Justine_Cartwright36517@complicatedcampanile.org', 'Aiebat ipsistatis inter non satis deinde eganimi abo, tum diceri et civium neque quae inquam ut.', '2020-09-25T08:30:47.000Z', '2020-12-28T23:45:01.000Z', 'Sustulant nos id finitia laetam requietis anum.', '2020-09-05T08:34:53.000Z', 'Et expleniora quid sensum epicuri tantoperem meo, epicitur lectorquatus es doloratom sophoc perfruique de deterudit.', '2020-03-07T14:20:03.000Z', 'Tamendi scaevolutroq dicerendi id sine illud dicamur non, non quid es aut esset.', 'Metus aut ut praesenta de sic nostra, potestia es credo eius vix placet neque primum.', '2020-09-21T08:14:38.000Z', '2020-02-10T13:17:22.000Z', '{"Dixisque":"Subtiliustit aut andro"}', '{"Inqueret":"Declinguam satis"}', 't', '2020-03-23T14:30:07.000Z', '2020-09-01T20:14:11.000Z', DEFAULT, '2020-12-08T11:31:03.000Z', DEFAULT, DEFAULT, '2020-10-02T21:47:28.000Z', DEFAULT, DEFAULT, '2020-03-27T14:04:11.000Z', DEFAULT, '2020-08-08T19:21:49.000Z', DEFAULT, '2020-06-18T17:57:29.000Z', DEFAULT), ('b453599b-7b3c-5673-b8d6-1bdbec4cbf0c', '5dd22bcd-4407-5d0c-94ae-14b14a855e8c', 'b7083dd1-3e7a-5752-815e-f3328b213fa5', 'Developer', 'Carlos_Swaniawski29022@amuse-cartel.com', 'Inquam ipsos et causas quam nec, summum rerum placebate philosoptim futuram sum privaveris.', '2020-06-02T17:13:46.000Z', '2020-12-04T11:47:39.000Z', 'Et vidi quidem libeniet ut viverem mihi.', '2020-07-15T18:19:52.000Z', 'Conciliandae vestra sint epicur iliquidem, successum insipientium corpore addidicur cum probari ut potione.', '2020-02-18T01:14:42.000Z', 'Tractatis sapiendore erita dolorem desisdem sua.', 'Non ad concessum vita sit ii libentiam fecto, in totum esse ipsas quandam cuius.', '2020-02-02T01:29:27.000Z', '2020-03-23T14:56:05.000Z', '{"Et":"Ratu sentiendo omni"}', '{"Et":"Reprehent futur autemus"}', 'f', '2020-05-01T16:21:43.000Z', '2020-06-10T17:14:15.000Z', DEFAULT, '2020-09-09T21:05:42.000Z', DEFAULT, DEFAULT, '2020-02-02T13:25:01.000Z', DEFAULT, DEFAULT, '2020-06-22T05:20:16.000Z', DEFAULT, '2020-04-24T15:27:38.000Z', DEFAULT, '2020-04-16T16:07:21.000Z', DEFAULT), ('6892516b-6b09-5060-b354-b656777645dd', '14bf7dcd-e77d-5d65-b02c-37ba320e9e8d', 'd4918c68-b8fa-5bbd-a2bc-aa96312b3382', 'Editor', 'Theron_Bashirian62116@swirl-code.biz', 'Constitut consequatur chrysippi uberimi manus triari.', '2020-01-25T12:16:08.000Z', '2020-11-15T11:09:54.000Z', 'Ad maiores dicit primum audaccura, suapte esse theophrastus enterum quarum et nisi.', '2020-06-02T17:29:44.000Z', 'Litterire ipsum bono et pericores.', '2020-12-04T11:37:03.000Z', 'Animpedit distrahi est filium semperpeten refergo, quis neque inanim non motum.', 'Dissero saepe ipsius democrito ipsius simae patientia sollicitat.', '2020-02-26T01:33:35.000Z', '2020-03-03T02:20:41.000Z', '{"Non":"Aliae quid nihil"}', '{"Serenimur":"Non libidium"}', 't', '2020-02-06T13:15:05.000Z', '2020-07-07T18:53:11.000Z', DEFAULT, '2020-10-06T21:12:56.000Z', DEFAULT, DEFAULT, '2020-10-06T21:19:21.000Z', DEFAULT, DEFAULT, '2020-10-06T09:46:43.000Z', DEFAULT, '2020-09-09T08:17:21.000Z', DEFAULT, '2020-07-19T06:13:39.000Z', DEFAULT), ('28fbcc00-49cf-5414-b927-cf8ba18acc6b', '7060b2ad-4c37-59f0-9506-03e64c040444', '99a7148d-71cf-563e-8457-4bf46ea341ac', 'Developer', 'Nicklaus_Corwin56128@overestimate-escape.biz', 'Minus menantiquit en confere cum legert em.', '2020-12-12T11:26:14.000Z', '2020-10-22T21:36:16.000Z', 'Animicat quam adhibuitat et modum propter, iud quaeque consequeris ut legit oporem puerilludus virtutem.', '2020-03-11T02:57:38.000Z', 'Studiisque studuisse et dixitur clariorem sedat numquam, omni per faciandae accusans modo impediens mea erit.', '2020-12-04T11:50:54.000Z', 'Venerargum et aliquod qui tamendum me cum, fidamus sponte non comparia conquis fieri.', 'Fuisse sapiens inosophi quae non quid at detraxis.', '2020-10-26T21:14:47.000Z', '2020-05-05T16:12:21.000Z', '{"Aequitur":"Satisti et stare"}', '{"Credere":"Dictum natur"}', 't', '2020-11-11T22:58:03.000Z', '2020-07-03T06:57:40.000Z', DEFAULT, '2020-10-26T21:51:57.000Z', DEFAULT, DEFAULT, '2020-11-03T22:48:36.000Z', DEFAULT, DEFAULT, '2020-11-07T23:00:12.000Z', DEFAULT, '2020-01-09T00:36:01.000Z', DEFAULT, '2020-07-27T06:58:38.000Z', DEFAULT), ('df6f0d77-3022-541e-bc7e-c1a5c8a81830', '9026a19a-f9e2-5828-8e73-beebb1ff14cb', 'fbbd0520-8f94-5521-b44b-ca507e6830f7', 'Editor', 'Greta.Huels39029@slag-doubling.biz', 'Inqueret constituam tantum etur consuetudo nulla proposophia habeo, ab per dixeriora sapiendi saepe as multi efficillas.', '2020-04-28T03:51:21.000Z', '2020-02-14T13:08:48.000Z', 'Stultorquatis id paene ere illara malorum.', '2020-05-05T16:50:34.000Z', 'Ipsos propter individis haec contenta male ab.', '2020-09-21T20:46:47.000Z', 'Copultimor aeque omum triariustitud stulti proptere maiorum motum, potest geometura quae voluptas rebus et quid.', 'Sanos fore qui torest declare quae verum verborum, voluptatis quia bonoria alia maxim quia deinde.', '2020-02-18T01:27:51.000Z', '2020-02-10T13:22:08.000Z', '{"Si":"Utionis ait"}', '{"Tandem":"Rationem gaudem inter"}', 'f', '2020-02-14T01:50:23.000Z', '2020-03-11T14:16:10.000Z', DEFAULT, '2020-05-05T05:00:14.000Z', DEFAULT, DEFAULT, '2020-04-16T03:38:13.000Z', DEFAULT, DEFAULT, '2020-08-04T08:07:04.000Z', DEFAULT, '2020-06-18T05:30:14.000Z', DEFAULT, '2020-12-24T23:52:38.000Z', DEFAULT), ('296f74bc-b788-5bc3-ac8e-3f790f120f4e', 'b004d3c9-a825-50e6-a382-b50acf2461e2', '136cc265-65cd-529b-87d8-9d5c9690e672', 'Owner', 'Liam.Trantow40635@yawningchorus.biz', 'Tractate ad etiam ophorrida summa voluptatas fideram, tempore iniucundum supplicat maxim nullam pondente.', '2020-11-07T11:05:34.000Z', '2020-01-21T00:47:53.000Z', 'Voluptatum sapienter est restineri perpetendum melius in, ea atemus nulla abducitaq epicur conficii platonisque natura.', '2020-05-09T16:25:42.000Z', 'Et nulli meminum reprimiquaq sunt.', '2020-02-18T01:48:57.000Z', 'Habuitura a dis si memintertio possit nam, quidem ac litteren sit aliendarum inter nullam.', 'Fieri ex videtur intelleger possit.', '2020-01-05T12:22:55.000Z', '2020-02-26T02:00:02.000Z', '{"Delectus":"Sed pueril torquate"}', '{"Ut":"Ei fugiatis solvantur"}', 't', '2020-03-03T02:22:33.000Z', '2020-10-18T21:15:42.000Z', DEFAULT, '2020-01-05T12:42:36.000Z', DEFAULT, DEFAULT, '2020-04-12T03:03:25.000Z', DEFAULT, DEFAULT, '2020-10-06T09:53:15.000Z', DEFAULT, '2020-02-06T13:38:08.000Z', DEFAULT, '2020-11-27T10:41:26.000Z', DEFAULT), ('6c7e6e2d-6d02-5bf9-a97d-ee5f47df40f5', 'f7243b11-7406-5c87-870a-632feaaada8e', '4fec5df4-dd10-5a9d-ad2b-561217cbd869', 'Editor', 'Aniya.Grimes14211@underestimation-tour.com', 'Sunt ait poetis suavita vero et aequi beatae, voluptas laetit disputant ferre eum falsi quam de.', '2020-02-14T14:01:35.000Z', '2020-05-13T16:30:54.000Z', 'Untatem inquit quae cyrenaicis potes.', '2020-11-07T22:50:04.000Z', 'Non valet si sint autem.', '2020-04-08T03:48:13.000Z', 'Viam historquentur possit tum vituptatem et quo.', 'Non tibus dici et mel, vias mediocrium dolore malorum sibi si gravit.', '2020-05-25T04:29:42.000Z', '2020-01-17T00:25:12.000Z', '{"Triario":"Cogitus labore"}', '{"Quae":"Intelleger inan"}', 't', '2020-08-28T19:37:24.000Z', '2020-02-18T13:14:07.000Z', DEFAULT, '2020-09-17T20:36:29.000Z', DEFAULT, DEFAULT, '2020-04-04T03:54:40.000Z', DEFAULT, DEFAULT, '2020-03-07T02:20:59.000Z', DEFAULT, '2020-09-21T08:24:05.000Z', DEFAULT, '2020-01-25T12:26:24.000Z', DEFAULT), ('e8527ffe-1f18-52f4-9785-9ee90f6040a8', 'a06ef13d-7913-591d-a5af-8a707d949f01', 'a1f07012-0659-5a63-a0f6-df6fb691ecf1', 'Developer', 'Minnie_Abshire10952@bill-acre.biz', 'Prospertinctio locuperet ate voluptatem sit dolorus.', '2020-01-01T13:02:14.000Z', '2020-12-28T11:57:43.000Z', 'Antiam gravistunt quoniam tum recta.', '2020-12-24T23:25:37.000Z', 'Et unda praeseranim non se sua bono et, directet natur si reque unt.', '2020-06-22T18:01:03.000Z', 'Rerum comparum mutatum deniquid profectus maximis pecundius graeci.', 'Saepe quae a cum quam, facilius rerum epicium et praesendum dicere etiam.', '2020-09-09T08:46:56.000Z', '2020-03-27T03:01:38.000Z', '{"Alter":"Quo naturum"}', '{"Arbitratio":"Futureis torem et"}', 't', '2020-06-18T05:13:20.000Z', '2020-04-04T03:29:23.000Z', DEFAULT, '2020-04-24T15:31:56.000Z', DEFAULT, DEFAULT, '2020-06-26T05:23:15.000Z', DEFAULT, DEFAULT, '2020-01-25T00:37:49.000Z', DEFAULT, '2020-09-05T20:30:20.000Z', DEFAULT, '2020-11-11T10:43:23.000Z', DEFAULT), ('e07ce225-345f-5093-8565-2387fd23db51', '9f806d4f-da08-5c4f-baf4-3566f2d5f5e4', 'ad985a8d-b028-5ea3-8094-a6f44ceacd42', 'Admin', 'Josiane.Kemmer12903@electricdoggie.org', 'Quam si cum sinata domin potest.', '2020-05-25T16:59:52.000Z', '2020-10-06T09:39:44.000Z', 'Cupidit rogarenta non eaque in, voluptate tament lat in non.', '2020-05-17T17:00:26.000Z', 'In vel quid dominquamquam numquam ac endi, summum aegritudo beateque effeceruis domest quae apeiriantur.', '2020-03-23T14:07:58.000Z', 'Postremum quis ipuitatis ea loqueruntur vel tollitate.', 'Numquam tu cum fuit sit pernare, dolorem et verbum sit idita mandam obiecta.', '2020-02-14T01:39:26.000Z', '2020-05-05T16:27:09.000Z', '{"Causam":"Anim poetis"}', '{"Non":"Autem eum"}', 't', '2020-01-09T00:39:45.000Z', '2020-03-19T14:12:48.000Z', DEFAULT, '2020-10-18T09:34:41.000Z', DEFAULT, DEFAULT, '2020-05-05T16:42:17.000Z', DEFAULT, DEFAULT, '2020-09-05T20:44:39.000Z', DEFAULT, '2020-07-11T18:40:26.000Z', DEFAULT, '2020-08-08T07:23:05.000Z', DEFAULT), ('b89438d6-8447-556a-81b5-cfddab6a9c03', '063ee0cb-dcc7-5850-827e-6aebf7064892', '2559b492-a1e7-5ca8-9253-706c0d8c0d78', 'Admin', 'Savion.Kub9579@frilly-fallacy.com', 'Eorum unt melius inveniatur esset tem, nihil magiscenset de fidem se rerum.', '2020-08-04T07:21:09.000Z', '2020-04-08T03:52:17.000Z', 'Aut a minorem mihi antiam, quoquo esse cum quibus ne quo.', '2020-04-24T15:34:09.000Z', 'Faculum maius veserordiam qui recte vero conducunt ut.', '2020-07-19T18:56:03.000Z', 'Etiam adverum et antibus de videanturbul voluptatem haec.', 'Habuit bonis perspicuum beniver alique.', '2020-12-04T23:31:13.000Z', '2020-02-10T01:01:16.000Z', '{"Sed":"Physicisti mors epicuri"}', '{"Utrumpiter":"Imi reprehentur"}', 'f', '2020-09-13T08:36:38.000Z', '2020-07-19T18:43:15.000Z', DEFAULT, '2020-07-15T18:50:45.000Z', DEFAULT, DEFAULT, '2020-05-05T16:47:32.000Z', DEFAULT, DEFAULT, '2020-11-07T10:11:51.000Z', DEFAULT, '2020-12-28T23:57:22.000Z', DEFAULT, '2020-08-04T19:26:17.000Z', DEFAULT), ('cb7f3cc8-c6d9-5962-a605-83740b99620f', 'a150fe0c-e6cd-5e43-a1f2-f0b1c31f0b82', '9e919d6b-bba7-5f97-aac1-36956ac5c34b', 'Admin', 'Samanta_Smitham465@frozenbarrier.org', 'Et iucunt nobis flagiti iis dolornatur.', '2020-03-23T14:48:45.000Z', '2020-07-19T18:11:05.000Z', 'Signifero elego philosophar videtiam am neque quidem voluptatem, aut disciperrit fit et a idonem totus etiamsi.', '2020-10-18T09:29:13.000Z', 'Iis modi autem expetent si homo.', '2020-08-28T20:08:17.000Z', 'Mea ad modo nat a.', 'Tum ur satis in confirmis feceret, tam et infantes sed contra doloris sermo inquam.', '2020-03-15T02:45:00.000Z', '2020-07-11T06:23:25.000Z', '{"Quae":"Partemerea faceret diceramic"}', '{"Incorriger":"Nulla nisi"}', 't', '2020-04-04T15:39:31.000Z', '2020-01-05T00:17:12.000Z', DEFAULT, '2020-07-23T18:45:32.000Z', DEFAULT, DEFAULT, '2020-05-25T16:34:56.000Z', DEFAULT, DEFAULT, '2020-03-03T14:31:10.000Z', DEFAULT, '2020-02-10T01:37:03.000Z', DEFAULT, '2020-02-10T13:30:03.000Z', DEFAULT), ('3add9c65-e0e6-523f-a5a5-5afffa53a073', '68194457-09b7-5c8b-afef-f4de356672ee', '07170692-8783-5299-b21c-8f564a99954f', 'Editor', 'Brice_Wilkinson87648@twinbacon.com', 'Cetere sed in eorum refugi are.', '2020-03-11T14:02:52.000Z', '2020-05-13T17:02:28.000Z', 'Nec nomincurios qui magis suam ad.', '2020-01-01T12:17:43.000Z', 'Deinde nec de odere et ipuit quod.', '2020-07-07T18:54:20.000Z', 'Fore etent ne dicitaque maximprobis aris fugientes, alesse leviora et augenim causamicit.', 'Quorumquam adhuc est quaeque albucius nec diceritten, detrimum stoicos isne locum fugiat corpora iudico ut.', '2020-04-04T15:44:11.000Z', '2020-11-07T22:16:45.000Z', '{"Quam":"In quosvis ex"}', '{"Autem":"Possunt et"}', 't', '2020-05-05T04:10:01.000Z', '2020-07-07T18:46:46.000Z', DEFAULT, '2020-03-27T14:48:21.000Z', DEFAULT, DEFAULT, '2020-05-21T04:31:15.000Z', DEFAULT, DEFAULT, '2020-08-16T07:43:51.000Z', DEFAULT, '2020-11-23T10:23:25.000Z', DEFAULT, '2020-02-10T01:20:09.000Z', DEFAULT), ('8a1f6960-38bb-57a6-ab0f-34401f7b831f', '58fa062a-96a1-5535-825d-4172bfc37ad4', '2c1906b0-7d91-558b-b24d-9d64ca63f090', 'Developer', 'Kaitlin_Miller87340@kiss-playground.com', 'Vocet accedunt quia addidicur nihile, quod eruntatur mone aut quidem.', '2020-05-21T04:17:38.000Z', '2020-07-19T06:14:21.000Z', 'Ex tamura quam im permultis se putantur.', '2020-07-19T06:30:25.000Z', 'Neque et principi untiar exis correcte, omi es benivolam motus graeco nec pernari.', '2020-12-08T11:14:51.000Z', 'Issima quia referitia ad virtutum est es.', 'Et quem si dilignavia dictur, triarius inquit neque iudicura aut es anessenten quoniam.', '2020-09-01T21:10:21.000Z', '2020-12-05T00:05:35.000Z', '{"Tollat":"Multa magisset"}', '{"Versa":"Quodsi item et"}', 'f', '2020-10-06T21:52:12.000Z', '2020-03-03T02:46:26.000Z', DEFAULT, '2020-07-11T19:06:32.000Z', DEFAULT, DEFAULT, '2020-05-21T04:47:13.000Z', DEFAULT, DEFAULT, '2020-02-10T01:54:59.000Z', DEFAULT, '2020-03-15T02:07:08.000Z', DEFAULT, '2020-08-04T20:06:50.000Z', DEFAULT), ('9818b895-1a5a-59f1-8e4e-d8aee7a86d1a', '6f6bc515-1a76-5531-81c4-7740d268759c', 'cab15676-708a-5def-81bd-581e92964a94', 'Developer', 'Milford_Franecki53395@impedeassistance.info', 'As causa es verborum in exedatius.', '2020-02-22T02:05:20.000Z', '2020-10-18T09:57:52.000Z', 'Dicest non statuaturo non quae voluptatib etur ignavia.', '2020-02-26T01:05:23.000Z', 'De rebusu ne cupid ulerate, sint conclusae didisse aut disservariis.', '2020-07-19T18:17:37.000Z', 'Quibus quis tradid ferre eas aren apercitat, voluptatem ratione ever et incorporrec paulo.', 'Feram in p aequit sensibi sibi omnisi, temperiora amus coercerte explicabes finibus ut futur.', '2020-08-04T07:42:15.000Z', '2020-05-17T04:10:13.000Z', '{"Quid":"Te defen"}', '{"Se":"Non ocritum praecepicit"}', 't', '2020-08-16T08:09:29.000Z', '2020-02-10T01:26:27.000Z', DEFAULT, '2020-07-07T18:46:46.000Z', DEFAULT, DEFAULT, '2020-07-23T18:37:36.000Z', DEFAULT, DEFAULT, '2020-05-05T16:21:05.000Z', DEFAULT, '2020-02-02T13:09:25.000Z', DEFAULT, '2020-11-19T22:48:38.000Z', DEFAULT), ('2237059f-14a2-516f-9562-5187b8ad3ba6', '4de5c240-7dd8-504d-9ac4-e96970182095', '9d8ae36c-2c7d-589a-8685-4e8cadccdfe8', 'Admin', 'Reynold.Larkin59469@redlag.com', 'Osoptimo ut hunc quo amus afflueret.', '2020-10-22T09:15:18.000Z', '2020-01-13T00:36:47.000Z', 'Ob esse et contra possima.', '2020-08-20T19:50:12.000Z', 'Omum pronundus quos quicquidem animi.', '2020-03-11T02:33:59.000Z', 'Qua caderae tur affere motum, est sequamur quaedam es cum physici.', 'Are hocles intuemur quam non ratione.', '2020-01-09T13:02:29.000Z', '2020-04-20T15:54:57.000Z', '{"Offici":"Ad esse"}', '{"Santur":"Statuatur et"}', 't', '2020-09-09T20:22:22.000Z', '2020-03-19T14:05:20.000Z', DEFAULT, '2020-10-18T09:57:38.000Z', DEFAULT, DEFAULT, '2020-04-24T15:43:07.000Z', DEFAULT, DEFAULT, '2020-04-20T15:16:15.000Z', DEFAULT, '2020-01-05T12:51:48.000Z', DEFAULT, '2020-10-26T21:59:45.000Z', DEFAULT), ('0353d14f-230f-50bd-953d-cdd051c9c2d7', 'cc2bfb25-728b-5d00-a0ed-0816a2c8ff53', 'efbdfc24-a37b-5232-9eaa-574c05acc935', 'Developer', 'Anabelle_Monahan62930@urbanhive.biz', 'Suis panaetium nos allicam cuius.', '2020-12-25T00:11:03.000Z', '2020-11-23T22:44:52.000Z', 'Dicamicia relique quidem spe rationem terum quae tentiae.', '2020-03-27T02:02:12.000Z', 'Verbis consequi putetenim et sum loca, qui esse ipsos compossummum putem et neque am.', '2020-10-26T21:14:54.000Z', 'Doceatur ne intellegum rem honesset.', 'Natur velingenus est rerum quia quasi, modo are graecum quo popultime.', '2020-04-20T15:23:08.000Z', '2020-05-05T04:35:53.000Z', '{"Is":"Nobis perfectum voluptator"}', '{"Et":"Et aut in"}', 't', '2020-08-28T19:41:15.000Z', '2020-08-04T19:15:41.000Z', DEFAULT, '2020-11-11T22:51:11.000Z', DEFAULT, DEFAULT, '2020-08-20T08:09:33.000Z', DEFAULT, DEFAULT, '2020-06-18T05:34:18.000Z', DEFAULT, '2020-02-22T13:39:49.000Z', DEFAULT, '2020-02-10T13:16:47.000Z', DEFAULT), ('40876c67-7e0e-5d43-a758-ad28b2fe1859', '67a08aa0-f844-5029-9edf-45f543f5721f', 'fd8bfb04-e8df-5746-b91d-57af56287226', 'Developer', 'Annamarie.Donnelly96924@clobbermorbidity.biz', 'Sapienae rebus minordiamur quos animam urae.', '2020-11-03T10:30:54.000Z', '2020-10-14T10:07:50.000Z', 'Non sibus quo es sit adipsum, anda audire p ad quis saxum nullam probante.', '2020-01-13T12:14:25.000Z', 'Alit molesse sed de physicis.', '2020-01-17T00:51:54.000Z', 'Discorporis quibus tempertinger fugiente cohaerest eum memorteat.', 'Huic iderant ales ex non, alter voluptatis uto praeterae oratur.', '2020-03-11T02:55:04.000Z', '2020-09-05T08:36:38.000Z', '{"Causa":"Is maximi"}', '{"Quas":"Huic nosmetu tam"}', 't', '2020-11-11T22:56:12.000Z', '2020-01-01T12:49:17.000Z', DEFAULT, '2020-12-04T11:38:06.000Z', DEFAULT, DEFAULT, '2020-12-12T11:27:38.000Z', DEFAULT, DEFAULT, '2020-03-27T02:03:22.000Z', DEFAULT, '2020-08-16T19:52:56.000Z', DEFAULT, '2020-02-22T01:19:25.000Z', DEFAULT);
INSERT INTO public.teams (id,created_at,coach_id,organization_id,city,country,name) VALUES (120934406138, DEFAULT, '93e8ac26-7d16-5343-89a1-a510c4ccd7db', NULL, 'Bayonne', 'Cote d''Ivoire', 'Dibbert Inc'), (120934406139, DEFAULT, 'dc4b09b4-494a-536b-9883-82220b038c16', NULL, 'Medford', 'Bolivia', 'Bashirian - Grady'), (120934406140, DEFAULT, '8a7af35b-124e-559d-ac93-40fde6d8cf5a', NULL, 'Tallahassee', 'Montenegro', 'Gibson - Ryan'), (120934406141, DEFAULT, '7ffbcdf4-045b-575b-8385-19241b39cd80', NULL, 'Ocala', 'British Indian Ocean Territory (Chagos Archipelago)', 'Watsica - Keeling'), (120934406142, DEFAULT, 'e9a00cbc-bab1-59ee-82cb-964845121cb1', NULL, 'College Station', 'Slovakia (Slovak Republic)', 'Hills and Sons'), (120934406143, DEFAULT, 'b98f52b7-611d-5963-bd65-4ff13b0f6f23', NULL, 'Boston', 'Virgin Islands, British', 'Berge LLC'), (120934406144, DEFAULT, 'eced6823-370b-5a70-b776-29cbed03adaa', NULL, 'Altamonte Springs', 'Slovakia (Slovak Republic)', 'Block,Toy and Russel'), (120934406145, DEFAULT, '9d780d08-b47c-584f-aa20-43f7f12fd200', NULL, 'Guaynabo', 'Guinea-Bissau', 'Cronin Group'), (120934406146, DEFAULT, '5fedddc5-9766-5d14-be41-dbd0885df033', NULL, 'Napa', 'Aruba', 'Sawayn Inc'), (120934406147, DEFAULT, '60ec7ee8-27b7-55ea-a73a-5f4a1d342348', NULL, 'Folsom', 'Burundi', 'Hilpert - Macejkovic'), (120934406148, DEFAULT, 'cbdc339a-dafe-5132-86d1-12196219c12c', NULL, 'Mount Pleasant', 'Macedonia', 'Metz,Yost and Torp'), (120934406149, DEFAULT, '05bece10-4923-5b83-a08c-af7a6cb197d8', NULL, 'Lacey', 'Bosnia and Herzegovina', 'Hammes,Bosco and Beahan'), (120934406150, DEFAULT, '2de6bbed-dbae-54f5-834b-7c05770c7041', NULL, 'Sunrise', 'Saint Barthelemy', 'Glover LLC'), (120934406151, DEFAULT, 'f01ae403-5e1a-55c3-8799-3e3b725c37b0', NULL, 'Centreville', 'Cook Islands', 'Ferry LLC'), (120934406152, DEFAULT, '5dd22bcd-4407-5d0c-94ae-14b14a855e8c', NULL, 'Lombard', 'Bahamas', 'Cronin Group'), (120934406153, DEFAULT, '14bf7dcd-e77d-5d65-b02c-37ba320e9e8d', NULL, 'San Ramon', 'Tajikistan', 'Dibbert Inc'), (120934406154, DEFAULT, '7060b2ad-4c37-59f0-9506-03e64c040444', NULL, 'Port Arthur', 'Vanuatu', 'Tillman Group'), (120934406155, DEFAULT, '9026a19a-f9e2-5828-8e73-beebb1ff14cb', NULL, 'Roanoke', 'Monaco', 'Okuneva LLC'), (120934406156, DEFAULT, 'b004d3c9-a825-50e6-a382-b50acf2461e2', NULL, 'Olympia', 'French Southern Territories', 'King,Brown and Blick'), (120934406157, DEFAULT, 'f7243b11-7406-5c87-870a-632feaaada8e', NULL, 'Pflugerville', 'Mali', 'Walter,Schimmel and Windler'), (120934406158, DEFAULT, 'a06ef13d-7913-591d-a5af-8a707d949f01', NULL, 'Plano', 'Christmas Island', 'King,Brown and Blick'), (120934406159, DEFAULT, '9f806d4f-da08-5c4f-baf4-3566f2d5f5e4', NULL, 'Fort Myers', 'India', 'Langworth - Erdman'), (120934406160, DEFAULT, '063ee0cb-dcc7-5850-827e-6aebf7064892', NULL, 'Twin Falls', 'Ghana', 'Windler and Sons'), (120934406161, DEFAULT, 'a150fe0c-e6cd-5e43-a1f2-f0b1c31f0b82', NULL, 'Carmichael', 'Thailand', 'Block,Toy and Russel'), (120934406162, DEFAULT, '68194457-09b7-5c8b-afef-f4de356672ee', NULL, 'San Jacinto', 'Canada', 'Sawayn Inc'), (120934406163, DEFAULT, '58fa062a-96a1-5535-825d-4172bfc37ad4', NULL, 'Stillwater', 'Croatia', 'Koelpin LLC'), (120934406164, DEFAULT, '6f6bc515-1a76-5531-81c4-7740d268759c', NULL, 'Fort Wayne', 'Denmark', 'Hills and Sons'), (120934406165, DEFAULT, '4de5c240-7dd8-504d-9ac4-e96970182095', NULL, 'Rochester', 'Bhutan', 'Langworth - Erdman'), (120934406166, DEFAULT, 'cc2bfb25-728b-5d00-a0ed-0816a2c8ff53', NULL, 'Memphis', 'Bouvet Island (Bouvetoya)', 'Sawayn Inc'), (120934406167, DEFAULT, '67a08aa0-f844-5029-9edf-45f543f5721f', NULL, 'South Bend', 'Kyrgyz Republic', 'Greenholt,Green and Luettgen');
INSERT INTO public.tasks (id,created_at,title,team_id,details) VALUES (45, DEFAULT, 'Esther Simonis', 120934406139, '{"Quos":"Inter expressas"}'), (46, DEFAULT, 'Ellis Bradtke', 120934406142, '{"Nulli":"Eum voluptatem obiecta"}'), (47, DEFAULT, 'Carlee Hoppe', 120934406145, '{"Voluptas":"Advero a"}'), (48, DEFAULT, 'Eldon Schroeder', 120934406148, '{"De":"Et est ex"}'), (49, DEFAULT, 'Toy Welch', 120934406151, '{"Poten":"Non spatio inem"}'), (50, DEFAULT, 'Ian Vandervort', 120934406154, '{"Tempus":"Quae et faciendum"}'), (51, DEFAULT, 'Greyson Nicolas', 120934406157, '{"Loquunturbam":"Cum placatem id"}'), (52, DEFAULT, 'Ursula Wintheiser', 120934406160, '{"Et":"Triarius malis"}'), (53, DEFAULT, 'Malika Runolfsdottir', 120934406163, '{"Hominquam":"Officia voluptates epicitas"}'), (54, DEFAULT, 'Jazmyne Bradtke', 120934406166, '{"Minus":"Rebus laboris"}');
INSERT INTO public.exercises (id,created_at,name,team_id,details,description) VALUES (35, DEFAULT, 'Davis - Kertzmann', 120934406138, '{"Orum":"Plus det"}', 'Customer-focused hybrid website'), (36, DEFAULT, 'Gibson - Ryan', 120934406141, '{"Tantum":"Timore causa haec"}', 'Realigned bi-directional paradigm'), (37, DEFAULT, 'Nolan Group', 120934406144, '{"Suum":"Cum nihil"}', 'Intuitive system-worthy hub'), (38, DEFAULT, 'Cronin,Schulist and Crist', 120934406147, '{"Reperet":"Paria philos et"}', 'Open-source optimal function'), (39, DEFAULT, 'Friesen LLC', 120934406150, '{"Ipsam":"Est quae viven"}', 'Upgradable zero defect Graphical User Interface'), (40, DEFAULT, 'Zemlak Group', 120934406153, '{"Cum":"Habenim incur"}', 'Intuitive system-worthy hub'), (41, DEFAULT, 'Hilpert - Macejkovic', 120934406156, '{"Compartemper":"Non nihillo atur"}', 'Seamless non-volatile project'), (42, DEFAULT, 'Glover LLC', 120934406159, '{"Unt":"Dolor se fugiendi"}', 'User-friendly bottom-line groupware'), (43, DEFAULT, 'D''Amore,Sporer and Waelchi', 120934406162, '{"Am":"Estiae etiam et"}', 'Secured background flexibility'), (44, DEFAULT, 'Cronin,Schulist and Crist', 120934406165, '{"Est":"Est esse"}', 'Triple-buffered neutral challenge');
INSERT INTO public.task_exercises (task_id,exercise_id,team_id) VALUES (45, 35, 120934406140), (46, 36, 120934406143), (47, 37, 120934406146), (48, 38, 120934406149), (49, 39, 120934406152), (50, 40, 120934406155), (51, 41, 120934406158), (52, 42, 120934406161), (53, 43, 120934406164), (54, 44, 120934406167);
SELECT setval('public.teams_id_seq'::regclass, (SELECT MAX("id") FROM "public"."teams"));
SELECT setval('public.tasks_id_seq'::regclass, (SELECT MAX("id") FROM "public"."tasks"));
SELECT setval('public.exercises_id_seq'::regclass, (SELECT MAX("id") FROM "public"."exercises"));
SELECT setval('public.task_exercises_task_id_seq'::regclass, (SELECT MAX("task_id") FROM "public"."task_exercises"));
INSERT INTO auth.users (instance_id,id,aud,role,email,encrypted_password,email_confirmed_at,invited_at,confirmation_token,confirmation_sent_at,recovery_token,recovery_sent_at,email_change_token_new,email_change,email_change_sent_at,last_sign_in_at,raw_app_meta_data,raw_user_meta_data,is_super_admin,created_at,updated_at,phone,phone_confirmed_at,phone_change,phone_change_token,phone_change_sent_at,email_change_token_current,email_change_confirm_status,banned_until,reauthentication_token,reauthentication_sent_at,is_sso_user,deleted_at,is_anonymous) VALUES ('c8b97900-ce12-5a9e-8fd3-b9b2cffb7989', 'c9342ac4-ccd1-510e-8062-078789b5e23d', '8539ded3-c867-5898-b5b3-63e175dc8365', 'Editor', 'Concepcion_Rempel47493@flippantmini.com', 'Autem e admonstret inesset cupidere requirere, sophoc am gloriaturus quid tamenimi.', '2020-12-17T00:15:00.000Z', '2020-10-10T09:22:26.000Z', 'Declaramic causa ponens retintelleg ac.', '2020-03-15T02:57:07.000Z', 'Quod libenda hoc bonum quid, actet quem est delectatem gaudem quam.', '2020-09-13T20:46:26.000Z', 'Minus quo se ocritudian nam sentiorest.', 'Mortis stare et suscipitan quid se viven entibiquam.', '2020-08-28T07:35:39.000Z', '2020-02-10T13:58:57.000Z', '{"Et":"Alia nobis perandisser"}', '{"Ad":"Providit omnis cum"}', 't', '2020-10-14T21:28:41.000Z', '2020-08-04T07:59:01.000Z', DEFAULT, '2020-12-28T23:32:19.000Z', DEFAULT, DEFAULT, '2020-09-25T09:02:07.000Z', DEFAULT, DEFAULT, '2020-05-21T16:46:38.000Z', DEFAULT, '2020-05-17T05:01:08.000Z', DEFAULT, '2020-09-05T08:30:13.000Z', DEFAULT), ('fb082042-e631-57e9-a279-b5690146de50', 'e2e45674-baf1-5169-bc6d-70a5a6b4c53b', '6bd6fb41-7ac0-53b5-9867-33fc68407483', 'Admin', 'Juwan_Wisozk10981@fastintuition.com', 'Epicera aut dolore sentite etur habeat, cum haec video tale il propter falsi.', '2020-06-26T17:29:12.000Z', '2020-08-24T07:14:51.000Z', 'Tamenimpen nostrum inpendet iturae verborum.', '2020-12-13T00:01:31.000Z', 'Homin omus tibus aliens et, tem et non minimi declinaren uto.', '2020-11-23T11:07:00.000Z', 'Propter debenimpet torquem malle diesque sequuntur.', 'Concludatom est tollitter hoc dicanimi sanos pluribus maximi.', '2020-12-12T23:26:48.000Z', '2020-01-21T00:48:35.000Z', '{"Quae":"Actet videamque nam"}', '{"Democur":"Fugiena tur orum"}', 'f', '2020-12-08T11:42:35.000Z', '2020-03-03T02:04:15.000Z', DEFAULT, '2020-11-23T22:45:06.000Z', DEFAULT, DEFAULT, '2020-08-20T19:07:54.000Z', DEFAULT, DEFAULT, '2020-02-06T01:02:57.000Z', DEFAULT, '2020-03-23T14:31:30.000Z', DEFAULT, '2020-05-17T04:25:57.000Z', DEFAULT), ('9576b49f-d671-558f-ab52-73e98ea50eea', 'de7caf93-afd0-5cab-8034-07984807af53', 'af548fe7-7421-505d-b82d-24bfd0527021', 'Viewer', 'Axel_Cole78382@uselessculvert.biz', 'Erunda vos et ante fuisse bonum refere.', '2020-12-20T23:59:27.000Z', '2020-03-11T02:04:02.000Z', 'Sit ut non inquit nos.', '2020-06-22T05:09:12.000Z', 'Tant contentiae docti possensio rationi nobis aut ulis.', '2020-07-03T06:30:10.000Z', 'Quadam quo esse etiam sunt euripsam quadamicar praeserante.', 'Operition modius sint tamque comparte, viam laudangusti sic vult non quae.', '2020-06-26T17:30:28.000Z', '2020-07-23T18:33:53.000Z', '{"Iucunt":"A deterno"}', '{"Mortemperner":"Disputatque erius"}', 't', '2020-05-01T04:48:38.000Z', '2020-12-28T11:31:30.000Z', DEFAULT, '2020-03-11T02:37:57.000Z', DEFAULT, DEFAULT, '2020-11-19T10:18:14.000Z', DEFAULT, DEFAULT, '2020-08-08T19:28:48.000Z', DEFAULT, '2020-03-27T02:52:04.000Z', DEFAULT, '2020-10-18T21:28:45.000Z', DEFAULT), ('2d46be6d-1e21-5160-8de5-c4a42e9c8f50', 'e722c56b-f441-5af1-99e0-9df06c9fe465', 'abcf3fd7-26b9-58cf-9b40-61a27303e675', 'Editor', 'Gerson.Hilll33907@rewardingroutine.org', 'Quod dis init resceri fugit.', '2020-07-03T18:57:39.000Z', '2020-01-21T00:21:54.000Z', 'Nunc suavit et aeteritiam audiebam.', '2020-06-10T05:16:56.000Z', 'Si magnitionis quod causa firmavitia.', '2020-05-09T16:04:01.000Z', 'Adesset exceperun sibus dixisti quid voluptatem si modo, quidem aut inem es necesse mortis de.', 'Cum praetulla distingere sicut et.', '2020-03-15T02:59:55.000Z', '2020-04-24T03:46:16.000Z', '{"Et":"Esse et finibus"}', '{"Seque":"Cupido quam mollis"}', 'f', '2020-03-27T02:27:51.000Z', '2020-12-28T11:25:33.000Z', DEFAULT, '2020-10-22T09:28:42.000Z', DEFAULT, DEFAULT, '2020-06-22T17:08:09.000Z', DEFAULT, DEFAULT, '2020-09-05T20:47:28.000Z', DEFAULT, '2020-03-11T14:28:45.000Z', DEFAULT, '2020-08-12T07:46:14.000Z', DEFAULT), ('38c02a5e-6864-57d7-a5fd-932599ea3bef', '9720c798-c050-599d-94ce-7424855eec9a', '644fa22e-0b3f-5b08-8d6c-1b1a92bdc34c', 'Developer', 'Ewell_Stiedemann16593@previewveal.info', 'Beateque versa quod censet aut et suo.', '2020-03-15T14:22:10.000Z', '2020-09-05T20:09:21.000Z', 'Cordia quam etiam arguerent et, quanta se quae ula vestigantib.', '2020-09-05T09:04:49.000Z', 'Nihiliari paulo contra victi abhorum ab videret, responti cuiquam omnia int quidem legi.', '2020-03-11T02:05:19.000Z', 'Captet torquatistip aut igit melius, hoc se ipsius studuisti feranim summo.', 'Autem leviora est etiam contra.', '2020-05-25T16:04:24.000Z', '2020-03-07T14:48:22.000Z', '{"Latin":"His in modo"}', '{"Vacarte":"Quarum cuius bona"}', 'f', '2020-11-07T22:43:19.000Z', '2020-07-11T06:55:14.000Z', DEFAULT, '2020-08-16T07:39:32.000Z', DEFAULT, DEFAULT, '2020-11-27T22:56:42.000Z', DEFAULT, DEFAULT, '2020-04-16T03:44:30.000Z', DEFAULT, '2020-12-16T12:03:13.000Z', DEFAULT, '2020-03-03T02:59:29.000Z', DEFAULT), ('be6af086-fe81-50a8-ab59-0dae9db5e7aa', 'e990bb89-de89-5087-86d5-50c2fa78bca4', '9507ac68-4a4b-5a53-a313-176bfa510d14', 'Owner', 'Clarabelle.Reichert41541@scope-lounge.org', 'Ere liberito et eumque aut graeci sapiens.', '2020-11-03T22:22:17.000Z', '2020-10-22T21:37:33.000Z', 'Carerierun illimista ut nos igatio, vita ineret omnes paratem confidelli suapte voluptatis.', '2020-10-06T21:43:35.000Z', 'Fidem ulo partes lit partes possint mens, et habet tam confirmare natur et quae simam.', '2020-09-01T21:09:53.000Z', 'Epicur mediocris neque admonere probant.', 'Nis exerri est culte pecunt dolorum, haec sed atem dicenim incia animus.', '2020-02-06T13:27:25.000Z', '2020-12-16T23:36:11.000Z', '{"Autem":"Indivit natur"}', '{"Voluptatas":"Quia propterminim"}', 't', '2020-02-10T01:15:50.000Z', '2020-03-07T14:27:09.000Z', DEFAULT, '2020-08-08T19:38:49.000Z', DEFAULT, DEFAULT, '2020-07-07T18:56:47.000Z', DEFAULT, DEFAULT, '2020-08-04T07:55:45.000Z', DEFAULT, '2020-12-20T11:19:01.000Z', DEFAULT, '2020-12-04T23:59:53.000Z', DEFAULT), ('8be64a0d-75f6-5af9-8a71-0dc930d06643', '5245d9f8-b539-56ba-8bd9-00bd15e50670', '27d6fa6f-59c8-5eec-aad6-7c27f38b2f49', 'Viewer', 'Llewellyn_Barrows42302@dampglue.org', 'Esse cum sententiae me quorum placeat, ab ego afferre voluptatem quisquam contra norarenti.', '2020-04-20T15:57:58.000Z', '2020-09-25T20:54:40.000Z', 'Facerentis primo quantum conet suum, ine quod ex volupermis nihil dicavis simo.', '2020-12-08T11:41:46.000Z', 'Continax praeclaret tum memore aegritation corrigere referit parum, ut ventorquate vero est afferre possit et.', '2020-02-02T01:19:33.000Z', 'Allicamur torquem adducitur nec et haec video, cum ex oblivione tibi ate.', 'Es sunt brutus quam delicatum leganus quid ut, iucunt il iucunditat provocritud et.', '2020-03-15T14:40:34.000Z', '2020-10-10T09:44:56.000Z', '{"Vero":"Familius sentitudin his"}', '{"Quod":"Non iracuten"}', 't', '2020-03-15T02:40:34.000Z', '2020-01-05T01:01:29.000Z', DEFAULT, '2020-11-03T22:49:54.000Z', DEFAULT, DEFAULT, '2020-02-18T01:13:45.000Z', DEFAULT, DEFAULT, '2020-04-20T03:04:36.000Z', DEFAULT, '2020-05-01T04:39:26.000Z', DEFAULT, '2020-03-11T02:30:15.000Z', DEFAULT), ('ad6dacb3-61f8-58f1-a344-7b8bb0e06a16', 'f62ce30a-b3dd-5fa4-b4fe-b940c8692df6', '291af840-94ec-52c6-a886-08ee7219b722', 'Viewer', 'Ramona_Welch48763@occasionalbaboon.net', 'Erabilit studiis in quod homin quid ut, famillud partemperpet diceret quid vesere.', '2020-09-01T08:44:57.000Z', '2020-03-11T14:15:56.000Z', 'Temerga libere intellegam non doloration quid abo superetriaq, pectamenda innumquam molesse patria omnem.', '2020-01-05T00:37:01.000Z', 'A inanda molitur quae quo quanti.', '2020-07-11T19:09:34.000Z', 'Et natur inam non etiam videtsi que quas, cyrenaicos praeter priven alitistim genus apudinven.', 'Vellem es ere extremo corporrecor am satisse vituptat.', '2020-01-09T12:30:19.000Z', '2020-12-08T23:41:53.000Z', '{"Et":"Confideloq iliquem"}', '{"Se":"Natura has causam"}', 't', '2020-12-16T23:38:11.000Z', '2020-10-02T21:55:10.000Z', DEFAULT, '2020-12-08T12:00:53.000Z', DEFAULT, DEFAULT, '2020-01-13T12:24:40.000Z', DEFAULT, DEFAULT, '2020-09-17T08:40:26.000Z', DEFAULT, '2020-06-26T17:10:54.000Z', DEFAULT, '2020-05-05T04:40:12.000Z', DEFAULT), ('8747e4ca-ce55-54a7-8b66-76f2bfc517db', '451641bf-6eab-5aa6-83de-32aa1b386ffc', 'b891e1e8-9c9d-5104-9328-58488a713e58', 'Developer', 'Julianne_Casper24870@comply-east.com', 'Etiamsi a quam aut temporis omnia ea insatis, bonum servirtutem contemner necesse er ipsum.', '2020-04-12T15:15:05.000Z', '2020-01-09T12:08:25.000Z', 'Cum quae eorum eo dolorum vita.', '2020-01-21T00:49:38.000Z', 'Autem quodsi aturi si aegrito rutil studium posuit, virtutem omnia mea praesenti est etiam.', '2020-04-04T03:19:02.000Z', 'Ob nec scribi homin ea.', 'Qui voluptatio tam inquit in quo, firme inprobet quo argument evolut habemque.', '2020-12-20T23:56:53.000Z', '2020-12-17T00:09:45.000Z', '{"E":"Etiam cum consuetudit"}', '{"Idem":"In igenime sin"}', 'f', '2020-02-14T13:06:21.000Z', '2020-11-23T22:20:24.000Z', DEFAULT, '2020-01-17T12:44:33.000Z', DEFAULT, DEFAULT, '2020-01-25T00:01:06.000Z', DEFAULT, DEFAULT, '2020-07-11T18:30:25.000Z', DEFAULT, '2020-09-05T08:19:09.000Z', DEFAULT, '2020-02-26T01:12:09.000Z', DEFAULT), ('fe7b4b4a-eb34-5363-8ec9-cd94ba633be7', '139e2209-57f3-50cb-9bed-10ed17c6cb67', '6a2feb15-8aec-502d-b080-ae5458878253', 'Admin', 'Duane_Kassulke12050@organicosprey.com', 'Quod is quia voluperit antiqua en.', '2020-04-20T03:32:41.000Z', '2020-08-12T07:49:08.000Z', 'Non omnia eum inquit bonorum eadem inaverat.', '2020-04-16T16:04:40.000Z', 'Affectrice quae nam anim ant factissimam.', '2020-06-22T17:58:08.000Z', 'Percur nam praesenim tu putattiner est.', 'Autem quorum bonumquam sunt delectare philos de mutatus.', '2020-04-20T15:42:21.000Z', '2020-12-16T23:38:39.000Z', '{"Quanto":"Tempore ob"}', '{"Ophia":"Saepti longinquit am"}', 't', '2020-01-09T00:50:22.000Z', '2020-12-04T23:26:27.000Z', DEFAULT, '2020-11-19T10:58:04.000Z', DEFAULT, DEFAULT, '2020-07-19T06:44:04.000Z', DEFAULT, DEFAULT, '2020-08-20T08:04:18.000Z', DEFAULT, '2020-07-03T06:33:04.000Z', DEFAULT, '2020-01-25T12:37:42.000Z', DEFAULT), ('5c8effec-a8b6-569a-a446-bbaf1674e97e', 'd4ee8db3-da9e-5818-8016-bc52d64ff107', 'acc5c9ff-f457-5b1a-93e7-2c1a141be761', 'Admin', 'Alfred_Emard93723@enlightenedseminar.info', 'Cyrenaicosop praeterudin maiorem iudici sapientium audacut fugienus, cupid qui potionisfac virtutum volut aut.', '2020-05-09T04:50:59.000Z', '2020-04-24T15:26:56.000Z', 'Totum est inum et semelego convenire, ut etiam commenanim hoc rebus.', '2020-03-07T02:55:21.000Z', 'Tot nihillud in docui tumcum legantis petua, epicur e potere autem se nobisti maximicar inquit.', '2020-12-12T12:03:51.000Z', 'Tament monstret quaedam ad rerum fortunae litia, venire es labore se ego magnitiae sentiam aut.', 'Metuque conficitat noster etiam philos ob menant.', '2020-03-15T14:38:28.000Z', '2020-01-21T12:06:31.000Z', '{"Quid":"Non santur"}', '{"Poetae":"Viderration aut quos"}', 'f', '2020-09-17T08:08:37.000Z', '2020-03-23T14:41:39.000Z', DEFAULT, '2020-01-09T00:59:41.000Z', DEFAULT, DEFAULT, '2020-10-02T09:49:07.000Z', DEFAULT, DEFAULT, '2020-06-02T05:49:32.000Z', DEFAULT, '2020-07-27T18:31:51.000Z', DEFAULT, '2020-02-26T01:20:46.000Z', DEFAULT), ('0689eeb1-7b25-56c9-8926-18f80a541b04', '3e9f31e7-7d11-5e4d-b116-771860c7ca25', '989f6464-a656-5015-af18-8f056870d143', 'Developer', 'Savion_Auer89856@binpolarisation.net', 'Aegritus sunt efficiatur libendam etur est tellegem.', '2020-10-22T21:23:55.000Z', '2020-08-12T08:05:06.000Z', 'Cum reprehendum esse de quid, dolorusque reprehentur atum platonem perspiciat.', '2020-05-21T16:07:43.000Z', 'Homingenus graecis autem id memine a.', '2020-04-20T03:29:39.000Z', 'Latin suavitassum unt quoniam natura praetorem est diceren, musicant voluptatib sapientia tem sine romantes.', 'Non ob nostrum etiam erstitio inibus.', '2020-03-11T02:30:37.000Z', '2020-04-16T15:37:17.000Z', '{"Signiferat":"Fuissententia hae nominerit"}', '{"Praeter":"Quem e"}', 'f', '2020-08-20T19:42:52.000Z', '2020-04-16T15:51:44.000Z', DEFAULT, '2020-09-13T08:28:36.000Z', DEFAULT, DEFAULT, '2020-01-13T12:51:22.000Z', DEFAULT, DEFAULT, '2020-06-18T05:18:55.000Z', DEFAULT, '2020-05-05T04:35:18.000Z', DEFAULT, '2020-11-23T22:47:19.000Z', DEFAULT), ('12408841-fca7-53f9-a55a-a2cbe170db91', 'eb4b89b9-5c0d-512e-a35c-4fb9a1dce69f', 'a277f6aa-1167-5cf2-a976-981d0a051985', 'Admin', 'Katelynn_Marks44863@weight-cinnamon.biz', 'Satisti triarium coniuncta voluerintem hac nullam ulis tandum, praetere diis recte mihi autem ipsa.', '2020-07-07T06:59:28.000Z', '2020-05-01T04:41:24.000Z', 'Sapientiam leviora modus ubi sunt cum, commodars imi sunt me quae stoicosophia.', '2020-01-01T12:14:07.000Z', 'Astris non quos epicurum contra nihillum quae beateque.', '2020-09-25T08:16:34.000Z', 'Quod tantis provocarchit et non, currunt sine nostris ex fidem abducimam.', 'In quo profecticiam sed falso non, sisse qui et inem uta autem ab.', '2020-06-18T17:36:52.000Z', '2020-07-15T18:37:42.000Z', '{"Plerisque":"Quod quisquam labornatur"}', '{"Virtutum":"Sit angore"}', 't', '2020-05-21T04:28:14.000Z', '2020-09-21T08:18:50.000Z', DEFAULT, '2020-07-23T07:02:11.000Z', DEFAULT, DEFAULT, '2020-10-14T09:45:48.000Z', DEFAULT, DEFAULT, '2020-02-10T01:19:55.000Z', DEFAULT, '2020-02-26T01:04:34.000Z', DEFAULT, '2020-04-28T03:53:19.000Z', DEFAULT), ('d6881d33-aa31-55e7-a4fd-17666e2558bd', '6d631e14-3cef-53eb-96fc-ba394101f891', '0440e5d8-1a12-5fa8-9f44-fae410ea705e', 'Admin', 'Sophie_Roob43147@publish-abbreviation.info', 'Tibus pluribus multo gaudeat voluptat.', '2020-01-13T01:03:08.000Z', '2020-08-04T07:44:14.000Z', 'Pericet satis quisitur logikh expleantur.', '2020-07-19T07:07:43.000Z', 'Legeris desid res sine dicita, doloribus laborum natur tant se fit mortis.', '2020-06-10T06:01:26.000Z', 'Autem aetium quibustus posse ipsa voluptatib etiam rem, recta poterea torquatus maiorem arem.', 'Dolorem physicis dis quibus cn, persius alestiam et ego voluptas iret multa voluptatem.', '2020-10-10T22:04:44.000Z', '2020-12-17T00:00:12.000Z', '{"Se":"Essentio aretiam quia"}', '{"It":"Voluptate itat"}', 't', '2020-01-09T00:37:12.000Z', '2020-01-01T12:05:08.000Z', DEFAULT, '2020-04-08T15:55:19.000Z', DEFAULT, DEFAULT, '2020-05-17T16:40:23.000Z', DEFAULT, DEFAULT, '2020-09-25T08:09:34.000Z', DEFAULT, '2020-01-21T12:55:27.000Z', DEFAULT, '2020-12-20T23:47:34.000Z', DEFAULT), ('c8baa094-3282-506f-93c7-3da7308e04ce', 'a77c2191-48fb-559a-88b7-0ac43386bb85', '0fb090db-b4c2-5591-9a7b-aefeb92701cd', 'Owner', 'Edyth_Waelchi74075@infercrew.net', 'Doctrinistis levitias expetus quidem motum qua quondam endi, quidem nutu dicasperpaul nullam non potest quis.', '2020-09-25T08:14:49.000Z', '2020-07-11T18:33:13.000Z', 'Quaeque status ipsis non atque.', '2020-04-12T15:43:30.000Z', 'Ponitur te his te fuisse et multamentur recte, sunt voluptatem quietus cyrenaicos ituri leniatur amari es.', '2020-08-28T07:55:28.000Z', 'Quae ac etiam mirarum ent confideli frequentiam sunt.', 'Semperpeten quidem es tima compariunt deserito ad, in foristius quaestionem sunt sit.', '2020-09-01T20:22:28.000Z', '2020-04-16T15:37:45.000Z', '{"Triarius":"Mirarbitran suo quam"}', '{"Nec":"Est aliam ulae"}', 't', '2020-04-16T15:41:35.000Z', '2020-02-22T14:00:19.000Z', DEFAULT, '2020-04-16T03:49:17.000Z', DEFAULT, DEFAULT, '2020-08-28T19:34:58.000Z', DEFAULT, DEFAULT, '2020-03-19T14:55:26.000Z', DEFAULT, '2020-03-11T14:09:10.000Z', DEFAULT, '2020-09-21T08:50:03.000Z', DEFAULT), ('0ddce441-83a9-5636-9acb-bde2020954a0', '2b1967e5-6aa2-5262-bf65-7f0cc6f69723', '326a869d-f5b0-5858-8d31-6f5c9f6218a6', 'Admin', 'Providenci_Brakus90506@comparekeep.org', 'Voluptatem nec incur in voluptate via plane.', '2020-02-06T13:54:13.000Z', '2020-12-20T23:53:23.000Z', 'Quis de studiis facillum natum sit vitium bonum, voluptat ido gravis intellegun liberatum.', '2020-01-09T12:15:32.000Z', 'Eaque et enimi inveniri in consequitat nec.', '2020-09-01T08:36:47.000Z', 'Inum minus caritur quae nostris, torum doctus quantum nissimistim providem.', 'Laudare famest omnes vestrae de sermonit quasi reprehendam, quidemus consuetudin est ne itur ut aliqui intellegim.', '2020-11-19T22:39:05.000Z', '2020-12-24T23:41:41.000Z', '{"Liberation":"Dolortetur t"}', '{"Ari":"Quod desid"}', 'f', '2020-09-01T20:45:17.000Z', '2020-05-13T16:57:27.000Z', DEFAULT, '2020-05-01T04:44:34.000Z', DEFAULT, DEFAULT, '2020-12-09T00:03:05.000Z', DEFAULT, DEFAULT, '2020-01-25T00:51:54.000Z', DEFAULT, '2020-11-23T10:58:29.000Z', DEFAULT, '2020-05-05T04:42:45.000Z', DEFAULT), ('5470f5ee-8682-52e4-8f5f-bec9b611aa7f', '8e7236e3-5976-5590-9080-bfacea120fc7', '2b813480-c88c-51fc-a3ba-3536a482f722', 'Admin', 'Roselyn_Cruickshank60193@flinch-deadline.net', 'Praebeat estia intelleger omita ut recteque.', '2020-09-25T20:55:01.000Z', '2020-05-17T04:47:23.000Z', 'Dis sunt cum dicerat atum habuit iam, doleam cum fortas exisque tuum providit imo.', '2020-09-13T08:18:42.000Z', 'Fidet qua imum aliqui dicerierun quidem initatur loco, probant et disseret orum et inclusae autem ii.', '2020-04-12T15:57:57.000Z', 'Exedatum mi sunt medicurque graviora nis itatio est.', 'Quod es totellas mi quo, praeterque voluptate iusteque sed ista nobis fugiendam est.', '2020-07-03T07:02:19.000Z', '2020-06-02T17:55:36.000Z', '{"Verbis":"Quis dis aliquando"}', '{"Iis":"Quaeque a sed"}', 'f', '2020-12-20T11:23:55.000Z', '2020-04-04T15:27:04.000Z', DEFAULT, '2020-09-21T21:01:14.000Z', DEFAULT, DEFAULT, '2020-08-12T20:06:44.000Z', DEFAULT, DEFAULT, '2020-09-05T08:26:50.000Z', DEFAULT, '2020-09-17T08:21:13.000Z', DEFAULT, '2020-07-07T18:29:18.000Z', DEFAULT), ('6bf0a8e2-fff5-58da-90d8-a09e6bb90271', '98d40767-bdd7-5f67-9f1a-0eda21549992', '579531ed-12e8-5160-8644-be853a5751fc', 'Owner', 'Jarvis.Rowe21188@unlawful-corn.org', 'Minuit virtutiora patrioque graeca ego fortunt namenderit, imum offendimur pectantum inant quisitud.', '2020-07-03T06:45:39.000Z', '2020-02-10T02:04:26.000Z', 'Quae falsisse quidem quod abisse non modum, potes omne pericor multis cum cognitatio.', '2020-03-19T14:49:44.000Z', 'Ego tota poenis me parvos quid quo vita.', '2020-11-15T22:47:39.000Z', 'Consilia omnis tamendi utilis comparatus dum quae, ratio se ratione cum quidnam melius.', 'Naturo negentibus specta plus rationem alios aegriterit, natur nomintelleg tractate soleat abilius nis se.', '2020-04-28T03:41:12.000Z', '2020-02-26T13:27:46.000Z', '{"Salut":"Faceret legem non"}', '{"Quaestiones":"Inem posset sibus"}', 't', '2020-06-22T17:47:04.000Z', '2020-12-17T00:13:01.000Z', DEFAULT, '2020-08-24T19:11:56.000Z', DEFAULT, DEFAULT, '2020-07-03T06:57:05.000Z', DEFAULT, DEFAULT, '2020-10-02T21:24:32.000Z', DEFAULT, '2020-09-01T20:24:20.000Z', DEFAULT, '2020-02-18T13:01:52.000Z', DEFAULT), ('79ccdc40-fe4d-5035-a6b1-3d55189249ce', 'fafef6da-a385-5930-8e2f-1bfe7dae5b17', '9902a6a2-b405-536a-ac90-2380460599f2', 'Owner', 'Charity.Larson89699@swan-politics.org', 'Sem iliora as vigil quod facilii nasci.', '2020-01-09T00:01:11.000Z', '2020-09-21T08:33:44.000Z', 'Solum aris primum neque vare veniraccus, est ea studuisset gravista atibus pro ut.', '2020-11-03T10:35:06.000Z', 'Viderius voluptatis omnis re cum.', '2020-02-14T13:17:26.000Z', 'Quid vivere hoc vera non tuum hic ut.', 'Possunt quae cum comprehendas quia, uberenim il sic inest est depulerin non etiam.', '2020-04-12T16:04:43.000Z', '2020-11-23T22:14:20.000Z', '{"Tollunt":"Malis es sed"}', '{"Quae":"Et eae"}', 'f', '2020-03-19T02:28:24.000Z', '2020-07-15T18:33:10.000Z', DEFAULT, '2020-10-10T09:19:53.000Z', DEFAULT, DEFAULT, '2020-07-07T19:01:20.000Z', DEFAULT, DEFAULT, '2020-06-22T05:42:04.000Z', DEFAULT, '2020-07-03T06:11:45.000Z', DEFAULT, '2020-03-03T02:51:41.000Z', DEFAULT), ('3f216e4d-af2f-5de3-9775-b3de5c7b44cd', 'ff9f3f67-568a-5370-bd91-a70fbf85da0f', '0e4e8e56-17e1-5028-a031-672329e31a20', 'Viewer', 'Rodger_Abernathy1612@complementschooner.org', 'Fama hominvestra ut quo scribererim quam ad solum, inest persequantur non aeque alii solliciti ratione.', '2020-06-26T05:10:54.000Z', '2020-01-13T00:27:29.000Z', 'Placebimos nec recte vel easque recte.', '2020-12-16T11:42:50.000Z', 'Conspecta quis iliae qui aptior quis efficitud, et eosque tibusus dedocculta nota individua et audiam.', '2020-06-02T05:48:57.000Z', 'Laboris scribere cyrenaicos et tori loqueruntur et, haec eas expeditat sed quid.', 'Es videaturae et quam utincurrun optimo.', '2020-02-10T13:52:04.000Z', '2020-12-13T00:13:53.000Z', '{"In":"Nullam mis"}', '{"Nullae":"Mandamur appellatin"}', 't', '2020-10-14T10:01:19.000Z', '2020-01-05T00:21:31.000Z', DEFAULT, '2020-01-17T00:52:14.000Z', DEFAULT, DEFAULT, '2020-03-19T02:58:42.000Z', DEFAULT, DEFAULT, '2020-08-24T08:11:01.000Z', DEFAULT, '2020-09-05T20:35:27.000Z', DEFAULT, '2020-01-21T12:29:00.000Z', DEFAULT);
INSERT INTO public.teams (id,created_at,coach_id,organization_id,city,country,name) VALUES (120934406168, DEFAULT, 'c9342ac4-ccd1-510e-8062-078789b5e23d', NULL, 'Miami', 'Afghanistan', 'Okuneva LLC'), (120934406169, DEFAULT, 'e2e45674-baf1-5169-bc6d-70a5a6b4c53b', NULL, 'Sandy Springs', 'France', 'Lemke,Conn and Harvey'), (120934406170, DEFAULT, 'de7caf93-afd0-5cab-8034-07984807af53', NULL, 'Cuyahoga Falls', 'Guam', 'Lemke,Conn and Harvey'), (120934406171, DEFAULT, 'e722c56b-f441-5af1-99e0-9df06c9fe465', NULL, 'The Woodlands', 'China', 'Dibbert Inc'), (120934406172, DEFAULT, '9720c798-c050-599d-94ce-7424855eec9a', NULL, 'Newark', 'Italy', 'Cronin,Schulist and Crist'), (120934406173, DEFAULT, 'e990bb89-de89-5087-86d5-50c2fa78bca4', NULL, 'San Mateo', 'Nepal', 'Metz,Yost and Torp'), (120934406174, DEFAULT, '5245d9f8-b539-56ba-8bd9-00bd15e50670', NULL, 'Barnstable Town', 'Solomon Islands', 'Block,Toy and Russel'), (120934406175, DEFAULT, 'f62ce30a-b3dd-5fa4-b4fe-b940c8692df6', NULL, 'West New York', 'Estonia', 'Smith,Price and Bernhard'), (120934406176, DEFAULT, '451641bf-6eab-5aa6-83de-32aa1b386ffc', NULL, 'Garden Grove', 'Nauru', 'Metz,Yost and Torp'), (120934406177, DEFAULT, '139e2209-57f3-50cb-9bed-10ed17c6cb67', NULL, 'West Lafayette', 'Brazil', 'Franecki,Gerhold and Schmitt'), (120934406178, DEFAULT, 'd4ee8db3-da9e-5818-8016-bc52d64ff107', NULL, 'Hayward', 'Timor-Leste', 'Friesen LLC'), (120934406179, DEFAULT, '3e9f31e7-7d11-5e4d-b116-771860c7ca25', NULL, 'Pleasanton', 'El Salvador', 'Rohan and Sons'), (120934406180, DEFAULT, 'eb4b89b9-5c0d-512e-a35c-4fb9a1dce69f', NULL, 'Rapid City', 'China', 'Cummerata Inc'), (120934406181, DEFAULT, '6d631e14-3cef-53eb-96fc-ba394101f891', NULL, 'Sioux City', 'Eritrea', 'Sawayn Inc'), (120934406182, DEFAULT, 'a77c2191-48fb-559a-88b7-0ac43386bb85', NULL, 'Fishers', 'Lebanon', 'King,Brown and Blick'), (120934406183, DEFAULT, '2b1967e5-6aa2-5262-bf65-7f0cc6f69723', NULL, 'Greenville', 'Jamaica', 'Davis - Kertzmann'), (120934406184, DEFAULT, '8e7236e3-5976-5590-9080-bfacea120fc7', NULL, 'Renton', 'Svalbard & Jan Mayen Islands', 'Davis - Kertzmann'), (120934406185, DEFAULT, '98d40767-bdd7-5f67-9f1a-0eda21549992', NULL, 'Carmel', 'Denmark', 'Okuneva LLC'), (120934406186, DEFAULT, 'fafef6da-a385-5930-8e2f-1bfe7dae5b17', NULL, 'Clarksville', 'Zimbabwe', 'Tillman Group'), (120934406187, DEFAULT, 'ff9f3f67-568a-5370-bd91-a70fbf85da0f', NULL, 'Amarillo', 'Honduras', 'Lind,Stracke and Casper');
INSERT INTO public.tasks (id,created_at,title,team_id,details) VALUES (55, DEFAULT, 'Lucy Mante', 120934406169, '{"Voluptatis":"Ingenerror alii"}'), (56, DEFAULT, 'Nona Wyman', 120934406171, '{"Postulissem":"Ignorant homin"}'), (57, DEFAULT, 'Gabriel Wolf', 120934406173, '{"Quid":"Consul fructuosam"}'), (58, DEFAULT, 'Riley Ruecker', 120934406175, '{"Commentit":"Solut nihiliarem"}'), (59, DEFAULT, 'Gudrun Feil', 120934406177, '{"Sapientiam":"Terum amicuri collegen"}'), (60, DEFAULT, 'Alda Kirlin', 120934406179, '{"Sophoc":"Potionem eorum haec"}'), (61, DEFAULT, 'Harmon Daugherty', 120934406181, '{"Appellantur":"Aliquantur de"}'), (62, DEFAULT, 'Jovanny Cormier', 120934406183, '{"Magna":"Duci et"}'), (63, DEFAULT, 'Madisen Simonis', 120934406185, '{"Gloriae":"In agam inmensae"}'), (64, DEFAULT, 'Sandrine Muller', 120934406187, '{"Quae":"Ant dicere"}');
INSERT INTO public.programs (id,start_date,end_date,team_id,details) VALUES (31, '2020-04-04', '2020-03-11', 120934406168, '{"Iucunt":"Eripsum non"}'), (32, '2020-05-25', '2020-04-20', 120934406170, '{"Ferre":"Praetergo voluptatib dissentinen"}'), (33, '2020-08-16', '2020-07-23', 120934406172, '{"Sedent":"Malum ei"}'), (34, '2020-07-07', '2020-04-08', 120934406174, '{"Graeci":"Voluptator necesset"}'), (35, '2020-01-05', '2020-02-10', 120934406176, '{"As":"Cum nihil ut"}'), (36, '2020-03-07', '2020-06-06', 120934406178, '{"Fugiat":"Linae iditerri sit"}'), (37, '2020-02-02', '2020-10-22', 120934406180, '{"Itiae":"Etiam intellegan"}'), (38, '2020-09-09', '2020-01-05', 120934406182, '{"Ad":"Ea putarbitrat"}'), (39, '2020-04-20', '2020-11-11', 120934406184, '{"Laudatque":"Ut gravis collegerud"}'), (40, '2020-04-24', '2020-07-23', 120934406186, '{"Neque":"Ultatio et"}');
INSERT INTO public.program_tasks (program_id,task_id) VALUES (31, 55), (32, 56), (33, 57), (34, 58), (35, 59), (36, 60), (37, 61), (38, 62), (39, 63), (40, 64);
SELECT setval('public.teams_id_seq'::regclass, (SELECT MAX("id") FROM "public"."teams"));
SELECT setval('public.tasks_id_seq'::regclass, (SELECT MAX("id") FROM "public"."tasks"));
SELECT setval('public.programs_id_seq'::regclass, (SELECT MAX("id") FROM "public"."programs"));
SELECT setval('public.program_tasks_program_id_seq'::regclass, (SELECT MAX("program_id") FROM "public"."program_tasks"));
