INSERT INTO public.persons (id,created_at,age,first_name,last_name,user_type) VALUES ('6a482d0a-055a-49e7-a3b2-0df99a0ac83b', DEFAULT, 45, 'Josiane', 'Lowe', 'coach');
INSERT INTO public.teams (id,created_at,coach_id,organization_id,city,country) VALUES (120934405987, DEFAULT, '6a482d0a-055a-49e7-a3b2-0df99a0ac83b', NULL, 'Highland', 'Algeria');
SELECT setval('public.teams_id_seq'::regclass, (SELECT MAX("id") FROM "public"."teams"));
INSERT INTO public.persons (id,created_at,age,first_name,last_name,user_type) VALUES ('9705874f-dfbd-4c0b-97b7-8e105d8837c5', DEFAULT, 213, 'Serenity', 'Douglas', 'player');
INSERT INTO public.players (player_id,user_id,weight,height,team_id) VALUES (1, '9705874f-dfbd-4c0b-97b7-8e105d8837c5', 8.773953921981501, 10.119018833916334, NULL);
UPDATE public.players SET team_id = 120934405987 WHERE player_id = 1;
SELECT setval('public.players_player_id_seq'::regclass, (SELECT MAX("player_id") FROM "public"."players"));
INSERT INTO public.persons (id,created_at,age,first_name,last_name,user_type) VALUES ('7fd8980d-0b18-4113-9f11-92847e8eae89', DEFAULT, 1, 'Joanie', 'Towne', NULL);
INSERT INTO auth.users (instance_id,id,aud,role,email,encrypted_password,email_confirmed_at,invited_at,confirmation_token,confirmation_sent_at,recovery_token,recovery_sent_at,email_change_token_new,email_change,email_change_sent_at,last_sign_in_at,raw_app_meta_data,raw_user_meta_data,is_super_admin,created_at,updated_at,phone,phone_confirmed_at,phone_change,phone_change_token,phone_change_sent_at,email_change_token_current,email_change_confirm_status,banned_until,reauthentication_token,reauthentication_sent_at,is_sso_user,deleted_at,is_anonymous) VALUES ('737944e3-caf9-5e31-8ae9-5a1b360a293b', '0f5d546a-dd80-5406-a005-a4f3061b9fb4', '5e55b24a-6f54-5620-bb86-d04ea4c8f721', 'Developer', 'Alec.Bahringer49059@project-wave.net', 'Quamquam solen philos non endus.', '2020-03-27T02:27:02.000Z', '2020-02-18T13:29:01.000Z', 'Est paulo vacuit ingenii pellanturbul qui approbantis.', '2020-01-05T12:49:14.000Z', 'Quam gratia quidnam quibus et.', '2020-05-21T16:31:44.000Z', 'Se cum quia negat profectu.', 'Locis non etiam meo laudatque solum singulosit, loqueret vitae ocurae sunt tu inum eae.', '2020-06-22T05:44:10.000Z', '2020-06-26T05:09:30.000Z', '{"Summum":"Res doloresse"}', '{"Nihilius":"Quae necestias"}', 't', '2020-04-04T04:00:44.000Z', '2020-05-09T04:42:49.000Z', DEFAULT, '2020-02-10T13:45:12.000Z', DEFAULT, DEFAULT, '2020-02-22T01:33:17.000Z', DEFAULT, DEFAULT, '2020-10-06T22:00:21.000Z', DEFAULT, '2020-04-12T15:52:43.000Z', DEFAULT, '2020-03-11T14:42:16.000Z', DEFAULT), ('265b3899-64f8-5ba8-86d2-f393a60cf389', '5fef9e7c-116a-5504-a6ae-d16f4442d448', '1b7b35dc-5205-5534-9a52-6b105a06acd2', 'Admin', 'Annamarie_Brakus10291@tattoobell.com', 'Quibus tur cognita et etiam.', '2020-04-28T16:05:55.000Z', '2020-04-08T03:45:04.000Z', 'Quibus his inpenderum am quae prorsus aper.', '2020-12-12T11:50:56.000Z', 'Distrahi probab ut andi dictur proborum tria.', '2020-06-14T17:30:58.000Z', 'Inum incorpore bono impedit endum etitate quorum.', 'Et autem malitia sit neganimo cum nihilii.', '2020-06-10T18:07:09.000Z', '2020-05-05T04:55:21.000Z', '{"Sed":"Quod hostemeris anda"}', '{"Quadamicit":"Fugienterven turbamur"}', 't', '2020-12-04T11:47:53.000Z', '2020-03-03T02:37:14.000Z', DEFAULT, '2020-09-17T09:00:07.000Z', DEFAULT, DEFAULT, '2020-04-16T03:15:08.000Z', DEFAULT, DEFAULT, '2020-11-23T10:22:29.000Z', DEFAULT, '2020-01-21T00:09:26.000Z', DEFAULT, '2020-05-17T16:42:15.000Z', DEFAULT), ('1a52e9e4-0b60-55f6-8849-bee0c1611347', '5ac46069-d153-5b50-a0be-8a017d379243', '0d3a6d62-5616-58dd-a17a-82c2de85c1cc', 'Editor', 'Leanna_Quigley96822@attain-thermals.com', 'Fortas familita excruciantur fuisse vero iis ante ne.', '2020-11-11T11:11:07.000Z', '2020-05-13T16:44:25.000Z', 'Dolore ilii minarendum voluptate secum nunc ne ignoraret.', '2020-04-04T15:08:04.000Z', 'Sensuum per quid necest ad peranimus, locus repugi sapiendisplic multos et tant voluptation.', '2020-08-16T07:44:19.000Z', 'Quia autem quod puerillam cum quod, legam placetiam magna quarum entis et.', 'Accurrunt sunt utillud ea patiendi legitatque adhuc approbes, praeter cohaerest veniri parabunde nec quod iustitudit ut.', '2020-07-11T18:57:34.000Z', '2020-04-24T15:29:36.000Z', '{"Latur":"Am vare"}', '{"Disservata":"Imo constantia"}', 'f', '2020-05-05T04:11:04.000Z', '2020-09-05T20:47:49.000Z', DEFAULT, '2020-08-04T19:11:50.000Z', DEFAULT, DEFAULT, '2020-05-05T16:13:24.000Z', DEFAULT, DEFAULT, '2020-12-21T00:01:18.000Z', DEFAULT, '2020-10-26T09:16:32.000Z', DEFAULT, '2020-10-06T22:00:43.000Z', DEFAULT), ('909eba5a-bcb6-5ecf-8f8a-3b45ce238969', '5f2c632c-1003-5d3e-94f5-6085899aa359', '92643554-497e-50dd-a9f7-e35830243138', 'Owner', 'Christop.Sawayn48595@popularmobility.net', 'Pareat sedat qua a audittento, posset etsi iudicum volunt solum.', '2020-11-27T10:24:53.000Z', '2020-12-20T12:02:43.000Z', 'Inans famile lud pecundustriae non et defentur, iderent sit dolorum quae est.', '2020-06-02T17:30:05.000Z', 'Romanimi et quam rationem de voce iditus in.', '2020-02-18T01:44:45.000Z', 'En iuria esse splendore ipsos, gravis ari discipio sententia erius ubi rationem facilitus.', 'Quam et anesse genus corpus mediocritum.', '2020-03-27T14:41:36.000Z', '2020-07-23T06:08:28.000Z', '{"Pertingere":"Est et"}', '{"A":"Aut cere divinest"}', 'f', '2020-12-16T23:25:29.000Z', '2020-08-24T07:23:22.000Z', DEFAULT, '2020-01-01T12:22:30.000Z', DEFAULT, DEFAULT, '2020-06-14T17:44:37.000Z', DEFAULT, DEFAULT, '2020-08-28T19:10:57.000Z', DEFAULT, '2020-05-21T16:55:36.000Z', DEFAULT, '2020-12-21T00:13:05.000Z', DEFAULT), ('fce0523f-ec28-5268-84f3-3d31f14ab476', '71c8f57c-aae5-5ac8-8fc0-a1ff399b17b8', '3eee1e17-a66d-599d-aed6-1302c1c99eb1', 'Owner', 'Mozelle_Boyer81623@spectacularsweat.net', 'Utus tolere explicabo ne consilio aliquidem epicium rerum, quidem sane an m laudatticiam impeterum et entibusque.', '2020-05-13T17:01:18.000Z', '2020-05-09T16:06:35.000Z', 'Sed ei affecitiae qui ilit vitamusque.', '2020-03-07T02:29:23.000Z', 'Idita cum te possit ratio minimbutus, fallaramur enimisdem simos iucunt voluptatem ut dolorem.', '2020-03-07T02:35:19.000Z', 'Paene multis anim disputata quoddam alter, quo autem pervendis neque esse am ano.', 'Nusquam primis ceteretur iudicita cupiderat, summo quae nihil me ales.', '2020-12-20T23:12:43.000Z', '2020-07-03T06:48:48.000Z', '{"Primosit":"Depravatib ere depravat"}', '{"Autem":"Ideriora am"}', 'f', '2020-05-17T16:22:34.000Z', '2020-06-22T17:32:30.000Z', DEFAULT, '2020-03-23T02:10:46.000Z', DEFAULT, DEFAULT, '2020-08-28T07:34:44.000Z', DEFAULT, DEFAULT, '2020-11-03T10:50:49.000Z', DEFAULT, '2020-01-17T12:56:54.000Z', DEFAULT, '2020-07-15T06:28:09.000Z', DEFAULT), ('f9c326c1-d54b-5a71-974b-b06157c596f8', '815c84a1-9088-5e6f-b1ab-0853285c0e5d', '8772a07a-fa71-5fab-9dcd-fff2646efae7', 'Viewer', 'Julien.Kerluke72913@decent-sneeze.com', 'Perciplinam ad voluptate hoc adipsa modo.', '2020-04-12T04:04:29.000Z', '2020-03-23T02:17:53.000Z', 'Diceram sit iudicus provid afrantur mediocritum, per partemnentes te causamicur hominest accusatur gustari.', '2020-12-12T23:40:19.000Z', 'Carere cohaeresse corriger aut esse atius si.', '2020-11-11T11:01:27.000Z', 'Sane dolore ut sentantas praesen.', 'Nostri et non atibus utinter quae.', '2020-12-12T23:13:38.000Z', '2020-11-03T22:49:25.000Z', '{"Latur":"Rebus versionesse"}', '{"Tota":"Est magnam"}', 'f', '2020-07-07T18:10:11.000Z', '2020-12-05T00:13:03.000Z', DEFAULT, '2020-06-10T06:05:10.000Z', DEFAULT, DEFAULT, '2020-10-10T09:19:04.000Z', DEFAULT, DEFAULT, '2020-02-18T13:35:33.000Z', DEFAULT, '2020-03-11T14:36:33.000Z', DEFAULT, '2020-03-23T14:29:32.000Z', DEFAULT), ('7b252a4a-c4b4-5b8e-a335-ebc1a9c20447', 'f14ee7a7-b3f9-561d-8cf7-983293f0008f', '86d4b851-0b53-528b-b73f-6bb26292219e', 'Editor', 'Amelie.McLaughlin4801@squigglypeacoat.info', 'Sitne et conspecta saepe extremum quieti, civit si sentior virtutemol estias.', '2020-02-06T01:18:55.000Z', '2020-05-01T05:07:52.000Z', 'Te parte tem artibiqui iliustitiam autem spe, si sine iudicet dicas quod non vidiae quia.', '2020-04-08T15:31:34.000Z', 'Epicissius quam dolore amargumen vivere non quaeque, erritudin aut neque invident et dolorista bonoresset genii.', '2020-08-12T19:43:04.000Z', 'Metu tener flagitudit tum totelectat omnino cyrenaicosten esse, doloratio possumus qua omne non falli possim.', 'Dissermone vivenime facilla quidem im venistunt quam.', '2020-09-09T08:37:44.000Z', '2020-07-03T18:38:26.000Z', '{"Voluperen":"Etudo aut"}', '{"Debet":"Haec eli"}', 'f', '2020-01-25T13:03:34.000Z', '2020-11-03T22:49:05.000Z', DEFAULT, '2020-12-20T11:38:36.000Z', DEFAULT, DEFAULT, '2020-08-16T19:42:13.000Z', DEFAULT, DEFAULT, '2020-12-12T23:40:19.000Z', DEFAULT, '2020-12-20T11:46:52.000Z', DEFAULT, '2020-02-02T13:28:46.000Z', DEFAULT), ('f5c0e433-75ef-5166-9a55-1ecd8ba3e765', 'e4153ca5-d012-5995-bad4-086731587974', 'f9027f59-3341-5143-8fe9-df9d86f7570b', 'Developer', 'Vada_Nicolas46208@say-mean.net', 'Contra vel magnos numquamquam ego iderare inem.', '2020-09-09T08:19:27.000Z', '2020-12-20T11:35:06.000Z', 'Quam esset cetere nostrum qui.', '2020-12-12T23:40:40.000Z', 'Ut quia scribi posid fallare sic diceren.', '2020-05-21T04:51:46.000Z', 'Multi cum et non quem.', 'Serito hae et virtutem atum nec in ime, quia legere itia declinam veterab sapientium norat.', '2020-11-15T23:01:37.000Z', '2020-06-22T05:53:01.000Z', '{"Moveat":"Est verterista"}', '{"Indivinum":"Sentias iis desid"}', 'f', '2020-12-16T11:53:54.000Z', '2020-09-25T08:11:12.000Z', DEFAULT, '2020-02-18T13:22:16.000Z', DEFAULT, DEFAULT, '2020-08-08T07:41:44.000Z', DEFAULT, DEFAULT, '2020-12-04T23:26:19.000Z', DEFAULT, '2020-09-09T08:34:56.000Z', DEFAULT, '2020-06-22T05:40:40.000Z', DEFAULT), ('293d6140-f494-5662-99dd-5e88cd45908b', '8bb5337a-4ae8-5fe9-834c-d09e97c220b7', '977dcc5b-7b9a-57ef-be4a-9c008d3468a4', 'Admin', 'Princess_Mills19974@disbarvestment.info', 'Cum scriptorquatis et procedonan percipito et.', '2020-01-05T00:53:33.000Z', '2020-02-06T01:39:53.000Z', 'Sic de earum appetuisti scientia.', '2020-02-18T13:46:44.000Z', 'Tum sublatindig praeteret quidem si natur am.', '2020-01-01T00:22:16.000Z', 'Nec habet omi ad sectet huic non, ad nullo triario scilicur quarum.', 'Quam ego minarendi ab dolorum nam.', '2020-08-12T07:58:14.000Z', '2020-11-23T10:55:28.000Z', '{"Iucunt":"Nihil am"}', '{"Meo":"Cui singulosop"}', 'f', '2020-05-09T04:25:35.000Z', '2020-12-24T11:35:24.000Z', DEFAULT, '2020-06-26T05:11:43.000Z', DEFAULT, DEFAULT, '2020-07-23T18:20:49.000Z', DEFAULT, DEFAULT, '2020-12-24T11:47:03.000Z', DEFAULT, '2020-03-07T14:30:53.000Z', DEFAULT, '2020-09-13T09:12:04.000Z', DEFAULT), ('bff3d01b-37bf-56a1-ba8c-4296d3ea357b', 'b36ab93a-34cf-5d2f-8309-1f65466da6f0', '94de5767-573b-5d0c-a789-aec03ca62f17', 'Owner', 'Arthur.Little41425@highlightstroke.info', 'Fore temperan expeten aut dubit arbitrium, ete legi esset eri de bonore multo.', '2020-10-10T21:23:36.000Z', '2020-09-05T20:51:32.000Z', 'Feratomni ab physiciscuntur nasci munere defentibi abillis.', '2020-01-25T00:17:46.000Z', 'Extremum amicur sive suscepi iudicanim numquam.', '2020-06-06T05:45:03.000Z', 'Quam non et vacillae nomintelleg.', 'Nam discorporro est ipsis quia effici, hominem aut voluptates quae liberis nam.', '2020-09-05T09:04:42.000Z', '2020-11-15T22:49:37.000Z', '{"Intellegim":"Nostris sic eo"}', '{"Motum":"Dis voluptatem in"}', 'f', '2020-10-22T21:20:12.000Z', '2020-03-11T14:05:12.000Z', DEFAULT, '2020-10-14T21:48:50.000Z', DEFAULT, DEFAULT, '2020-05-17T16:25:15.000Z', DEFAULT, DEFAULT, '2020-11-27T22:25:36.000Z', DEFAULT, '2020-08-12T07:10:41.000Z', DEFAULT, '2020-09-21T20:36:05.000Z', DEFAULT);
INSERT INTO auth.users (instance_id,id,aud,role,email,encrypted_password,email_confirmed_at,invited_at,confirmation_token,confirmation_sent_at,recovery_token,recovery_sent_at,email_change_token_new,email_change,email_change_sent_at,last_sign_in_at,raw_app_meta_data,raw_user_meta_data,is_super_admin,created_at,updated_at,phone,phone_confirmed_at,phone_change,phone_change_token,phone_change_sent_at,email_change_token_current,email_change_confirm_status,banned_until,reauthentication_token,reauthentication_sent_at,is_sso_user,deleted_at,is_anonymous) VALUES ('43853915-6521-55ca-82af-803247910d62', '3eec3601-72e3-5fa2-96fc-e1f944b2e4e0', '5cf54475-31c1-52bd-a24f-7457ee264148', 'Admin', 'Geovanni.Bergstrom39191@tender-craft.biz', 'Quoque it vera ponderigit im, mundi exedunt alem et satis nisi placuit ab.', '2020-02-18T01:34:30.000Z', '2020-05-17T04:23:58.000Z', 'Laudab in ent alia consuetudin, cum possummum eamque ferri humant sit sedit.', '2020-09-09T08:33:26.000Z', 'Exis nosmetu ent vare non sentior sane ad, contra imi et quia impeditat quae discipi.', '2020-09-05T08:17:59.000Z', 'Possit geometiam libercitum nostro habenter bonum torquatus.', 'Neque enim ad asperitum ex dolem.', '2020-09-13T20:22:53.000Z', '2020-04-24T15:47:54.000Z', '{"Et":"Ea malum"}', '{"Quo":"Aequit efflueret eam"}', 't', '2020-09-13T20:23:00.000Z', '2020-07-23T07:00:47.000Z', DEFAULT, '2020-06-02T17:46:02.000Z', DEFAULT, DEFAULT, '2020-06-14T05:18:38.000Z', DEFAULT, DEFAULT, '2020-11-11T22:49:41.000Z', DEFAULT, '2020-09-01T20:21:11.000Z', DEFAULT, '2020-09-01T20:46:27.000Z', DEFAULT), ('c47ba3f7-4952-57b2-9f2c-21fb50199cc6', '3ac2bc47-aaf2-524b-ae87-0e0ab6683895', '82bc329c-39c7-5851-9939-534ade14d4be', 'Owner', 'Blanche_Green8526@starrylawsuit.biz', 'Se fortiturus a audivola sed a quisquam.', '2020-10-10T22:12:54.000Z', '2020-11-15T22:24:28.000Z', 'Aut ultas cyrenaicos doloris sic et voluptat melius, ea quadamore e medium incorportar vituptatis sedat.', '2020-10-18T09:45:45.000Z', 'Linguam omnissimum quasi epicipso quae ea possimae, incorpora a possunt apeiriandae supere iudicantur ex qui.', '2020-05-05T16:15:09.000Z', 'Sumitata frustra causae quid aliae, num cognit tibus sed silia tentiam benivola nec.', 'Extremum quod acunditat aut nunc si.', '2020-10-14T09:21:34.000Z', '2020-09-13T08:57:16.000Z', '{"Ut":"Ea audeamus"}', '{"Agat":"Exeamus quod iudicorum"}', 'f', '2020-10-18T22:04:38.000Z', '2020-07-03T06:51:36.000Z', DEFAULT, '2020-04-28T03:14:04.000Z', DEFAULT, DEFAULT, '2020-03-23T02:57:08.000Z', DEFAULT, DEFAULT, '2020-09-21T08:12:39.000Z', DEFAULT, '2020-10-14T21:45:56.000Z', DEFAULT, '2020-02-22T13:41:19.000Z', DEFAULT), ('e1d05360-a75f-575d-8a8a-d57d5e88bca6', 'a5f50df1-999f-578e-a2d5-a476de9d6783', '5af29b86-bbc3-56c6-80fd-8e9f84caa095', 'Developer', 'Milton_Kshlerin18537@vicious-hog.biz', 'Ex sum prorsus ratio virosaris ubere m eos, eturo qui inere aliquid autem quam praetere has.', '2020-05-09T04:14:38.000Z', '2020-12-28T23:48:16.000Z', 'Qui angusti chrysippe nihil voluptate autem reliquam.', '2020-11-23T22:38:13.000Z', 'Habeo non alia melius maxim rationes, legendam arent as eaque nec.', '2020-07-07T18:45:29.000Z', 'Ea qui si eorum domo molitat agamicis.', 'Fidet autemandum cives non etiam maxime voluptate graecis, tum vestrae adveri ut optare sed.', '2020-02-06T13:49:27.000Z', '2020-11-19T22:53:32.000Z', '{"Copiosae":"Poterundius falsis nihil"}', '{"Mihi":"Ant pacuvii"}', 'f', '2020-11-23T23:09:41.000Z', '2020-11-11T22:57:15.000Z', DEFAULT, '2020-01-25T00:14:38.000Z', DEFAULT, DEFAULT, '2020-05-05T04:17:49.000Z', DEFAULT, DEFAULT, '2020-03-15T03:05:03.000Z', DEFAULT, '2020-06-06T05:34:20.000Z', DEFAULT, '2020-10-18T09:25:50.000Z', DEFAULT), ('45d90aa6-558c-59de-be5e-ccfaf5623671', '8ddb2bf2-fb64-5d60-ba2e-dac9756b848a', '172c8c77-6b64-54b3-88e9-55c2814498b0', 'Editor', 'Therese.Gerhold27769@retrench-shack.com', 'Labeffecer et legent et apere blandit, est oblique malo ut locis percipition scribendum.', '2020-01-01T12:28:26.000Z', '2020-03-15T14:09:35.000Z', 'Constituam cum putet complura mihi hoc.', '2020-12-08T11:37:55.000Z', 'Tamendum sicut et fert pueri voluptas accuriosis omnis.', '2020-08-08T19:50:35.000Z', 'Ore quibus ula mihi legentibi.', 'Sequi molestiam saepe sapiens virtutiores in splendidici.', '2020-07-19T07:01:18.000Z', '2020-01-01T12:28:54.000Z', '{"Horum":"Corrupte possunt quid"}', '{"Praetere":"Eturi astris inam"}', 't', '2020-05-13T04:30:39.000Z', '2020-12-04T23:59:52.000Z', DEFAULT, '2020-10-10T09:35:09.000Z', DEFAULT, DEFAULT, '2020-05-21T05:04:21.000Z', DEFAULT, DEFAULT, '2020-10-02T21:09:08.000Z', DEFAULT, '2020-04-08T15:04:10.000Z', DEFAULT, '2020-12-25T00:07:05.000Z', DEFAULT), ('308580b7-1528-5b22-88c5-112c32c2258e', '2fd7c1fe-a14f-519b-8ea8-de0dfbd7c257', '256a9355-f626-567d-b5a9-8fe36ceec91f', 'Admin', 'Krystina_Padberg31070@excise-peace.info', 'A multis dis ipsa iudicium.', '2020-02-18T01:41:57.000Z', '2020-01-05T12:16:38.000Z', 'Qua moderat multo animus esta, se facet temere memortum successeren voluptate.', '2020-08-08T19:49:25.000Z', 'Nihilla facetiam civitator fit possint, pareat plentur haec a es fabulere.', '2020-04-24T15:42:47.000Z', 'Illime es quo efficermit quod multiturus.', 'Placeturi salut familiarit periorum nullam.', '2020-04-12T15:50:09.000Z', '2020-08-04T19:19:18.000Z', '{"Ne":"Ut summam et"}', '{"Possumitat":"Nostris tamenimi"}', 't', '2020-12-20T23:38:36.000Z', '2020-01-09T00:17:16.000Z', DEFAULT, '2020-10-26T10:00:42.000Z', DEFAULT, DEFAULT, '2020-01-25T12:10:40.000Z', DEFAULT, DEFAULT, '2020-08-28T08:08:03.000Z', DEFAULT, '2020-08-24T07:27:40.000Z', DEFAULT, '2020-02-06T01:36:31.000Z', DEFAULT), ('9494fae1-c748-538d-bdf7-ced02a33e623', '738b39a8-7d6e-5700-af29-258ee41f9c3b', '2a310bff-10c1-5139-847a-d0ee5aae55e6', 'Admin', 'Joe_Ullrich1342@foolish-conflict.info', 'Latin quam ut doleam non, il ophiae faceritat spe ut congressuscep saepe se.', '2020-02-06T13:37:33.000Z', '2020-11-03T10:27:52.000Z', 'Ea tamenimped esse tranquilli nostrum aeter esse boniste, eretiam panaetium philos cupid as semperfruique.', '2020-07-11T18:47:25.000Z', 'Malum cum tractavio magnam voluptas.', '2020-10-26T09:34:28.000Z', 'Voluptas abita quam qui vitae ad credo.', 'Summum cupidem restatio itati et quisquamquam civestiae, secur de ubi peccanesse in.', '2020-11-19T10:36:52.000Z', '2020-03-11T02:35:30.000Z', '{"Magnumquam":"Ab non"}', '{"Quid":"Endarum quas tibus"}', 'f', '2020-04-20T03:10:12.000Z', '2020-07-27T06:51:32.000Z', DEFAULT, '2020-09-17T08:30:04.000Z', DEFAULT, DEFAULT, '2020-07-23T06:34:13.000Z', DEFAULT, DEFAULT, '2020-02-10T01:46:43.000Z', DEFAULT, '2020-10-26T21:26:26.000Z', DEFAULT, '2020-11-15T10:23:45.000Z', DEFAULT), ('dbb52fe6-8481-54f5-8043-b77b0ea5b818', '971d397c-2ae0-526e-b929-f5e053cb6271', 'e55f6535-483c-5e8d-876d-96ee3b380698', 'Admin', 'Darian.Hoeger71443@relievedusual.info', 'Ratio sit quidem antia bene, idinliber tentamquam a ingenia nimium fabularis sic recta.', '2020-06-18T17:45:29.000Z', '2020-07-23T06:30:01.000Z', 'Me sint maxim aptius quas tam cognitudin de, expetuisse de gere es monstruosi maluis.', '2020-12-12T23:53:08.000Z', 'Per perspiciat il nulla quibus genia finiri antiopam, utus latinfinit quorum uterunt nec fugiena disserundius.', '2020-12-04T23:55:20.000Z', 'Ratio privat ii tam philosari.', 'Lucifugien exeamque natur foedus dolorum moles summum.', '2020-08-28T08:03:16.000Z', '2020-12-24T11:27:08.000Z', '{"Conceder":"Ob quodsi"}', '{"Affere":"Expecunt maiorem"}', 'f', '2020-06-22T05:08:44.000Z', '2020-07-11T18:36:35.000Z', DEFAULT, '2020-06-14T05:33:05.000Z', DEFAULT, DEFAULT, '2020-12-16T23:39:21.000Z', DEFAULT, DEFAULT, '2020-08-28T07:10:29.000Z', DEFAULT, '2020-05-25T04:06:16.000Z', DEFAULT, '2020-12-20T11:57:28.000Z', DEFAULT), ('4ba55840-0fc6-5658-b693-0378852ba4b1', 'a130997a-bb0f-5400-9fb2-7e9c5a45bd27', '8f05fb12-6281-5d7c-b254-9d05b25f5fcd', 'Editor', 'Yvonne.Jacobson70415@brushtruth.net', 'Praesenim inquam ut quo proprius ad totus est.', '2020-12-04T23:39:50.000Z', '2020-03-27T03:02:41.000Z', 'Investra cum suavita ut pleniorum cendi.', '2020-05-13T16:12:22.000Z', 'Epice atem alique quam debeo sit fonte.', '2020-12-24T11:11:51.000Z', 'Sensu vita animbutus illime quantum.', 'Melius ere commune ipsam quodsi inandae ut.', '2020-06-10T05:35:27.000Z', '2020-02-22T01:50:52.000Z', '{"Maiores":"Dignita eum"}', '{"Finiri":"Quae alteris"}', 'f', '2020-03-27T02:31:48.000Z', '2020-03-15T14:04:27.000Z', DEFAULT, '2020-03-19T02:33:32.000Z', DEFAULT, DEFAULT, '2020-09-05T08:32:40.000Z', DEFAULT, DEFAULT, '2020-04-04T03:55:37.000Z', DEFAULT, '2020-08-16T07:58:32.000Z', DEFAULT, '2020-03-11T02:06:01.000Z', DEFAULT), ('9cef0354-07ad-5ffe-81e0-f96d9afff80a', '62a0db9d-df3d-5232-a59c-86b1d71774e9', '9a2a1529-025a-530d-934b-cc8da9393a27', 'Owner', 'Amari.Hartmann1700@fluffymotel.net', 'Scriberorter physico manenimum non redeam dicet sit, quae voluperi quae praeda untur tim quod quibus.', '2020-02-22T13:20:07.000Z', '2020-09-13T08:20:06.000Z', 'Appetension doloris ferant voluptat earum omostendis audivola esto, caeco nisi morte si antes commodo has.', '2020-04-12T16:03:47.000Z', 'Concludat difficientia quia quo natur sit, quas tam sapienum beatus hoc licitura.', '2020-12-12T11:38:34.000Z', 'Cum sentensio ipsius ilius optimi per si, si pro democtavis videm nihilla omnium arbitranius bonisti.', 'Pars quo alii vel e nec quae, aut hausta me nesque pellant.', '2020-07-07T19:03:19.000Z', '2020-05-01T04:18:00.000Z', '{"Eorum":"Maximi postulant"}', '{"Eam":"Id nobiscuntur"}', 't', '2020-08-16T19:52:07.000Z', '2020-03-11T14:38:38.000Z', DEFAULT, '2020-01-25T12:51:34.000Z', DEFAULT, DEFAULT, '2020-04-24T03:16:26.000Z', DEFAULT, DEFAULT, '2020-01-09T12:50:14.000Z', DEFAULT, '2020-12-04T23:41:00.000Z', DEFAULT, '2020-02-10T01:05:14.000Z', DEFAULT), ('ae08765a-a8b4-56ee-a167-360b7ab6d168', 'c2a7513f-1ed1-5165-a20b-123b4010d360', '78c7348b-5706-5e1e-b9f6-b2c09c8bafd3', 'Viewer', 'Estefania.Pacocha49578@thumbclay.com', 'Declinam bonae sunt dolores sed a ut, cum delicaris quo epicura laudat voluptate ut.', '2020-04-12T15:23:42.000Z', '2020-09-05T08:24:24.000Z', 'Ura inem adducatem non tibus, et manusdam tribus nec primo vituptas.', '2020-04-20T15:32:55.000Z', 'Erationes vitae bonorem a venire aut viris eo.', '2020-07-07T06:36:52.000Z', 'Duci ne enimper ulla dolore legem, male entantur esse minus sed.', 'De posset sed volum si sancircum praeclaramur.', '2020-01-05T12:55:32.000Z', '2020-03-07T14:25:39.000Z', '{"Inum":"Esse eo"}', '{"Summum":"Non sistatem"}', 'f', '2020-02-18T01:32:38.000Z', '2020-06-14T05:27:43.000Z', DEFAULT, '2020-06-10T06:04:00.000Z', DEFAULT, DEFAULT, '2020-06-02T17:38:21.000Z', DEFAULT, DEFAULT, '2020-01-05T00:36:05.000Z', DEFAULT, '2020-03-03T14:26:37.000Z', DEFAULT, '2020-01-25T00:33:23.000Z', DEFAULT);
INSERT INTO public.persons (id,created_at,age,first_name,last_name,user_type) VALUES ('3eec3601-72e3-5fa2-96fc-e1f944b2e4e0', DEFAULT, 231, 'Mireille', 'Schiller', 'coach'), ('3ac2bc47-aaf2-524b-ae87-0e0ab6683895', DEFAULT, 166, 'Braulio', 'Buckridge', 'manager'), ('a5f50df1-999f-578e-a2d5-a476de9d6783', DEFAULT, 56, 'Melisa', 'Gulgowski', 'coach'), ('8ddb2bf2-fb64-5d60-ba2e-dac9756b848a', DEFAULT, 45, 'Reinhold', 'Weimann', 'manager'), ('2fd7c1fe-a14f-519b-8ea8-de0dfbd7c257', DEFAULT, 79, 'Hipolito', 'Zemlak', 'coach'), ('738b39a8-7d6e-5700-af29-258ee41f9c3b', DEFAULT, 96, 'Kenya', 'Armstrong', 'coach'), ('971d397c-2ae0-526e-b929-f5e053cb6271', DEFAULT, 207, 'Bria', 'Murazik', 'coach'), ('a130997a-bb0f-5400-9fb2-7e9c5a45bd27', DEFAULT, 97, 'Kaylah', 'Nikolaus', 'coach'), ('62a0db9d-df3d-5232-a59c-86b1d71774e9', DEFAULT, 43, 'Aylin', 'Botsford', 'manager'), ('c2a7513f-1ed1-5165-a20b-123b4010d360', DEFAULT, 46, 'Lessie', 'Bergnaum', 'player');
INSERT INTO auth.users (instance_id,id,aud,role,email,encrypted_password,email_confirmed_at,invited_at,confirmation_token,confirmation_sent_at,recovery_token,recovery_sent_at,email_change_token_new,email_change,email_change_sent_at,last_sign_in_at,raw_app_meta_data,raw_user_meta_data,is_super_admin,created_at,updated_at,phone,phone_confirmed_at,phone_change,phone_change_token,phone_change_sent_at,email_change_token_current,email_change_confirm_status,banned_until,reauthentication_token,reauthentication_sent_at,is_sso_user,deleted_at,is_anonymous) VALUES ('66815a15-e1f2-53d6-a9fc-4b7953fd6a2c', 'eb8e1ca2-9707-5d43-ab93-51563aafeb61', '2cf441e1-231e-5497-87f9-d78e88b83a31', 'Developer', 'Rebecca_Barton26772@ignoresignature.net', 'Nec ab aut ex claudicat id, nihil malitur iuria quisque chaere.', '2020-04-16T15:39:01.000Z', '2020-11-15T10:13:51.000Z', 'Bonae propriusque dicanito vel praetero, quod malis ant quam in.', '2020-07-07T06:24:45.000Z', 'Firmissima es sectetur distinctio endi a humant, potesse ut levitate delecto quae si exorum affecerav.', '2020-05-13T05:02:42.000Z', 'Futur iderrore in malista modum nam minuit, etiam per atio capedonem molessenten epicur voluptatem.', 'Ea etis modum feriora cere dolorest, quicquam quo hosti everta formavit.', '2020-06-10T05:07:29.000Z', '2020-05-13T16:07:56.000Z', '{"Arum":"Quam si quoniam"}', '{"Exis":"Nec id antes"}', 'f', '2020-11-03T10:11:47.000Z', '2020-07-23T18:30:37.000Z', DEFAULT, '2020-04-04T15:52:55.000Z', DEFAULT, DEFAULT, '2020-07-27T19:07:58.000Z', DEFAULT, DEFAULT, '2020-03-07T15:05:23.000Z', DEFAULT, '2020-06-06T17:26:46.000Z', DEFAULT, '2020-11-27T10:24:12.000Z', DEFAULT), ('8bb10e6d-fc1e-57ed-b90e-62fbb943360c', 'd460f8ea-268a-5bff-955c-b42dea56479c', '3ed24728-1e71-5e85-86f9-a01ea51a56da', 'Developer', 'Gerson_West99951@quirky-measurement.biz', 'Quam intellegen praeteri hausta philosopus conectu dis ab, eos id melius ore inter et sit vitae.', '2020-01-01T00:09:06.000Z', '2020-06-18T17:45:15.000Z', 'Autem volunt non investra quiddam asperiorem dicant.', '2020-08-28T20:05:08.000Z', 'His ipsumma ne putet eret, atis scilicra nullam sumus puto.', '2020-06-18T17:09:50.000Z', 'Tentionem novi ad laetet patre de nam consecunde.', 'Stabilla fortas affecti ad praeclara iam se doctis.', '2020-01-09T00:43:43.000Z', '2020-06-10T05:54:47.000Z', '{"Ute":"Definam sit"}', '{"Maximpeten":"Videant geometur"}', 't', '2020-12-08T23:29:32.000Z', '2020-05-21T16:38:57.000Z', DEFAULT, '2020-03-23T14:13:48.000Z', DEFAULT, DEFAULT, '2020-09-21T08:52:23.000Z', DEFAULT, DEFAULT, '2020-06-06T17:39:28.000Z', DEFAULT, '2020-01-13T01:00:20.000Z', DEFAULT, '2020-01-17T12:16:42.000Z', DEFAULT), ('b35ae7ed-1148-5708-b77f-22ce9bcac743', '89b49e19-084d-5bbc-b509-87cdeaef0e01', 'baa97f13-53b7-5e23-818a-08976d7ae0a7', 'Admin', 'Abdiel_Schuster5721@smoodgearithmetic.info', 'Ad etiam inum consequatur fidelis recordation vero.', '2020-11-23T22:22:02.000Z', '2020-08-04T19:36:25.000Z', 'Et legem numquam singulos et alterenim non.', '2020-02-22T01:42:43.000Z', 'Ei tum se quae probistunt, constantia et dolorem quam maioresse suum uto compartis.', '2020-03-11T14:17:48.000Z', 'Effectus ari meminquam ate si quid.', 'Tum si hominvidi laetitia anum.', '2020-04-08T15:37:37.000Z', '2020-10-14T10:09:00.000Z', '{"Eius":"Alia dolerratio si"}', '{"Animo":"Effici ut macedunt"}', 't', '2020-08-28T07:32:17.000Z', '2020-08-28T19:12:56.000Z', DEFAULT, '2020-01-21T00:24:27.000Z', DEFAULT, DEFAULT, '2020-03-27T14:30:03.000Z', DEFAULT, DEFAULT, '2020-11-11T10:57:50.000Z', DEFAULT, '2020-06-26T05:56:27.000Z', DEFAULT, '2020-05-17T16:15:00.000Z', DEFAULT), ('cc9279b6-dca2-5fb6-8382-ff9288b9f3e2', '6e555184-cbdb-5dc0-8170-e17a86d3dab1', '2ac6d28c-7d63-5077-8e01-924e3c0e80e2', 'Viewer', 'Kianna.Gulgowski25150@harsh-cascade.org', 'Potione alia explicabil gaudercenset inum facientia, non pulchraeque honesse ut tranquilli ut.', '2020-07-23T19:08:15.000Z', '2020-09-21T08:32:56.000Z', 'Est erunturben ne etiam omnium.', '2020-05-01T04:49:27.000Z', 'A non voluptatem mortalo facit eas necest, cum atque scripta iis copuliscun am.', '2020-07-07T18:34:53.000Z', 'Hostis vis expetua praeserror quidem quae temperciplin si, ferre arem percipio quidamicar essit.', 'Ratione perciperis qua ad est ei latum.', '2020-02-18T13:29:16.000Z', '2020-04-28T15:44:07.000Z', '{"Ad":"Metuque domincuris"}', '{"Eidola":"Ius desidis"}', 't', '2020-10-02T09:57:50.000Z', '2020-06-18T05:17:31.000Z', DEFAULT, '2020-07-27T18:58:38.000Z', DEFAULT, DEFAULT, '2020-08-08T07:55:00.000Z', DEFAULT, DEFAULT, '2020-08-12T19:57:10.000Z', DEFAULT, '2020-08-04T19:39:55.000Z', DEFAULT, '2020-11-15T10:28:25.000Z', DEFAULT), ('83e00a12-32a5-5a08-9e2b-f7f714ce6bb5', '1653d928-b49a-5060-b99d-a832b19056e5', '0e54b4e1-71be-5bb9-af18-14becfb21e3d', 'Owner', 'Zachary_Schamberger67698@thin-garage.com', 'Sunt quo fugientiam es ile cumque acut.', '2020-08-24T19:15:05.000Z', '2020-09-21T08:55:53.000Z', 'Quae ad obligante et modo quo de dubio.', '2020-04-24T03:16:47.000Z', 'Tamus vivi are desere se, probet natur e expetit in quid.', '2020-08-28T19:18:53.000Z', 'Tima ut ius se omnisi aut fortitudin consecutram.', 'Et ine aliae erab tenta non vero.', '2020-06-18T17:57:57.000Z', '2020-03-23T02:35:07.000Z', '{"Est":"Fidamorem enim"}', '{"Desid":"Ante corporis"}', 't', '2020-01-21T12:45:05.000Z', '2020-10-02T10:04:01.000Z', DEFAULT, '2020-11-27T10:40:23.000Z', DEFAULT, DEFAULT, '2020-04-20T03:06:00.000Z', DEFAULT, DEFAULT, '2020-01-21T00:48:20.000Z', DEFAULT, '2020-09-17T20:37:59.000Z', DEFAULT, '2020-08-24T07:43:10.000Z', DEFAULT), ('00b099dd-022f-59a8-bc3f-9c25dd2f60da', '0699f106-88d2-5172-b287-e1e1d6d3dd3a', '7be1a944-2159-549b-947e-4f589ab6f554', 'Viewer', 'Marlen.D_Amore34778@dismalregard.biz', 'Stoicosopor neque qui et probabo utriusque idem.', '2020-08-12T19:45:39.000Z', '2020-01-09T12:37:19.000Z', 'Consuevitat solis tum antes pareat, esse autem iis faciam quod.', '2020-07-11T06:45:05.000Z', 'Tant obcaecille quodsi epultimum cum cognitionem.', '2020-12-20T23:45:14.000Z', 'Metu incias se beatus numerudian concur.', 'Recte tam omnium plane fortunae, rogatione cognosterdic quia procedunt igitatom sine inpoteri.', '2020-09-25T08:21:21.000Z', '2020-04-16T03:11:18.000Z', '{"Tantoperir":"Legere vita ore"}', '{"Futur":"Quos clariore et"}', 't', '2020-04-24T03:09:13.000Z', '2020-07-23T06:39:56.000Z', DEFAULT, '2020-02-02T01:26:18.000Z', DEFAULT, DEFAULT, '2020-07-03T06:44:29.000Z', DEFAULT, DEFAULT, '2020-11-07T22:36:47.000Z', DEFAULT, '2020-06-10T05:16:56.000Z', DEFAULT, '2020-02-02T13:59:24.000Z', DEFAULT), ('1dac6a26-f56f-5a0f-af39-aa4022db8a78', '8409eed6-d701-588a-815a-bb9c2e2b9a78', '232940ac-e7ae-5157-b362-a8b16ba162c0', 'Editor', 'Marvin.Schowalter21814@scrawlpuppet.org', 'Probarisque sed quasi in inum.', '2020-11-07T22:48:20.000Z', '2020-02-10T01:54:31.000Z', 'Fit causa corpora ant arem minuendarum laetam, cum currunt inavis religatque es ait cuius si.', '2020-01-21T00:37:02.000Z', 'Fuisse paene chrysippi arbitrerum ergo probare, escentur non esse laudabducem plus triarius nulla.', '2020-08-16T19:09:00.000Z', 'Potesset maximamet nihil consequando sine viveramur.', 'Non quae vigil sunt satista sic et, restingeren nam ignota bene afferatque verit res cyrenaicos.', '2020-11-23T10:20:31.000Z', '2020-03-15T14:07:57.000Z', '{"Quoquo":"Voluptas tota"}', '{"Aut":"Voluptates qua"}', 'f', '2020-03-27T15:00:42.000Z', '2020-07-07T06:26:51.000Z', DEFAULT, '2020-04-28T03:31:40.000Z', DEFAULT, DEFAULT, '2020-12-04T11:50:12.000Z', DEFAULT, DEFAULT, '2020-06-02T05:19:56.000Z', DEFAULT, '2020-03-23T02:39:18.000Z', DEFAULT, '2020-11-23T22:43:56.000Z', DEFAULT), ('cefe1fcc-1675-5c3e-9dd9-cf89e7c84a00', '07c81c7f-3f70-54fa-86f7-808306eeb146', '12d677d0-b76e-53a3-9ae3-62e6abff7316', 'Editor', 'Callie.Franey8717@conceive-wife.org', 'Esse cognitioni omnium ipsam petu fuisse ratu dicaverit, quo vero in nec consiliis magis.', '2020-09-05T08:53:52.000Z', '2020-10-18T21:39:14.000Z', 'Sit dici sed interis locuptatem mortemporro dolorum mundustria, paulo poteriam sic totum praeterantib a civitusus vivam.', '2020-09-13T20:12:03.000Z', 'Nec debil quas hortatis theatro explicatum.', '2020-10-26T21:41:28.000Z', 'Non quae tantis amicurban et antiam parandistin habendi.', 'Dolor triarium per ipsa referrore quam ad.', '2020-01-13T00:38:12.000Z', '2020-02-22T01:31:53.000Z', '{"Sim":"Sunt expeterruis"}', '{"Esse":"Expetiuncta aut idergo"}', 'f', '2020-01-09T12:16:34.000Z', '2020-02-22T13:57:24.000Z', DEFAULT, '2020-07-03T06:50:54.000Z', DEFAULT, DEFAULT, '2020-05-21T04:28:20.000Z', DEFAULT, DEFAULT, '2020-05-17T04:35:30.000Z', DEFAULT, '2020-01-25T12:05:39.000Z', DEFAULT, '2020-09-17T08:59:04.000Z', DEFAULT), ('d5a53e94-ec6c-5eaf-a924-4ac28176cf6d', '4e750128-0fe3-59dc-ad81-442299a9c877', '52a785e3-5bc1-5862-ab08-a42596d37a16', 'Editor', 'Victoria.Kautzer83667@uncomfortable-listing.net', 'Ilis appetet ero ficeripsar nihillum cumbere liberaliq, certe bene continaccus intus ne voluptat.', '2020-08-12T19:44:21.000Z', '2020-06-06T17:54:15.000Z', 'Et multa carerudin dici ea migraret atque cum.', '2020-09-05T08:12:37.000Z', 'Quo quae verit quam molesse, propter hoc ea constringenii quia.', '2020-06-26T17:35:43.000Z', 'Beate quod cupid qua saepti quod, secutionis saepe consequatur voluptates neque delectant nobis quorum.', 'Nobisque en quae sempericis paene.', '2020-02-02T13:18:44.000Z', '2020-03-03T14:57:51.000Z', '{"Desid":"Audivola qui idit"}', '{"Ius":"Es menanim"}', 't', '2020-02-06T01:19:37.000Z', '2020-07-19T19:03:24.000Z', DEFAULT, '2020-06-10T18:09:08.000Z', DEFAULT, DEFAULT, '2020-12-28T23:36:09.000Z', DEFAULT, DEFAULT, '2020-03-27T02:38:54.000Z', DEFAULT, '2020-09-21T21:01:35.000Z', DEFAULT, '2020-09-01T20:45:46.000Z', DEFAULT), ('c75de96a-290c-5287-b5b2-0b7e711a5a00', 'f264c34b-46eb-5c5e-a80a-ec15c35d56b6', '9193975e-44fd-58d5-87cd-d32dfd5412f8', 'Owner', 'Damon_Lindgren47664@linkguitar.info', 'Istime vult verum il nec ad vita sed, gessistatem licet si cum fieri extremum quae quamquam.', '2020-12-16T11:51:06.000Z', '2020-12-24T11:15:42.000Z', 'Angore et ilit futura monetiam se.', '2020-08-28T19:12:21.000Z', 'Bonum nec sint ocritudin quarum.', '2020-07-07T18:10:11.000Z', 'Aliquid sic video quam physicisse aut voluptat.', 'Endas monetur am induce quo sitne a.', '2020-03-23T02:30:35.000Z', '2020-03-15T02:40:21.000Z', '{"Quo":"Videantur um"}', '{"Conficitud":"Tam suam nec"}', 'f', '2020-09-25T08:45:28.000Z', '2020-10-10T21:18:57.000Z', DEFAULT, '2020-06-18T18:07:38.000Z', DEFAULT, DEFAULT, '2020-10-10T22:04:02.000Z', DEFAULT, DEFAULT, '2020-04-28T03:04:51.000Z', DEFAULT, '2020-05-13T04:19:43.000Z', DEFAULT, '2020-02-14T01:07:52.000Z', DEFAULT);
INSERT INTO public.teams (id,created_at,coach_id,organization_id,city,country) VALUES (1, DEFAULT, 'eb8e1ca2-9707-5d43-ab93-51563aafeb61', NULL, 'Redding', 'Montserrat'), (2, DEFAULT, 'd460f8ea-268a-5bff-955c-b42dea56479c', NULL, 'Fort Wayne', 'Virgin Islands, U.S.'), (3, DEFAULT, '89b49e19-084d-5bbc-b509-87cdeaef0e01', NULL, 'Frisco', 'Netherlands Antilles'), (4, DEFAULT, '6e555184-cbdb-5dc0-8170-e17a86d3dab1', NULL, 'Toms River', 'Guatemala'), (5, DEFAULT, '1653d928-b49a-5060-b99d-a832b19056e5', NULL, 'Linden', 'Marshall Islands'), (6, DEFAULT, '0699f106-88d2-5172-b287-e1e1d6d3dd3a', NULL, 'Country Club', 'Sweden'), (7, DEFAULT, '8409eed6-d701-588a-815a-bb9c2e2b9a78', NULL, 'Gardena', 'Bosnia and Herzegovina'), (8, DEFAULT, '07c81c7f-3f70-54fa-86f7-808306eeb146', NULL, 'Malden', 'Finland'), (9, DEFAULT, '4e750128-0fe3-59dc-ad81-442299a9c877', NULL, 'Concord', 'Oman'), (10, DEFAULT, 'f264c34b-46eb-5c5e-a80a-ec15c35d56b6', NULL, 'Chesapeake', 'Mayotte');
SELECT setval('public.teams_id_seq'::regclass, (SELECT MAX("id") FROM "public"."teams"));
INSERT INTO auth.users (instance_id,id,aud,role,email,encrypted_password,email_confirmed_at,invited_at,confirmation_token,confirmation_sent_at,recovery_token,recovery_sent_at,email_change_token_new,email_change,email_change_sent_at,last_sign_in_at,raw_app_meta_data,raw_user_meta_data,is_super_admin,created_at,updated_at,phone,phone_confirmed_at,phone_change,phone_change_token,phone_change_sent_at,email_change_token_current,email_change_confirm_status,banned_until,reauthentication_token,reauthentication_sent_at,is_sso_user,deleted_at,is_anonymous) VALUES ('fbacee58-0b7a-576a-994d-7d91167efc11', 'ac2d2eca-b82d-5995-bfd4-8eb80e4435bf', 'e45194e3-cf20-5ccb-babd-ffdd4ba3b5ba', 'Admin', 'Scottie.Bode15902@aboundhistorian.info', 'Non unditas sequitureum plurimo il ipsa aliudicor.', '2020-06-18T17:31:59.000Z', '2020-05-21T16:33:49.000Z', 'Quos auditiam quibus omnia fabulis sed a, non es quia gravis a fieri.', '2020-02-06T01:19:16.000Z', 'Expedientiam magis reddido tum ea.', '2020-07-23T19:08:08.000Z', 'Laborem quam adiit in autem quisquam allicitat locos, libenda quid dolorem aboria doloribus.', 'Voluptate causamicur congressuscip inquam nec.', '2020-12-04T23:33:26.000Z', '2020-03-07T14:37:18.000Z', '{"Ut":"Bonorem sed"}', '{"Cum":"Quem statu uberam"}', 'f', '2020-07-11T06:07:20.000Z', '2020-04-16T15:46:08.000Z', DEFAULT, '2020-09-25T21:07:57.000Z', DEFAULT, DEFAULT, '2020-12-04T23:27:01.000Z', DEFAULT, DEFAULT, '2020-02-22T01:48:19.000Z', DEFAULT, '2020-12-08T11:49:42.000Z', DEFAULT, '2020-02-10T01:15:29.000Z', DEFAULT), ('aee5e0d2-d930-582a-9742-e27777cc5f9f', 'e88f3453-14e0-5fcb-aae0-ecb983537f94', 'f372f32d-91a3-5af1-b169-cec52dcc650b', 'Admin', 'Rolando.Donnelly48472@overcompensateorganizing.biz', 'Sanos orum enimis detracta voluptatib.', '2020-09-21T20:24:19.000Z', '2020-06-02T17:38:28.000Z', 'Animpenit is erosopin affecitur expedientia cum triarium quodsi, oderetur nam multi quibus sapiens scriptorquem malistius.', '2020-09-17T20:08:58.000Z', 'Vivendere enimo ab videt mihi studiis eo.', '2020-09-21T08:19:46.000Z', 'Probationes qui videor totum sed e.', 'Consequatur torum quia erigendum repugnantib, fruentemnere quid voluptatis alique quae domes.', '2020-05-13T16:32:31.000Z', '2020-02-14T13:03:26.000Z', '{"Debem":"Contra motus"}', '{"In":"Haec quaeque"}', 't', '2020-05-01T05:06:35.000Z', '2020-08-28T07:38:13.000Z', DEFAULT, '2020-06-06T17:54:02.000Z', DEFAULT, DEFAULT, '2020-07-11T19:10:23.000Z', DEFAULT, DEFAULT, '2020-05-13T04:16:12.000Z', DEFAULT, '2020-05-17T16:27:28.000Z', DEFAULT, '2020-06-14T05:37:44.000Z', DEFAULT), ('5e0f460b-a6fb-5ad3-88cd-79e858b6e36b', '5388ad2b-6c5f-5c97-ac71-5d804bb0599f', 'be71d0d7-a88a-596d-b3dd-4fdb02da0d1f', 'Owner', 'Romaine.Schiller93573@marvelouspostage.org', 'Reiciatur legundit ab sine modus.', '2020-02-06T02:01:27.000Z', '2020-04-12T03:23:21.000Z', 'Quidem profecto autem ile me, voluptatib rerum itatque labor incias voluptatis dedit.', '2020-03-27T02:28:47.000Z', 'Quae tam ferri atem dicat alique.', '2020-02-02T01:28:32.000Z', 'Repud ita latinessar et sed nomendas et, allictorquat tamendi mandam videnimum omum laborum id.', 'Omni in nullus ac graecos quae ex, ari fabeloquen dolor in primum.', '2020-01-09T00:54:47.000Z', '2020-06-02T05:22:23.000Z', '{"Quae":"Disciplinar lucil"}', '{"Necest":"Im difficiis segnitionis"}', 'f', '2020-11-27T10:40:02.000Z', '2020-07-11T06:46:16.000Z', DEFAULT, '2020-08-08T07:36:22.000Z', DEFAULT, DEFAULT, '2020-10-14T09:48:01.000Z', DEFAULT, DEFAULT, '2020-03-07T02:10:09.000Z', DEFAULT, '2020-02-26T01:33:21.000Z', DEFAULT, '2020-06-06T05:11:16.000Z', DEFAULT), ('488ad222-5b34-56f3-bdc6-666dc67d3e92', '1ecdb652-3437-5c95-a0c2-1c40204520cf', '80884a46-05b4-50ab-b012-8b3bdf631a4b', 'Viewer', 'Ephraim.Carter15533@clamour-fixture.net', 'Eum etiam anturione quidemus constituit via difficit utum.', '2020-11-27T10:34:47.000Z', '2020-01-01T12:17:22.000Z', 'Omnium ere causa sibi nam morborum quid disciplinguam, quidem quo magni est iucunt.', '2020-07-07T06:11:49.000Z', 'Escant sic partis totamus quod eos, maximis natura dissiduit se temporisse quid inpotest.', '2020-07-15T06:55:03.000Z', 'Quae si modo il unum, ut detractio non parvam dicitavit pauca non voluptas.', 'Probetista et est re evole ut.', '2020-01-09T12:26:49.000Z', '2020-01-09T12:48:36.000Z', '{"Potius":"Quis dem quibus"}', '{"Inquam":"Inveniat quidem ego"}', 'f', '2020-03-07T02:04:54.000Z', '2020-02-10T01:21:40.000Z', DEFAULT, '2020-04-24T03:52:26.000Z', DEFAULT, DEFAULT, '2020-12-29T00:10:46.000Z', DEFAULT, DEFAULT, '2020-03-19T02:50:19.000Z', DEFAULT, '2020-06-14T05:23:45.000Z', DEFAULT, '2020-02-18T13:49:24.000Z', DEFAULT), ('f040cb07-6ff7-5cdb-98a4-bffe3b5a8474', '82865b0b-8ac5-554a-bbf6-a0ec06b51a9f', '18ae604c-0edf-5535-85fc-37b7da3e7886', 'Viewer', 'Noble.Schumm921@wellmade-coordinator.info', 'Senserent ob sapiens natum ferandistin, multi nec consuevit qui virtutibus.', '2020-03-27T14:51:43.000Z', '2020-10-14T21:24:36.000Z', 'Et amplificit corporis longinquit quae tranquillitter interer.', '2020-03-07T14:57:48.000Z', 'Quibus vero noctestibus nos perandi epici molest natus.', '2020-04-12T15:25:13.000Z', 'Corruptis quid de epicullum am, velin nec responitur virtutem sis gravistippus epicari providin.', 'Et molitatas et laudab beate suo ut, philosopor epicullam aut moribus nos nobistae intelleges.', '2020-10-18T09:25:50.000Z', '2020-11-27T22:24:11.000Z', '{"Tum":"Et petum es"}', '{"Praeternumquam":"Fecis eae"}', 't', '2020-02-06T01:54:27.000Z', '2020-11-07T22:26:25.000Z', DEFAULT, '2020-11-23T22:37:31.000Z', DEFAULT, DEFAULT, '2020-04-16T03:16:46.000Z', DEFAULT, DEFAULT, '2020-01-21T00:20:37.000Z', DEFAULT, '2020-09-09T20:33:46.000Z', DEFAULT, '2020-10-14T21:37:11.000Z', DEFAULT), ('819ebdca-d503-57a7-9e44-fa8f49d3873f', 'd1b9db49-af2d-5c2e-adb0-5bb5fae4f25e', '0c73ab69-cf58-552e-be03-4e823916ecfc', 'Viewer', 'Ahmad.Smitham39702@graze-sprag.com', 'Nixamicor pervendibil hoc metu gravis.', '2020-07-07T18:26:02.000Z', '2020-07-11T18:55:28.000Z', 'Ut libro ut sit audiri rationem.', '2020-10-10T09:37:56.000Z', 'Perpetenim neque expetenim quis nulla alia aut.', '2020-02-18T02:04:34.000Z', 'Nec modi constitut malum nec vera ob ant, aut et quaeren in cum videm.', 'Ignorant habeo quae quaerens iudicem.', '2020-06-10T05:07:22.000Z', '2020-02-26T13:31:22.000Z', '{"Sequimur":"Serendum et"}', '{"Probartes":"Vel nobis me"}', 't', '2020-11-03T22:41:37.000Z', '2020-12-24T11:37:36.000Z', DEFAULT, '2020-11-19T23:14:31.000Z', DEFAULT, DEFAULT, '2020-11-07T23:03:14.000Z', DEFAULT, DEFAULT, '2020-01-17T00:50:29.000Z', DEFAULT, '2020-02-22T01:19:46.000Z', DEFAULT, '2020-10-14T21:23:54.000Z', DEFAULT), ('905b90be-9438-5707-ac3f-fa2ab4ee3722', '8a9a9aff-be70-5acb-8e52-86dd3ec1bd5c', 'a7b1466b-1558-5223-9d45-2f5d1dfd58b4', 'Owner', 'Marquise.Runolfsson22762@agreeglider.info', 'Voluptate plurimpendet maior sine ut.', '2020-07-27T18:43:50.000Z', '2020-11-07T22:57:53.000Z', 'Intellegen quae praetularum ano et, nos platone tum et probandi numquam et voluptat.', '2020-06-18T17:44:12.000Z', 'Enimi sale vertera aut esse est iisque es.', '2020-10-18T21:57:03.000Z', 'In obcaeciliar tam a voluptates.', 'Sequuntur iuria dialecto voluptate misertis, et est inpore et quibus.', '2020-11-15T22:54:24.000Z', '2020-03-27T03:04:05.000Z', '{"Leniat":"Sed ipsam"}', '{"Sed":"Si triarius nec"}', 'f', '2020-03-27T14:29:07.000Z', '2020-12-12T23:56:38.000Z', DEFAULT, '2020-09-21T09:04:44.000Z', DEFAULT, DEFAULT, '2020-07-23T06:54:37.000Z', DEFAULT, DEFAULT, '2020-01-13T00:25:23.000Z', DEFAULT, '2020-09-09T08:17:14.000Z', DEFAULT, '2020-06-02T17:08:17.000Z', DEFAULT), ('350141a2-69ff-5692-9615-a13ca025201e', '0704580a-7916-5267-9016-a0f501b764f2', 'ab113fa3-65f5-5823-9f5b-3e743d08b034', 'Admin', 'Schuyler.Rosenbaum37653@esteemedspit.com', 'Ipso domus omnium mnesare cum iudicit phaedrumque suis, me cum plane leviorem minus splendidicur de iustite.', '2020-11-07T10:45:04.000Z', '2020-03-23T02:25:06.000Z', 'Modo hoc quos ut aut, diceret fuisse satis inquam expetati est.', '2020-04-12T15:58:53.000Z', 'Nostros nimistius uti utus philosoper ignavi omnis eae.', '2020-05-25T04:54:45.000Z', 'Laudatemus et solet nam desidendum, incuratque sed ac ulisse ant.', 'Ipsa neque quidem profectamquam se, aliae multos qui proptereant fore hoc.', '2020-12-24T11:59:45.000Z', '2020-11-03T22:24:22.000Z', '{"Dolorum":"Quidem scriptorquatos ea"}', '{"Eo":"Is est"}', 't', '2020-01-17T00:38:29.000Z', '2020-09-21T08:35:16.000Z', DEFAULT, '2020-01-21T00:11:53.000Z', DEFAULT, DEFAULT, '2020-10-18T09:24:48.000Z', DEFAULT, DEFAULT, '2020-02-02T01:12:20.000Z', DEFAULT, '2020-08-12T07:22:41.000Z', DEFAULT, '2020-08-16T19:32:33.000Z', DEFAULT), ('f7941e6d-fab9-547a-9fb3-5b16cb894a98', 'a179a78a-a1ba-59a4-85da-4ba9e0ece271', '9de68439-437c-59ba-81af-74f61d33fc14', 'Admin', 'Enrique.Klein3798@backlightmarketer.net', 'Quosque sensibus nec velinem salut voluptasse iudex, inem nec egant malore didiscenses exiscenset.', '2020-06-06T05:33:52.000Z', '2020-02-18T01:24:08.000Z', 'Nomin hanc minorum veniri sine undius de est.', '2020-02-18T01:57:27.000Z', 'Nam ad sententiae meque nixamatio.', '2020-02-26T01:37:46.000Z', 'Magnisi nem ea anim eum, perveniri formidin non fuisse nec nihil non.', 'In voluptat vituptatem tantum graecos una, cum ne sed quantum vitae.', '2020-11-07T10:44:08.000Z', '2020-11-23T22:25:25.000Z', '{"Euripsius":"Metuam scriptum"}', '{"Toriae":"Praetorum omnium"}', 'f', '2020-09-05T20:46:39.000Z', '2020-08-12T19:15:49.000Z', DEFAULT, '2020-01-17T12:13:34.000Z', DEFAULT, DEFAULT, '2020-02-18T01:25:45.000Z', DEFAULT, DEFAULT, '2020-04-20T03:42:43.000Z', DEFAULT, '2020-08-28T19:12:56.000Z', DEFAULT, '2020-03-23T14:35:42.000Z', DEFAULT), ('b5786825-1f54-57fd-acb9-38e27d68f0a8', '1bede682-b6e9-5345-b7a3-e934ce1ef704', 'dba2fb3f-525d-558e-bd5f-f8c03a79c9e1', 'Owner', 'Helmer.Hagenes53523@villainous-eating.biz', 'Sic satis legitare modo distinis, et quadamicur ere sint delectates.', '2020-03-15T14:18:05.000Z', '2020-03-23T15:03:26.000Z', 'Potest itate am ula maximisti, graviora sint evere ut voluptatem epice nec.', '2020-05-25T04:15:29.000Z', 'Hoc bonum efflueret nes animper tam, praesendistin as desid exerque abile et accusat putandae.', '2020-07-11T06:45:55.000Z', 'Eadem in cognitata et prohibus non.', 'Mensae ipsi dolore alit extremum necesse.', '2020-09-09T20:58:36.000Z', '2020-11-23T22:56:17.000Z', '{"Rerum":"Dictum necesse"}', '{"Asque":"Summum ine id"}', 'f', '2020-03-15T03:01:54.000Z', '2020-03-11T14:46:27.000Z', DEFAULT, '2020-06-10T17:29:51.000Z', DEFAULT, DEFAULT, '2020-09-05T08:58:46.000Z', DEFAULT, DEFAULT, '2020-08-24T19:55:51.000Z', DEFAULT, '2020-08-20T07:12:13.000Z', DEFAULT, '2020-08-04T07:31:25.000Z', DEFAULT);
INSERT INTO public.players (player_id,user_id,weight,height,team_id) VALUES (2, 'ac2d2eca-b82d-5995-bfd4-8eb80e4435bf', 7.740764011788177, 12.34886103302455, NULL), (3, 'e88f3453-14e0-5fcb-aae0-ecb983537f94', 2.13044618560709, 1.6675651768595066, NULL), (4, '5388ad2b-6c5f-5c97-ac71-5d804bb0599f', 11.662873530881845, 2.1943356445027526, NULL), (5, '1ecdb652-3437-5c95-a0c2-1c40204520cf', 2.567463944366818, 12.930756917959458, NULL), (6, '82865b0b-8ac5-554a-bbf6-a0ec06b51a9f', 11.954344240295615, 1.4179929715520532, NULL), (7, 'd1b9db49-af2d-5c2e-adb0-5bb5fae4f25e', 1.2022181485670098, 4.082516980265493, NULL), (8, '8a9a9aff-be70-5acb-8e52-86dd3ec1bd5c', 9.686658558641124, 7.084374688651947, NULL), (9, '0704580a-7916-5267-9016-a0f501b764f2', 12.827059513457677, 10.61562592984501, NULL), (10, 'a179a78a-a1ba-59a4-85da-4ba9e0ece271', 1.6714874672543927, 15.514375366636951, NULL), (11, '1bede682-b6e9-5345-b7a3-e934ce1ef704', 15.401789925135176, 8.87436473827294, NULL);
SELECT setval('public.players_player_id_seq'::regclass, (SELECT MAX("player_id") FROM "public"."players"));
INSERT INTO auth.users (instance_id,id,aud,role,email,encrypted_password,email_confirmed_at,invited_at,confirmation_token,confirmation_sent_at,recovery_token,recovery_sent_at,email_change_token_new,email_change,email_change_sent_at,last_sign_in_at,raw_app_meta_data,raw_user_meta_data,is_super_admin,created_at,updated_at,phone,phone_confirmed_at,phone_change,phone_change_token,phone_change_sent_at,email_change_token_current,email_change_confirm_status,banned_until,reauthentication_token,reauthentication_sent_at,is_sso_user,deleted_at,is_anonymous) VALUES ('a62dab19-70d7-52b9-9b87-33e81d57631a', 'dbf237dd-4249-5054-9d78-828676597c5c', 'f6cff358-fef0-5f39-9f47-19797daa0086', 'Developer', 'Camilla_Runolfsson86520@motherpump.net', 'Redeam sunt int libidua ad alterrogat, et est a timum ipsa.', '2020-07-15T18:43:32.000Z', '2020-06-14T05:47:03.000Z', 'Quorum incorporib si disputarchum entur quod, intellegum possunt fruuntur em idcirco qui in quae.', '2020-09-05T08:14:01.000Z', 'Quos hosti nam et nulli metu viveralter, itatur eas quam non despicat seditur.', '2020-09-25T08:17:30.000Z', 'Est atorum nascuntur in sint.', 'Dolorem dicamicul ultate se sint.', '2020-09-09T20:29:21.000Z', '2020-01-17T12:15:46.000Z', '{"Sunt":"Sibus iderimus"}', '{"Gaudem":"Commodo et"}', 'f', '2020-09-25T08:31:22.000Z', '2020-08-28T07:27:37.000Z', DEFAULT, '2020-08-28T07:53:01.000Z', DEFAULT, DEFAULT, '2020-05-21T05:06:48.000Z', DEFAULT, DEFAULT, '2020-11-23T10:27:23.000Z', DEFAULT, '2020-08-04T19:11:22.000Z', DEFAULT, '2020-09-01T21:10:35.000Z', DEFAULT), ('d3e7c337-9db0-5185-9dee-549df61fd2d7', '6a95d5ef-b918-5265-870a-e233c7e62cd3', 'bb78d574-c27e-5a7b-96c2-b8f550ad568f', 'Admin', 'Donna.Konopelski99001@misreport-violet.biz', 'Dolem quo natur non proficitur.', '2020-09-25T08:47:05.000Z', '2020-01-17T01:04:01.000Z', 'Etur ordata consistate quodsi euripsa munitisset.', '2020-12-24T23:32:43.000Z', 'Hari quanti intellegen quia abile ut omnisi, malores est et nesciunt modo in sumerante odio.', '2020-04-12T15:20:40.000Z', 'Posse non nihilesse idita ea.', 'Atur graeca ent vacuitatur autem, sunt vel et voluptatem fere dolore possunt.', '2020-09-09T08:08:29.000Z', '2020-12-12T23:38:49.000Z', '{"Leviore":"Sit se"}', '{"Pecuntiaret":"Crudelleniat provocerrit collegitaq"}', 'f', '2020-10-22T21:19:30.000Z', '2020-07-07T18:59:00.000Z', DEFAULT, '2020-04-16T15:30:59.000Z', DEFAULT, DEFAULT, '2020-06-18T05:31:59.000Z', DEFAULT, DEFAULT, '2020-11-19T10:56:27.000Z', DEFAULT, '2020-12-16T23:23:58.000Z', DEFAULT, '2020-10-02T09:48:39.000Z', DEFAULT), ('76b1d34a-1f16-56ff-b725-4f9d12e73d70', '99ed6199-7045-5a76-904f-70cd04a5e464', '2e8bf73e-2f43-5914-8161-f714be3948ed', 'Editor', 'Sydni.Terry3020@infinite-frame.biz', 'Locum ad sine prorsuscipiet meis voluptat.', '2020-06-14T05:27:43.000Z', '2020-03-19T02:14:11.000Z', 'Ad quae multis oram se quiete tum.', '2020-06-10T17:33:22.000Z', 'Effectus novum sensibus inaver tamen nos nobis quibus, alter cum si officerem deducere nec finibus deinde.', '2020-10-14T21:33:06.000Z', 'Laborate es iudicural est evolum laetitassum malis.', 'Quam solem ipsa maioribus nobis tempore.', '2020-01-21T12:54:31.000Z', '2020-07-03T06:20:36.000Z', '{"Quod":"Laborem intellegi"}', '{"Utur":"Fecer a"}', 't', '2020-02-22T01:52:23.000Z', '2020-05-17T04:10:41.000Z', DEFAULT, '2020-04-16T15:59:39.000Z', DEFAULT, DEFAULT, '2020-01-25T12:22:12.000Z', DEFAULT, DEFAULT, '2020-08-16T07:47:00.000Z', DEFAULT, '2020-01-09T12:23:55.000Z', DEFAULT, '2020-09-05T08:26:08.000Z', DEFAULT), ('b732d437-7e61-53cc-9e2d-6ee84b2e5e33', '7dd71f3c-7db0-5430-816f-06527f8d04bf', '5040df85-7e66-57c1-9122-c96f95ee896a', 'Editor', 'Skylar.Rohan74588@conventional-put.net', 'Quamque et libidinduc dignis esse.', '2020-08-24T07:29:53.000Z', '2020-11-03T10:11:40.000Z', 'Se fert voluptas infinit confirmare se, es malitia non idie augereris ad hoc.', '2020-04-16T03:24:28.000Z', 'Ans recta omos indignitat anim delectare philos.', '2020-09-09T20:21:39.000Z', 'Nam causae et possunt quaeri, per omnium quae artes quod tu.', 'Et fugiam ita pecunt quod currunt.', '2020-10-02T09:44:20.000Z', '2020-05-09T04:39:48.000Z', '{"Necesse":"Statim satisse"}', '{"Doloriis":"Cura suspicio"}', 't', '2020-11-15T10:38:06.000Z', '2020-08-16T20:08:47.000Z', DEFAULT, '2020-02-22T01:47:58.000Z', DEFAULT, DEFAULT, '2020-07-19T06:42:11.000Z', DEFAULT, DEFAULT, '2020-11-11T22:52:21.000Z', DEFAULT, '2020-04-20T15:42:36.000Z', DEFAULT, '2020-03-27T15:05:43.000Z', DEFAULT), ('eae8ea6b-1f01-589a-942a-3a51cb0c50e9', 'd290b737-4d37-5e80-a2dd-9cd0c1b9bdca', '75bf01c3-a308-544b-90e8-27b75c69bcfa', 'Admin', 'Tamia.Bruen35159@arrivecrossstitch.biz', 'Causa qui sapientiam res iuria est sine, ad statue agatestiae estiae rerum voluptate ant.', '2020-01-17T00:36:23.000Z', '2020-12-04T12:03:36.000Z', 'Tum sint invenire claudicia voluptatem pendetractis curatem.', '2020-06-22T17:15:58.000Z', 'Quem sentiri imum fugienum minus voluptate delecto constitutus.', '2020-11-03T23:04:41.000Z', 'A aperea consuetudin seiunctum causa tament meliusto eosdem.', 'Videndi erunt iudici quo aequit quo, nec animam tant si darum voluptates summa detractis.', '2020-05-13T04:25:25.000Z', '2020-11-11T23:02:36.000Z', '{"Dominquamvis":"Nis quosdam ad"}', '{"Quae":"Dicam se neque"}', 'f', '2020-07-15T18:41:19.000Z', '2020-12-08T23:12:38.000Z', DEFAULT, '2020-01-05T00:05:40.000Z', DEFAULT, DEFAULT, '2020-01-05T12:36:26.000Z', DEFAULT, DEFAULT, '2020-08-20T20:11:18.000Z', DEFAULT, '2020-05-25T16:42:02.000Z', DEFAULT, '2020-05-01T16:22:25.000Z', DEFAULT), ('637cefef-bde8-5fa5-8981-8eb78a4eb040', 'd8968437-256c-54dc-a260-0a767caf4745', '3d7149ab-f79f-52d4-9737-287a48b6a808', 'Viewer', 'Roberta_Schaden56794@similar-bagel.info', 'Anime ut sed vero sentiet.', '2020-10-22T21:54:41.000Z', '2020-04-12T15:03:39.000Z', 'Quia eum modo incurrunt potesse scribi.', '2020-10-06T21:12:28.000Z', 'Nis ad quae es reliquid.', '2020-01-13T12:29:20.000Z', 'Quod autem dolorem voluptate dein, loque tum hominfinit quidemus reiciendi.', 'Ipsam placet sit sequitas orem, a magnitiae quae iliorem dedocculpa per.', '2020-02-18T13:26:49.000Z', '2020-10-02T21:39:54.000Z', '{"Etiam":"Numquam sum quietae"}', '{"Ob":"Posuit si quam"}', 'f', '2020-12-12T23:44:38.000Z', '2020-12-08T12:00:38.000Z', DEFAULT, '2020-01-17T12:44:33.000Z', DEFAULT, DEFAULT, '2020-05-21T04:43:37.000Z', DEFAULT, DEFAULT, '2020-10-22T09:11:13.000Z', DEFAULT, '2020-09-17T20:23:12.000Z', DEFAULT, '2020-01-21T00:24:41.000Z', DEFAULT), ('2936cd22-e4d1-50ac-a4ae-b28387539bf4', '1a667f23-1fd3-5ae2-b51f-3b9c2364631e', 'beac3f1f-5f62-5d27-9d04-915e73a088aa', 'Editor', 'Taryn.Nicolas23485@classic-windchime.net', 'Fruenda intellegi salut ut ipsa est in voluptas, viros sola me modo naturisti laetam omnia.', '2020-04-28T03:19:12.000Z', '2020-05-09T16:56:28.000Z', 'Quadamicio non tradunturbam quod concedunde.', '2020-08-12T20:04:17.000Z', 'Lique ariquid ere nullam curatque philositur latine fugiens, corpus explicaver plus vestra aut mens.', '2020-02-06T14:02:16.000Z', 'Non quid it sine et mis, uti versa is eritatas quem non.', 'Potes honest ine depravatil autem hoc, cibo flagiti ophis quae ad circo quae doloranim.', '2020-10-06T21:22:44.000Z', '2020-02-10T01:51:29.000Z', '{"Maxim":"Esse ut"}', '{"Omnium":"Habet ine archum"}', 't', '2020-08-04T07:50:45.000Z', '2020-09-13T20:24:18.000Z', DEFAULT, '2020-05-09T16:23:29.000Z', DEFAULT, DEFAULT, '2020-07-23T06:32:49.000Z', DEFAULT, DEFAULT, '2020-01-13T12:17:20.000Z', DEFAULT, '2020-06-10T17:40:49.000Z', DEFAULT, '2020-04-16T03:50:27.000Z', DEFAULT), ('7e5fc9b2-bb96-57f8-bb81-dc08dd6b81f9', 'b3b4ab26-3675-5436-8e6a-386178e893fc', 'd71868df-d970-5e8b-969c-f2e7a4bac8c9', 'Owner', 'Archibald.Schneider96111@couchloaf.com', 'Patiendis per cyrenaicos et pacuvii, et multo aut si explicet qui pendet.', '2020-11-23T22:58:02.000Z', '2020-11-07T22:28:17.000Z', 'Eadem ut tant intellegun non utile.', '2020-08-20T07:49:16.000Z', 'Saepe est inem posse hoc.', '2020-12-04T11:38:54.000Z', 'Et ercitatio assidua accesserui tam, aliam in statue si voluptatem ad oressariae.', 'Neque corpus tam nostras ortum quod non tentiae.', '2020-01-13T12:49:43.000Z', '2020-11-15T23:10:01.000Z', '{"Opore":"Et nec esset"}', '{"Latinis":"Sed maiora"}', 't', '2020-05-05T04:33:54.000Z', '2020-01-13T12:32:01.000Z', DEFAULT, '2020-04-12T03:30:55.000Z', DEFAULT, DEFAULT, '2020-05-05T04:26:55.000Z', DEFAULT, DEFAULT, '2020-10-10T21:59:16.000Z', DEFAULT, '2020-01-25T12:15:47.000Z', DEFAULT, '2020-07-19T18:29:09.000Z', DEFAULT), ('849237e2-b829-5218-ae0a-5f96f0fa1dd2', 'a73e18bb-06cc-540d-bc77-d17bbaf145cc', 'f57b59b8-62cd-5d9b-b51f-0573d07eecfb', 'Viewer', 'Marisol.Little28874@that-cowbell.biz', 'Inescenses fortas a quantum sunt.', '2020-02-10T13:55:13.000Z', '2020-05-25T16:52:18.000Z', 'Persius noster qui cere claris ine dissermonstret er, vias voluptatem quam dolorest voluptatem nudus praeclarorat.', '2020-05-01T04:54:56.000Z', 'Arendum voluit bene opere crudel se omni.', '2020-04-20T03:54:22.000Z', 'Molessariae mundus expetuis praeternatus poetae legendam efficitaq, quidem si dolemus domint ocarbitrat qui.', 'Ea ideratom dedit innumquam igimum endi municra, neque inum abesse inum repudinter motum apte.', '2020-01-21T12:25:59.000Z', '2020-07-23T18:26:39.000Z', '{"Molesset":"Haec ut"}', '{"Volunt":"Salutates quibus"}', 't', '2020-04-12T03:54:49.000Z', '2020-04-04T03:40:49.000Z', DEFAULT, '2020-09-21T08:22:55.000Z', DEFAULT, DEFAULT, '2020-08-16T07:56:39.000Z', DEFAULT, DEFAULT, '2020-11-03T22:59:12.000Z', DEFAULT, '2020-08-16T07:16:56.000Z', DEFAULT, '2020-11-19T22:29:04.000Z', DEFAULT), ('16bdda98-e357-504e-ba14-72b9dcf287f0', '8d3d2cca-4e09-5d6f-b331-f1d67167e280', '0da0f3cd-18fa-588d-90a0-46a0a36fb61a', 'Admin', 'Stella.Schmitt41418@stained-certification.org', 'Voluptates ophia quid et quid at estias.', '2020-06-10T05:36:23.000Z', '2020-03-15T02:12:37.000Z', 'Solam sus gere alest partemeri.', '2020-10-22T10:04:00.000Z', 'Aret futurus quid propter consolider.', '2020-07-03T06:21:47.000Z', 'Qui liberet endunt et facta ad, philosoptim verter generration allicitis quem il sic.', 'Triariustiorib et potes sunt cernimis ilii t, approbesse habet conficer quasi sint nullam magis.', '2020-05-25T04:15:29.000Z', '2020-02-06T13:23:28.000Z', '{"Esse":"Tolere atomnescius tibi"}', '{"Diis":"Ab atione"}', 'f', '2020-04-24T15:14:42.000Z', '2020-10-02T09:40:43.000Z', DEFAULT, '2020-03-15T14:20:04.000Z', DEFAULT, DEFAULT, '2020-03-03T02:09:23.000Z', DEFAULT, DEFAULT, '2020-09-01T08:57:45.000Z', DEFAULT, '2020-09-17T08:37:59.000Z', DEFAULT, '2020-11-19T22:50:23.000Z', DEFAULT);
INSERT INTO public.teams (id,created_at,coach_id,organization_id,city,country) VALUES (11, DEFAULT, 'dbf237dd-4249-5054-9d78-828676597c5c', NULL, 'Dearborn Heights', 'Russian Federation'), (12, DEFAULT, '6a95d5ef-b918-5265-870a-e233c7e62cd3', NULL, 'Rancho Cordova', 'Palau'), (13, DEFAULT, '99ed6199-7045-5a76-904f-70cd04a5e464', NULL, 'Longview', 'Panama'), (14, DEFAULT, '7dd71f3c-7db0-5430-816f-06527f8d04bf', NULL, 'Skokie', 'Panama'), (15, DEFAULT, 'd290b737-4d37-5e80-a2dd-9cd0c1b9bdca', NULL, 'Clifton', 'Norfolk Island'), (16, DEFAULT, 'd8968437-256c-54dc-a260-0a767caf4745', NULL, 'Warwick', 'Burkina Faso'), (17, DEFAULT, '1a667f23-1fd3-5ae2-b51f-3b9c2364631e', NULL, 'Bethlehem', 'Samoa'), (18, DEFAULT, 'b3b4ab26-3675-5436-8e6a-386178e893fc', NULL, 'Logan', 'Mexico'), (19, DEFAULT, 'a73e18bb-06cc-540d-bc77-d17bbaf145cc', NULL, 'McLean', 'Israel'), (20, DEFAULT, '8d3d2cca-4e09-5d6f-b331-f1d67167e280', NULL, 'Gaithersburg', 'Sweden');
INSERT INTO private.team_codes (team_id,code) VALUES (11, 'Adoptimer ratio et sanos quod et, iis satis et aliens fugiendum tem ille.'), (12, 'Aeque idemoder est ades cernantur omnium.'), (13, 'Ne sed assumma non voluptatem quo.'), (14, 'A vita currunt laudatis ne etiam hoc.'), (15, 'Magis quibus meam igendam significur dolorem chrysippo sibus, tendisciplin aegritum putaspertur alia tem.'), (16, 'Chremest est de contentiae quod, hoc neque ait aris cum canes.'), (17, 'Antes medium non eosdem ea.'), (18, 'Video ula omnia inathenis dignius habet ut partitilla.'), (19, 'Detere si mihi im hominter are, omnium accuriosi diligit quem ad.'), (20, 'Aut quicquid nos populla philos a.');
SELECT setval('public.teams_id_seq'::regclass, (SELECT MAX("id") FROM "public"."teams"));
INSERT INTO auth.users (instance_id,id,aud,role,email,encrypted_password,email_confirmed_at,invited_at,confirmation_token,confirmation_sent_at,recovery_token,recovery_sent_at,email_change_token_new,email_change,email_change_sent_at,last_sign_in_at,raw_app_meta_data,raw_user_meta_data,is_super_admin,created_at,updated_at,phone,phone_confirmed_at,phone_change,phone_change_token,phone_change_sent_at,email_change_token_current,email_change_confirm_status,banned_until,reauthentication_token,reauthentication_sent_at,is_sso_user,deleted_at,is_anonymous) VALUES ('3397bfba-f6d3-5482-b886-985a312f38bf', 'a078c2a6-f48d-5245-91b1-037e1e1f3e88', '4ef1a86f-bdd6-56f9-a31f-b62a3ee84cb3', 'Viewer', 'Kellie.Conn69597@joint-chemical.info', 'In cupidit praetere ille innum.', '2020-03-11T02:41:06.000Z', '2020-10-02T21:26:16.000Z', 'Causa qui arem autem quod, comprobest sic verbum dicamurque aliens nam quae.', '2020-08-28T07:34:30.000Z', 'Alienum convenano crucian fugiatura nis effeceret et autem.', '2020-03-07T02:27:51.000Z', 'Nunc um quam dicaverror sem prima, intellegit et aut rationem am estiam enimpendet autem.', 'Ter atomni fastidii quae postremum hosti intellegit, per advero omni ad est copul pertinguique ea.', '2020-12-04T11:11:10.000Z', '2020-03-19T14:40:38.000Z', '{"De":"Cum sentandem"}', '{"Cupiderer":"Quae rerum epicorib"}', 't', '2020-07-11T07:04:12.000Z', '2020-06-26T05:14:10.000Z', DEFAULT, '2020-12-12T12:09:48.000Z', DEFAULT, DEFAULT, '2020-09-13T20:36:10.000Z', DEFAULT, DEFAULT, '2020-03-15T15:03:53.000Z', DEFAULT, '2020-07-27T06:15:18.000Z', DEFAULT, '2020-11-15T10:32:51.000Z', DEFAULT), ('ff466ef5-930e-5106-afdc-568f6bdbd61c', '28d4e0c1-0792-5c60-b446-d9500609eb2a', '6eb1178d-91fe-58e9-ab0d-c43abeeffd73', 'Admin', 'Sidney_Berge56641@collar-highway.biz', 'Rerum nobistae prima quo dolorum, cura beate incommodus et eor maximi infantes nulla.', '2020-04-20T15:04:08.000Z', '2020-03-15T02:53:09.000Z', 'Et signiferiet nam autem quod civium ac reperitur, detractis confidamic autem et nec.', '2020-04-12T03:06:34.000Z', 'Scribenimo quas poterstituit suum posuitat dolera.', '2020-07-15T18:34:12.000Z', 'Sale qui partestibus voluptatem ab quid facil, manentissim eadem disserentii ea discorpus e es solam.', 'Quam finisset nis confidamic cum famillud eum.', '2020-05-17T16:35:44.000Z', '2020-06-26T17:18:56.000Z', '{"Qui":"Falsi albuci"}', '{"Audactantam":"Reprehenim quid"}', 't', '2020-09-05T20:29:03.000Z', '2020-05-13T04:31:50.000Z', DEFAULT, '2020-01-09T12:29:02.000Z', DEFAULT, DEFAULT, '2020-03-27T02:44:09.000Z', DEFAULT, DEFAULT, '2020-06-06T05:53:12.000Z', DEFAULT, '2020-04-16T15:05:42.000Z', DEFAULT, '2020-06-10T05:31:08.000Z', DEFAULT), ('673d54c3-cae6-5617-b64b-64d9471bc1b3', 'b790a047-f1d9-5220-a8fd-5295104e6b9f', '4a3cd159-393c-536e-8a91-287a4c2be9db', 'Owner', 'Harmony.Doyle4414@capitalexperimentation.net', 'Putatu referant quam bonumque voluptatib physicis putatem es, erudinter brevis omus indignius intellegit nec.', '2020-09-21T20:10:40.000Z', '2020-11-27T10:47:09.000Z', 'Abil posse civitio doctis totum noctes rent epicurque.', '2020-05-25T05:08:37.000Z', 'Hic apudinum desidonium scientiam tam.', '2020-07-07T18:25:48.000Z', 'Quod tamendum tamenimus inerta nec minim sine solendus, circo vi aequit desidium vitae.', 'In autem ad quaestionem meliustitiam, quae magnumquam in omoratus inquit nobis inione non.', '2020-05-25T04:46:07.000Z', '2020-09-17T20:59:19.000Z', '{"Fugientia":"Invenus aliens"}', '{"Nostrum":"Sapienter de"}', 'f', '2020-12-13T00:00:15.000Z', '2020-09-05T08:40:42.000Z', DEFAULT, '2020-01-17T00:52:28.000Z', DEFAULT, DEFAULT, '2020-12-12T23:27:09.000Z', DEFAULT, DEFAULT, '2020-07-03T06:34:00.000Z', DEFAULT, '2020-08-24T20:04:36.000Z', DEFAULT, '2020-12-20T11:44:04.000Z', DEFAULT), ('7355879e-ed1c-5968-a5a9-c3a680f8b45b', '15fc6919-375e-51de-810a-4fa5c36bd1a2', 'ac6648b7-1368-524d-ac1d-9da99cf973b4', 'Editor', 'Malvina.Spencer67817@cumbersome-relaxation.info', 'Vitae ida quaerime voluptatem rem habet nihilla et.', '2020-11-19T22:21:02.000Z', '2020-03-23T14:26:50.000Z', 'Nec modo in eri ne quae et, sem quaerimisne vel in mihi.', '2020-09-09T20:20:23.000Z', 'Declineam fructuosam quae cognos id scientia non quae.', '2020-02-22T13:16:30.000Z', 'Recte scriberate idua sempertiner homin, tam ne hanc rem esse cum tota essariam.', 'Ducatio ex prospersequi conspecie plerum quae, causa ocentur eius refer philostendis rerum inquit.', '2020-07-23T18:27:21.000Z', '2020-07-15T07:03:27.000Z', '{"Omnium":"Eorum quidem ignoratis"}', '{"Libereatur":"Non tantum"}', 't', '2020-09-25T08:50:49.000Z', '2020-11-15T10:20:30.000Z', DEFAULT, '2020-04-16T03:07:20.000Z', DEFAULT, DEFAULT, '2020-06-10T17:32:12.000Z', DEFAULT, DEFAULT, '2020-11-11T22:21:08.000Z', DEFAULT, '2020-10-10T21:28:09.000Z', DEFAULT, '2020-08-28T07:43:35.000Z', DEFAULT), ('1fb6808f-0d2e-589d-a0c5-e30de9385fcc', '1331a82a-10d6-5764-8e6b-6f78832a98b3', '862a4367-fd79-564c-98eb-18de9dcfeab7', 'Owner', 'Dejah_Abbott82966@outclassquota.info', 'Omnino in discorpore qui saepe si, aut aliudicur rutiliorem mei indus ignoris sed.', '2020-10-26T21:35:24.000Z', '2020-06-14T05:57:40.000Z', 'Modo si inionis dicitation detracta inquitata ad affirmati.', '2020-05-05T16:41:29.000Z', 'Ad naturam ex errorem nam maiorem ea audire, voluptatem parvos quam dolorum choro ut.', '2020-09-21T08:41:40.000Z', 'Epicorum angoribus voluptas dixere est ab det.', 'Autem de has quaeque primo cum esse.', '2020-04-04T03:25:33.000Z', '2020-05-05T16:11:25.000Z', '{"Est":"Nihillis tam quidnam"}', '{"Ingenus":"Ea aliosi"}', 'f', '2020-04-08T03:04:03.000Z', '2020-04-24T15:52:47.000Z', DEFAULT, '2020-02-26T01:32:46.000Z', DEFAULT, DEFAULT, '2020-05-01T04:29:45.000Z', DEFAULT, DEFAULT, '2020-04-04T15:32:18.000Z', DEFAULT, '2020-07-07T06:56:13.000Z', DEFAULT, '2020-03-11T14:52:31.000Z', DEFAULT), ('a2c49dee-f43b-5456-8392-7e20b441784d', '6aa3abe8-f2c0-54a7-860f-a52f05c537e1', '0bd0220b-db6f-586a-b501-bd9aac46d4cb', 'Owner', 'Cole_Waelchi36497@amuse-abacus.net', 'Utillum placet libro voluptatum rebus antiquit divitaque.', '2020-08-16T19:22:11.000Z', '2020-05-25T04:18:31.000Z', 'Untur mihi eripsi quam habenime profectamen dum, etur non omnium optabillam ne facientes.', '2020-12-04T12:01:51.000Z', 'Quae de habeat posse erri, diceralia rerum il legitasper non collegam tamque.', '2020-01-17T13:02:09.000Z', 'Asperner me philosoper quae parvos sunt, tandem aut dixi quadamatum mihi sever.', 'Poetae saepe atio issimo physicis linam inquam patet, enitaren ad fugienae ad fugiat et quaeritum non.', '2020-10-18T09:14:32.000Z', '2020-01-09T00:40:34.000Z', '{"Proteration":"In sed"}', '{"Autem":"Aut sint laudatus"}', 't', '2020-07-03T18:07:47.000Z', '2020-11-23T10:34:01.000Z', DEFAULT, '2020-05-17T04:55:40.000Z', DEFAULT, DEFAULT, '2020-01-01T12:33:13.000Z', DEFAULT, DEFAULT, '2020-01-13T00:03:35.000Z', DEFAULT, '2020-04-08T16:07:34.000Z', DEFAULT, '2020-05-01T16:38:23.000Z', DEFAULT), ('c88bbd2e-93a2-5bec-a2bd-9458919e9422', '4587bbde-a3cb-565b-a057-7d02456c9546', '48f684de-0ac5-55b4-9bc0-dd35c66139b1', 'Owner', 'Paris.King75164@bowlfulpancake.com', 'Litatomnem dolorumquam suas nes quod, multavis iis causa iliarum tuo.', '2020-06-26T17:45:30.000Z', '2020-03-11T02:26:59.000Z', 'Quae satistimum t quisitis et tradundit.', '2020-06-02T05:12:50.000Z', 'De tolerano quod desid vel fastidii aequi.', '2020-06-22T05:55:00.000Z', 'Nos et dixitaque ulent multoque cognitudin es, libid et bene diutur imi causa meo deinde.', 'Vis et voluptati dein nomin non.', '2020-06-22T17:54:46.000Z', '2020-03-11T02:55:25.000Z', '{"Desidita":"Litter em"}', '{"Ituralien":"Ationemus omos"}', 'f', '2020-12-17T00:02:46.000Z', '2020-08-28T19:54:53.000Z', DEFAULT, '2020-09-21T20:24:04.000Z', DEFAULT, DEFAULT, '2020-01-21T12:26:20.000Z', DEFAULT, DEFAULT, '2020-03-07T14:56:17.000Z', DEFAULT, '2020-11-27T10:39:06.000Z', DEFAULT, '2020-06-14T17:56:09.000Z', DEFAULT), ('275ffa4c-66d8-52ae-8e26-3d60434448af', '5d76cc44-f8a9-546a-b1e4-d8401c0d80bd', '9db646b1-40e7-5bdb-bc9e-bd94767f6d13', 'Editor', 'Woodrow.Dickens84146@reducedifference.com', 'Quod ad alios et nec inprobanim.', '2020-08-24T08:04:36.000Z', '2020-03-27T02:23:53.000Z', 'Inem minus eo plane quod dixis etur, a ipsis polyaeno eadem sua etur.', '2020-11-07T10:20:01.000Z', 'Quidem quod uti facio quidemus quia omnisi, vero abo ferri ait corportari de modarum.', '2020-03-11T14:17:40.000Z', 'Quem sublate fecis effecere libere quae.', 'Quid spe nulla nisi aliae, responent ipsam iis quidem cum.', '2020-11-11T11:09:29.000Z', '2020-03-11T14:26:39.000Z', '{"Fingitur":"Cum numeratis"}', '{"Ab":"Efficitat a caritia"}', 't', '2020-12-24T11:54:58.000Z', '2020-08-12T07:58:49.000Z', DEFAULT, '2020-03-27T02:50:33.000Z', DEFAULT, DEFAULT, '2020-07-15T06:56:14.000Z', DEFAULT, DEFAULT, '2020-03-27T02:51:09.000Z', DEFAULT, '2020-11-07T11:08:29.000Z', DEFAULT, '2020-10-22T21:22:04.000Z', DEFAULT), ('c7ad2c0b-3908-54e4-a3c8-761e2d12273f', 'bf86aa27-ac9a-5f6e-b232-7153afa6c8e7', '8efc7bcf-a84a-57b9-85f6-6ff262016fef', 'Editor', 'Ayana.Corkery13409@spotlightpopulist.biz', 'Fueritaque sent divido laus aut aret placeat tum.', '2020-06-22T17:23:18.000Z', '2020-11-27T22:45:10.000Z', 'Legent alientiamque reliquaque met ophis id, os oratque aut voluptatem praeter pediti tuo es.', '2020-04-28T03:13:43.000Z', 'Expetate si inem potiusque malum.', '2020-03-03T02:16:57.000Z', 'Reprehenti am quae ultime satistamen ut, quo inorattin omnium si inmors.', 'Et voluptat a et qua a ii, esse claris quaerenimus si igiti ad.', '2020-10-02T09:21:36.000Z', '2020-09-17T09:12:15.000Z', '{"Puerili":"Nostri voluptatib evenimo"}', '{"Se":"Status iam"}', 't', '2020-07-15T06:57:38.000Z', '2020-06-26T05:55:52.000Z', DEFAULT, '2020-09-13T21:03:12.000Z', DEFAULT, DEFAULT, '2020-04-16T03:18:52.000Z', DEFAULT, DEFAULT, '2020-11-19T22:46:40.000Z', DEFAULT, '2020-02-26T13:14:43.000Z', DEFAULT, '2020-02-10T01:27:23.000Z', DEFAULT), ('fb564707-747a-5b85-ab1f-616b8831d8f6', '96b389fb-fbd8-548d-ba44-677a4b02cb59', '720e5dc2-4f0c-5dcb-9691-fe4933e31ee3', 'Viewer', 'Emely.Legros47494@jittery-rust.org', 'De ipsum philos diogenda non lectorquatus foedus ratione, satur quod omnium reiciat possumus.', '2020-05-09T04:41:25.000Z', '2020-01-05T12:26:25.000Z', 'Voluptas qui confidet tam fortibus ratione, in nunc hostis modo tibique ne quo proficur.', '2020-09-17T08:56:17.000Z', 'Confiderab santur ilitatas diligit ad utili, medicanim quod audacuto suo am disputatem inoptim dictur.', '2020-07-15T18:40:09.000Z', 'Detractis esse eturbane etiam ea, vider conter quibustus maluisti quibus.', 'Sit in cognitione ersia omnino aut stoicis.', '2020-04-16T15:25:59.000Z', '2020-05-09T16:32:55.000Z', '{"Et":"Aliae laborem"}', '{"Fama":"Laudani putenimo nam"}', 'f', '2020-11-03T10:17:44.000Z', '2020-10-22T21:43:30.000Z', DEFAULT, '2020-02-10T13:14:19.000Z', DEFAULT, DEFAULT, '2020-09-13T21:08:34.000Z', DEFAULT, DEFAULT, '2020-05-25T04:48:55.000Z', DEFAULT, '2020-07-23T18:30:58.000Z', DEFAULT, '2020-05-17T16:07:46.000Z', DEFAULT);
INSERT INTO public.teams (id,created_at,coach_id,organization_id,city,country) VALUES (21, DEFAULT, 'a078c2a6-f48d-5245-91b1-037e1e1f3e88', NULL, 'Santa Clarita', 'Suriname'), (22, DEFAULT, '28d4e0c1-0792-5c60-b446-d9500609eb2a', NULL, 'Bridgeport', 'Greece'), (23, DEFAULT, 'b790a047-f1d9-5220-a8fd-5295104e6b9f', NULL, 'Temecula', 'Tuvalu'), (24, DEFAULT, '15fc6919-375e-51de-810a-4fa5c36bd1a2', NULL, 'Flower Mound', 'Turks and Caicos Islands'), (25, DEFAULT, '1331a82a-10d6-5764-8e6b-6f78832a98b3', NULL, 'Schenectady', 'Cote d''Ivoire'), (26, DEFAULT, '6aa3abe8-f2c0-54a7-860f-a52f05c537e1', NULL, 'Mansfield', 'Malta'), (27, DEFAULT, '4587bbde-a3cb-565b-a057-7d02456c9546', NULL, 'Redlands', 'Saint Lucia'), (28, DEFAULT, '5d76cc44-f8a9-546a-b1e4-d8401c0d80bd', NULL, 'Pflugerville', 'Palestinian Territory'), (29, DEFAULT, 'bf86aa27-ac9a-5f6e-b232-7153afa6c8e7', NULL, 'Minot', 'Brazil'), (30, DEFAULT, '96b389fb-fbd8-548d-ba44-677a4b02cb59', NULL, 'Auburn', 'Heard Island and McDonald Islands');
INSERT INTO public.exercises (id,created_at,name,team_id,details,description) VALUES (1, DEFAULT, 'Reinger,Oberbrunner and Ortiz', 21, '{"Saepe":"Sit quam"}', 'De-engineered dynamic conglomeration'), (2, DEFAULT, 'Sanford - Schmeler', 22, '{"Tempercipio":"Correcta bonum quia"}', 'Grass-roots local project'), (3, DEFAULT, 'Windler and Sons', 23, '{"Probitaque":"Negate sint"}', 'User-friendly bottom-line groupware'), (4, DEFAULT, 'Wintheiser LLC', 24, '{"Transferamic":"Am tale"}', 'Intuitive system-worthy hub'), (5, DEFAULT, 'Halvorson,Gulgowski and Kautzer', 25, '{"Depulanim":"Has is mihi"}', 'Profound 24/7 methodology'), (6, DEFAULT, 'Brown,Schimmel and Johns', 26, '{"Fastidii":"Doctis tollatin doloremus"}', 'Configurable object-oriented structure'), (7, DEFAULT, 'Harris Group', 27, '{"Robus":"Et sunt ere"}', 'De-engineered user-facing model'), (8, DEFAULT, 'Lemke,Conn and Harvey', 28, '{"Fabultimus":"Plura non se"}', 'Universal leading edge instruction set'), (9, DEFAULT, 'Ankunding - Rolfson', 29, '{"Cum":"Et ocritudin"}', 'Assimilated static throughput'), (10, DEFAULT, 'Schulist,Grady and Emmerich', 30, '{"Consequit":"Etur se"}', 'Triple-buffered neutral challenge');
SELECT setval('public.teams_id_seq'::regclass, (SELECT MAX("id") FROM "public"."teams"));
SELECT setval('public.exercises_id_seq'::regclass, (SELECT MAX("id") FROM "public"."exercises"));
INSERT INTO auth.users (instance_id,id,aud,role,email,encrypted_password,email_confirmed_at,invited_at,confirmation_token,confirmation_sent_at,recovery_token,recovery_sent_at,email_change_token_new,email_change,email_change_sent_at,last_sign_in_at,raw_app_meta_data,raw_user_meta_data,is_super_admin,created_at,updated_at,phone,phone_confirmed_at,phone_change,phone_change_token,phone_change_sent_at,email_change_token_current,email_change_confirm_status,banned_until,reauthentication_token,reauthentication_sent_at,is_sso_user,deleted_at,is_anonymous) VALUES ('784127ed-0be8-5a40-b938-87bc4b19f19a', '7825d07c-7346-595c-b739-81b195939eb1', 'c5964755-37e3-51e0-ad70-8663724fa659', 'Owner', 'Vita_Wunsch44302@arsesinger.info', 'Ne dissentiri in omnino suis non.', '2020-03-15T14:34:17.000Z', '2020-06-10T05:17:17.000Z', 'Eos sentiar est quam velito eorum inantium atque, quaeratum haec doloribus es tribus.', '2020-03-15T02:33:14.000Z', 'Hominstructus refermittat persecut autem amus ipsas, ut causa inem offenditat eos.', '2020-01-25T12:42:21.000Z', 'Nullam es natorum ut ant mensae qui fere.', 'Quae e graecis tum ea.', '2020-06-06T17:29:26.000Z', '2020-06-14T17:14:19.000Z', '{"Autem":"Non praecepicit varias"}', '{"Et":"E audiebamus levitatur"}', 'f', '2020-10-14T10:12:09.000Z', '2020-07-03T06:25:30.000Z', DEFAULT, '2020-10-26T21:29:28.000Z', DEFAULT, DEFAULT, '2020-03-11T02:46:27.000Z', DEFAULT, DEFAULT, '2020-07-15T18:27:20.000Z', DEFAULT, '2020-01-09T00:33:49.000Z', DEFAULT, '2020-01-17T12:52:08.000Z', DEFAULT), ('a0b80243-fb62-5d3d-96ab-4c09e93c7ca5', '2c7fd97e-4bb7-56ef-96e4-4c8994c27654', '814d392f-ad03-58df-bd76-4e6e924b99e6', 'Developer', 'Jensen.Christiansen19250@plasteroven.info', 'Natus aut possit sequamus vos.', '2020-10-26T21:43:34.000Z', '2020-12-20T23:17:44.000Z', 'Dere voluptate sed videm brevis.', '2020-08-08T07:59:33.000Z', 'Lat meam saepe me nullo voluptates alia.', '2020-07-07T06:45:50.000Z', 'Fieri tranquillitter metus primordam esse.', 'Ii vacil tamenim sunt expetendum.', '2020-12-24T23:57:32.000Z', '2020-08-16T19:17:17.000Z', '{"Ipsa":"Nis et"}', '{"Desideri":"Quasi conforis"}', 'f', '2020-03-19T15:03:57.000Z', '2020-09-25T21:04:48.000Z', DEFAULT, '2020-10-10T22:07:53.000Z', DEFAULT, DEFAULT, '2020-01-05T00:46:48.000Z', DEFAULT, DEFAULT, '2020-09-25T20:50:00.000Z', DEFAULT, '2020-04-04T03:38:36.000Z', DEFAULT, '2020-09-13T20:57:36.000Z', DEFAULT), ('575d3ea3-9c84-54bc-9240-dab7d7137772', '3dd49e19-c719-565f-8f53-3942ebdb623e', '47379193-1d46-5584-a615-cf92b6f64c9e', 'Owner', 'Marlin_Hyatt39489@possetspeaker.org', 'Graecos tam expetentur laetam studium docenimic es.', '2020-05-13T04:41:09.000Z', '2020-09-01T08:10:48.000Z', 'Platonisse naturus fieri ad pararet, sine se legenimi nobista sine contra physicisset.', '2020-06-10T17:47:41.000Z', 'De probeste mensae hinc clamatem.', '2020-11-23T10:16:40.000Z', 'Dicit et doloribus quae praetorem horum virtutibus genia, timum eturus vicia est a placeatur soliti.', 'Statimper rem naturum cum libid, rebus res ancipi illa quaeque summum consilio.', '2020-12-28T23:59:41.000Z', '2020-10-10T22:00:39.000Z', '{"Attulet":"Cere etiam"}', '{"Magis":"Et inere quisita"}', 'f', '2020-07-11T19:05:50.000Z', '2020-10-26T21:57:32.000Z', DEFAULT, '2020-01-17T00:28:22.000Z', DEFAULT, DEFAULT, '2020-04-24T03:40:40.000Z', DEFAULT, DEFAULT, '2020-12-17T00:00:32.000Z', DEFAULT, '2020-07-07T18:25:13.000Z', DEFAULT, '2020-01-21T12:14:54.000Z', DEFAULT), ('5d2e5081-de12-5805-bbe7-1bb0d740904d', 'f9aba947-f130-5cac-929b-9e310d6969c3', 'd1f311ed-7b7d-5848-9fc3-f2e824d6dc40', 'Editor', 'Arthur_Kub81338@unbuttonhound.org', 'Esse solem domest ilius laboribus.', '2020-10-18T10:12:20.000Z', '2020-10-14T10:11:48.000Z', 'Atiungimus primisti ut quod appetenim, tam propter eten si sunt.', '2020-04-28T03:31:26.000Z', 'Is non adverbis et viver.', '2020-09-17T08:49:59.000Z', 'Iditum voluptas sunt et nullam aut quidem, ipsius am inaverno summum anime.', 'Quem quidem cum convincere molest suum, idium quae bella igitation agamuri scriptorquatus.', '2020-07-27T18:08:25.000Z', '2020-03-19T14:41:49.000Z', '{"De":"Causa quod"}', '{"Epicare":"Notionem modo illam"}', 't', '2020-12-16T11:42:15.000Z', '2020-03-15T14:19:43.000Z', DEFAULT, '2020-01-05T12:09:10.000Z', DEFAULT, DEFAULT, '2020-11-03T11:07:36.000Z', DEFAULT, DEFAULT, '2020-02-22T13:42:57.000Z', DEFAULT, '2020-12-16T23:39:35.000Z', DEFAULT, '2020-02-18T01:46:23.000Z', DEFAULT), ('cd596ad4-8538-5e8f-9aee-ccfd10284506', '7c7c1fa6-93aa-5c7c-88f8-7b20676492f3', '534990c9-7dba-5c29-b4f5-505b65285475', 'Viewer', 'Trever.Kovacek4644@liquid-magnet.info', 'Malis quod etiam inmens per.', '2020-08-08T07:20:52.000Z', '2020-06-10T05:45:15.000Z', 'Et cupid ratione util dolorem animi.', '2020-04-16T15:45:54.000Z', 'Malare his remotiosae nullam voluptate in studium, orum cum notistae me latinosit ex naturei es.', '2020-03-27T02:51:09.000Z', 'A placet esta locum quae meliustit quaeque, afrantur melius ali potest incordans.', 'Accusandae perpessio autem cognit quo esse etiam.', '2020-02-02T01:05:48.000Z', '2020-01-25T12:42:35.000Z', '{"Aut":"Fere in"}', '{"Diligita":"Mortalo poetisse totele"}', 'f', '2020-10-14T21:22:45.000Z', '2020-12-08T12:10:19.000Z', DEFAULT, '2020-05-13T17:00:01.000Z', DEFAULT, DEFAULT, '2020-08-28T07:44:44.000Z', DEFAULT, DEFAULT, '2020-03-23T02:07:51.000Z', DEFAULT, '2020-08-08T08:03:24.000Z', DEFAULT, '2020-01-01T12:01:38.000Z', DEFAULT), ('a6ea83f0-233e-579c-af54-cceda150fd52', '9f56bc59-79e7-56b3-8b53-712764e570e1', '4efa7716-ae18-52de-bf3e-e2b8244093b2', 'Owner', 'Nestor_Balistreri79020@dependablethyme.com', 'Voluptatem praeteritat ur non statimum ipsam dolore vivenim.', '2020-01-21T12:56:16.000Z', '2020-06-18T17:15:12.000Z', 'Sint id cum iscuntur is nostera epicur.', '2020-05-09T04:29:04.000Z', 'Ipse defenteris famil maximpertin fore finitis de.', '2020-06-22T05:15:44.000Z', 'Nam ne perpauca discipi suum sapere, veseramot a si nec autem leviore.', 'Um distrahi referga qui splendidere rerum.', '2020-08-16T19:31:09.000Z', '2020-11-03T11:02:28.000Z', '{"Intereant":"Si non"}', '{"Ratione":"Dictur nam causa"}', 'f', '2020-04-08T03:08:15.000Z', '2020-06-26T05:07:03.000Z', DEFAULT, '2020-05-01T16:17:39.000Z', DEFAULT, DEFAULT, '2020-06-22T05:41:57.000Z', DEFAULT, DEFAULT, '2020-11-11T10:20:26.000Z', DEFAULT, '2020-06-02T18:09:35.000Z', DEFAULT, '2020-04-12T03:25:13.000Z', DEFAULT), ('be56f1dc-de87-5e29-80df-4975e84c5394', '3518cb23-a71f-5cd9-a733-6a8b4c5deff5', '5c6b4bba-8a0e-5fc0-8536-fd94262cdc52', 'Developer', 'Jamarcus.Bode34984@earlybrunch.biz', 'Meque longinquit philos salut ut.', '2020-02-02T13:28:32.000Z', '2020-07-23T06:57:52.000Z', 'De dubit peccanest dictum cum legimus et.', '2020-04-16T15:37:24.000Z', 'Eum et aut sint atesse recte, contenta nihilla eque voluptat recus utus scribendum sit.', '2020-10-02T22:10:47.000Z', 'Firmavit contra ad doloris tam cere.', 'Cordia rudem esse quaerendum cum um maxim, copulla et torum qui viverete.', '2020-12-16T11:53:05.000Z', '2020-02-26T13:52:28.000Z', '{"Quod":"Nus sint is"}', '{"Fatem":"Vult suppetita cognomines"}', 'f', '2020-05-01T04:56:26.000Z', '2020-12-16T23:54:29.000Z', DEFAULT, '2020-11-27T22:44:35.000Z', DEFAULT, DEFAULT, '2020-09-25T08:43:57.000Z', DEFAULT, DEFAULT, '2020-06-22T05:41:50.000Z', DEFAULT, '2020-07-19T06:45:06.000Z', DEFAULT, '2020-09-13T21:07:10.000Z', DEFAULT), ('eb90aa06-6432-546c-a90d-5843cd912144', '34a2a199-63a6-5870-baef-3b69852c80e1', '3c54df08-ac9b-57ae-bc6a-e25a26bd49ab', 'Viewer', 'Toy.Veum42922@awful-poetry.biz', 'Eum meliustitud is iudicuri hoc laus non dicunum, segniorem crudelectam antur didistius eum in.', '2020-05-09T16:52:15.000Z', '2020-03-03T02:10:40.000Z', 'Novum ab quae adduci philosoper.', '2020-07-27T06:28:21.000Z', 'Tibusdam numquam si zenonum physicis nam, continaces veniam iis quod alterisdem et certa tuo.', '2020-02-18T13:25:10.000Z', 'Et perii quis quodsi reperit tum de.', 'Utincidan et possimus ant dolores non.', '2020-02-26T01:31:36.000Z', '2020-07-11T06:18:03.000Z', '{"It":"Ratione rerum"}', '{"Qui":"Inem eor privent"}', 'f', '2020-12-05T00:08:16.000Z', '2020-07-23T18:32:21.000Z', DEFAULT, '2020-04-24T15:09:55.000Z', DEFAULT, DEFAULT, '2020-08-04T07:58:34.000Z', DEFAULT, DEFAULT, '2020-11-11T10:35:14.000Z', DEFAULT, '2020-12-20T11:11:40.000Z', DEFAULT, '2020-11-15T10:40:46.000Z', DEFAULT), ('79f6a469-7f67-5722-b283-9c1763a0f82f', '62ea985e-2629-5051-ae64-13fcb72da380', '8fa7f4cd-d129-53d1-8aa6-f564533a3276', 'Developer', 'Stephon_O_Conner97783@buttshear.biz', 'Dolorit requirere quos spe etista causa es.', '2020-12-04T11:40:11.000Z', '2020-04-24T16:05:58.000Z', 'Eos posset modo te non efficiantur es.', '2020-05-01T16:54:48.000Z', 'Ani intemerem inerud petuisti mediocrium voluptate ineritum, depravat parationem et illam ut perpetua sicultiman.', '2020-09-13T20:09:15.000Z', 'Negat si autem laboresse conflixisti audiam et non.', 'Ea quanti est morte il hoc, interdican vacilla audit deinde es fuisse versionibus.', '2020-08-04T19:51:13.000Z', '2020-07-19T07:09:35.000Z', '{"Utus":"Erete efficiatis autem"}', '{"Voluptatis":"Docti contenditat praeseriam"}', 't', '2020-07-11T06:56:37.000Z', '2020-07-27T06:57:00.000Z', DEFAULT, '2020-09-17T20:56:16.000Z', DEFAULT, DEFAULT, '2020-08-28T07:48:49.000Z', DEFAULT, DEFAULT, '2020-07-15T06:20:55.000Z', DEFAULT, '2020-09-05T08:15:39.000Z', DEFAULT, '2020-01-01T12:34:51.000Z', DEFAULT), ('91671e47-c861-5816-a42b-aefca3ba6737', 'f3d1cb0b-d4f8-5bc6-94e1-934ef8d22880', 'b406c75d-ecf2-5867-af80-c0c9171167e4', 'Owner', 'Jaime.Bernhard51457@enrage-helicopter.biz', 'Mone multos iudicura minus tum ut quae ut.', '2020-05-05T04:15:02.000Z', '2020-07-03T06:17:28.000Z', 'In ita locum aut accursio dictum si.', '2020-10-14T09:49:18.000Z', 'Eum de voluptatos mihi are autem.', '2020-07-11T18:18:31.000Z', 'Facim optari per expetum partiendo orteturnit dolorum.', 'Puerillus prosperspicuum aut detractis quas si non audiam, et quidem victi vera sit am.', '2020-12-13T00:00:50.000Z', '2020-10-22T10:11:07.000Z', '{"Alem":"Epicta iditurei"}', '{"Mucius":"Ante consequat primo"}', 't', '2020-04-08T03:44:43.000Z', '2020-03-03T14:17:26.000Z', DEFAULT, '2020-02-14T13:04:57.000Z', DEFAULT, DEFAULT, '2020-01-05T00:48:53.000Z', DEFAULT, DEFAULT, '2020-12-24T11:40:03.000Z', DEFAULT, '2020-06-26T17:39:06.000Z', DEFAULT, '2020-09-21T08:12:39.000Z', DEFAULT);
INSERT INTO public.teams (id,created_at,coach_id,organization_id,city,country) VALUES (31, DEFAULT, '7825d07c-7346-595c-b739-81b195939eb1', NULL, 'Bowie', 'Peru'), (32, DEFAULT, '2c7fd97e-4bb7-56ef-96e4-4c8994c27654', NULL, 'Springdale', 'Bhutan'), (33, DEFAULT, '3dd49e19-c719-565f-8f53-3942ebdb623e', NULL, 'Victoria', 'Iceland'), (34, DEFAULT, 'f9aba947-f130-5cac-929b-9e310d6969c3', NULL, 'Irving', 'Bermuda'), (35, DEFAULT, '7c7c1fa6-93aa-5c7c-88f8-7b20676492f3', NULL, 'Florin', 'Mayotte'), (36, DEFAULT, '9f56bc59-79e7-56b3-8b53-712764e570e1', NULL, 'Scottsdale', 'Paraguay'), (37, DEFAULT, '3518cb23-a71f-5cd9-a733-6a8b4c5deff5', NULL, 'Sunrise Manor', 'Burkina Faso'), (38, DEFAULT, '34a2a199-63a6-5870-baef-3b69852c80e1', NULL, 'Kennewick', 'Niger'), (39, DEFAULT, '62ea985e-2629-5051-ae64-13fcb72da380', NULL, 'Hattiesburg', 'Kuwait'), (40, DEFAULT, 'f3d1cb0b-d4f8-5bc6-94e1-934ef8d22880', NULL, 'Joliet', 'Lithuania');
INSERT INTO public.tasks (id,created_at,title,team_id,details) VALUES (1, DEFAULT, 'Tony Jones', 31, '{"Contra":"Multa quae"}'), (2, DEFAULT, 'Mireya Schneider', 32, '{"Am":"Virtutum is causam"}'), (3, DEFAULT, 'Elenora Kuhn', 33, '{"Amiculis":"Suscepere patere"}'), (4, DEFAULT, 'Chaya Rice', 34, '{"Tum":"Tota et aut"}'), (5, DEFAULT, 'Demetris Schimmel', 35, '{"Est":"In placet ut"}'), (6, DEFAULT, 'Ryder Corwin', 36, '{"Nec":"Ipsos ad"}'), (7, DEFAULT, 'Madge Steuber', 37, '{"Res":"Epicur naturus cyrenaicis"}'), (8, DEFAULT, 'Hilda Gerhold', 38, '{"Omne":"Et hoc"}'), (9, DEFAULT, 'Miller Beier', 39, '{"Deserit":"Quam monitatum efficillas"}'), (10, DEFAULT, 'Sage Marquardt', 40, '{"Eo":"Necest ut infere"}');
SELECT setval('public.teams_id_seq'::regclass, (SELECT MAX("id") FROM "public"."teams"));
SELECT setval('public.tasks_id_seq'::regclass, (SELECT MAX("id") FROM "public"."tasks"));
INSERT INTO auth.users (instance_id,id,aud,role,email,encrypted_password,email_confirmed_at,invited_at,confirmation_token,confirmation_sent_at,recovery_token,recovery_sent_at,email_change_token_new,email_change,email_change_sent_at,last_sign_in_at,raw_app_meta_data,raw_user_meta_data,is_super_admin,created_at,updated_at,phone,phone_confirmed_at,phone_change,phone_change_token,phone_change_sent_at,email_change_token_current,email_change_confirm_status,banned_until,reauthentication_token,reauthentication_sent_at,is_sso_user,deleted_at,is_anonymous) VALUES ('b044d976-61b1-5fb0-83e1-253dd346cad4', 'fe36f600-76e1-507f-8ef9-b6c61240187b', 'c46c490e-f09c-51ee-b285-4dd5915d9b5c', 'Owner', 'Nya.Dooley65919@scrapanyone.info', 'Quem et met neque essariae si quid vivendarum.', '2020-01-05T12:22:13.000Z', '2020-09-21T21:00:12.000Z', 'Sed adversatur putatur si quisitem tale cur ipsam, senectare in conceditat multa igione.', '2020-11-19T10:18:28.000Z', 'Contenuit hoc cere autem temporistip arridendam ornatur.', '2020-06-06T05:38:18.000Z', 'Depravatio comparte maximus animperspic est dolorati coniunt.', 'Ratio in sunt hominter bonis.', '2020-03-15T02:28:06.000Z', '2020-11-03T22:15:24.000Z', '{"Dente":"Dein caretiam"}', '{"Quo":"Magni vel nullo"}', 'f', '2020-05-01T04:51:05.000Z', '2020-05-13T16:53:09.000Z', DEFAULT, '2020-10-02T21:36:31.000Z', DEFAULT, DEFAULT, '2020-06-26T17:19:53.000Z', DEFAULT, DEFAULT, '2020-08-28T07:20:30.000Z', DEFAULT, '2020-03-11T14:28:51.000Z', DEFAULT, '2020-08-16T07:54:48.000Z', DEFAULT), ('d5d5e6a6-559c-5659-aa7e-cc6d77b4e942', '01e5a9cf-425c-534c-890c-e63de8fe4939', 'cc05b1ec-a005-561d-aba6-e6b6a5729cfd', 'Owner', 'Patsy.Wilkinson5419@sanctifywombat.info', 'Rem chrysippo quam voluptatib probanimi curatem ad non.', '2020-05-01T05:05:11.000Z', '2020-09-09T21:08:16.000Z', 'Quod gauderantia defen iudici solis comparum ultime propter, eturum moratque sibus aeteret eturae haec iucundius tum.', '2020-09-05T20:52:00.000Z', 'Deinde esse leniaturus virtutem ipsa non, quid supplicab recus fidemanim est bonum physicis.', '2020-08-12T20:05:34.000Z', 'Sapientia utraque praesenitas inimo feratis ut.', 'Si quod virtutest salut displicabo corpus sic erendum.', '2020-09-09T08:58:01.000Z', '2020-05-09T16:55:39.000Z', '{"Siliis":"Quamque ipsas ut"}', '{"Vertates":"Quam sed plentur"}', 't', '2020-03-11T15:02:46.000Z', '2020-11-11T22:36:10.000Z', DEFAULT, '2020-01-05T12:29:05.000Z', DEFAULT, DEFAULT, '2020-07-15T18:29:26.000Z', DEFAULT, DEFAULT, '2020-07-11T06:12:28.000Z', DEFAULT, '2020-02-22T01:19:46.000Z', DEFAULT, '2020-02-18T13:59:47.000Z', DEFAULT), ('66aa090f-6be7-54cb-8372-9748c0a9bb88', 'aea8ca94-6d3b-597e-972c-ce63d7ac1a9d', 'a3ff241b-8285-5123-97df-c6b28db1aa00', 'Editor', 'Devan_Predovic82182@root-zoo.info', 'It magnoper cumque dici ut non.', '2020-09-21T08:56:27.000Z', '2020-10-26T21:33:19.000Z', 'Fore animis levam cadero etiam ea antippus nec, modo nec cognosque neque ocritata sit finitatae.', '2020-01-17T00:58:32.000Z', 'A sunt seiunctum si praeteritem quisquis.', '2020-11-03T10:14:14.000Z', 'Sint erque accusatib in non fieri legatest, aut et inantes sed fatem moratas de hoc.', 'Est us iucundius tamendum an molest ad.', '2020-04-08T03:27:15.000Z', '2020-01-17T13:01:34.000Z', '{"Patiendissid":"Vidiae si"}', '{"Ut":"Mnesarbitrar ut sit"}', 't', '2020-05-09T17:01:49.000Z', '2020-05-09T04:44:27.000Z', DEFAULT, '2020-09-17T20:59:53.000Z', DEFAULT, DEFAULT, '2020-01-21T00:36:34.000Z', DEFAULT, DEFAULT, '2020-05-17T16:25:08.000Z', DEFAULT, '2020-01-17T13:04:22.000Z', DEFAULT, '2020-11-03T10:32:25.000Z', DEFAULT), ('b0fc24d2-8fca-54e4-a9c8-fbf2e606866b', '23045033-13b5-59b0-8a93-28ac57effb0a', '41c158bb-9d8c-5449-b072-dbbc0d4d7b21', 'Viewer', 'Aisha.Braun11711@intentstallion.org', 'Maxim sum quaedamet ille suavit non malorest et, mediocrisque delecto meam vocanus pertinctio omnem or.', '2020-09-01T08:46:21.000Z', '2020-03-15T02:04:41.000Z', 'Hunc nobis quam vix mediocrem virtutem otiose, pacemus ob penderit pueri amotio vult ad quo.', '2020-05-25T04:31:48.000Z', 'Ipsa corrigerror et ine hocles geren hominesse accedere, sapientiam omnisi se voluptatem nimis qui.', '2020-02-22T01:37:36.000Z', 'Et vero c libere cum, earum consed graecum sit menantippi inflammat nostrum.', 'Romanim sic evens ernatur sed reliquamur probatio met.', '2020-04-20T15:29:54.000Z', '2020-06-22T17:06:24.000Z', '{"Erangusti":"Quem abillas"}', '{"Quae":"Nis interror"}', 'f', '2020-12-24T23:16:52.000Z', '2020-03-27T14:30:04.000Z', DEFAULT, '2020-05-25T16:29:20.000Z', DEFAULT, DEFAULT, '2020-01-17T12:28:07.000Z', DEFAULT, DEFAULT, '2020-07-19T18:43:57.000Z', DEFAULT, '2020-11-19T10:33:51.000Z', DEFAULT, '2020-03-07T14:31:35.000Z', DEFAULT), ('2533eaa4-9cdb-5326-96f8-214087b8663d', '680e2035-d21a-549f-8493-95b499539d17', '6bfffb0f-dcf5-52a7-96da-99e8ce2df746', 'Developer', 'Jacynthe_Feil1991@negativeskywalk.com', 'Sententiae nihilla potius semelissim effictae hic et.', '2020-11-27T10:20:42.000Z', '2020-09-13T08:35:08.000Z', 'Et his quam ratio expeten debillum, voluptatum metum etudina quid menanda.', '2020-05-25T04:25:51.000Z', 'Quas nondum et bonumque ipsi.', '2020-02-22T01:14:18.000Z', 'Litteris ipsos expedire ab quidem nobis, mandam everamic gravitione ut legunt.', 'Est tempus est maxim et.', '2020-04-16T15:16:04.000Z', '2020-02-22T13:38:59.000Z', '{"E":"Tamquam scientiamque"}', '{"Summa":"Utendum aut ut"}', 'f', '2020-05-09T16:34:47.000Z', '2020-12-20T11:45:28.000Z', DEFAULT, '2020-02-18T01:58:09.000Z', DEFAULT, DEFAULT, '2020-07-23T18:58:21.000Z', DEFAULT, DEFAULT, '2020-02-06T13:55:58.000Z', DEFAULT, '2020-02-22T13:02:24.000Z', DEFAULT, '2020-09-13T21:00:31.000Z', DEFAULT), ('dfa8363e-2d63-5c28-936d-237120e76aa2', 'b70b3cb7-f47f-5383-af6d-437e46838fa6', 'ea03b9df-8b8d-548a-9050-10d1d5537a2e', 'Developer', 'Hermann_Conn22474@apologizegrandma.com', 'Esse magistunt fuisse est poenissemper, quae se medicis delectari e omnemin tumeloquen moveatur.', '2020-04-28T03:24:54.000Z', '2020-10-22T09:48:23.000Z', 'Oculum ationem et neglexeret sit etriaque, mentit alis iniucuna a romangorib.', '2020-04-12T15:53:52.000Z', 'Ut lit laetet am ari fugiatur.', '2020-10-26T09:47:32.000Z', 'Quod alliciatur nobistae et util alientia, nis id aut autem in ate.', 'As ate conquireniet alia de non eret studium, taneum quid qua levius dolorest simplicab a.', '2020-02-26T01:31:57.000Z', '2020-01-01T00:14:06.000Z', '{"Iudicari":"Ac minus"}', '{"Tale":"Quae etricest"}', 't', '2020-04-12T15:45:15.000Z', '2020-11-27T10:37:36.000Z', DEFAULT, '2020-08-12T19:33:10.000Z', DEFAULT, DEFAULT, '2020-08-16T19:54:06.000Z', DEFAULT, DEFAULT, '2020-09-13T08:37:20.000Z', DEFAULT, '2020-04-20T15:13:49.000Z', DEFAULT, '2020-03-07T14:22:02.000Z', DEFAULT), ('63958a23-4d91-5b10-9649-86c7bace6b07', '84e0da95-94ab-51c9-bd2b-e84469f809d3', '87a05264-4b72-5f7e-b849-61be21fb2f5c', 'Owner', 'Reggie_Pfannerstill60668@tarprobation.biz', 'Et posita sit nihilla afficiuntur.', '2020-02-26T01:54:47.000Z', '2020-01-17T12:48:09.000Z', 'Ipso res fecta atem sibus detractio quibus.', '2020-03-23T14:50:30.000Z', 'Evola respirare tentiam magnostrum quod epicia.', '2020-06-18T06:03:12.000Z', 'Int doloresse init cumandriam quibus et quod, de sit facerundius eriam sunt iditia.', 'Ant ob animper alias eum.', '2020-10-14T21:52:06.000Z', '2020-06-26T17:33:38.000Z', '{"Nam":"Et philos"}', '{"Vel":"Honesse inem"}', 'f', '2020-11-07T10:13:36.000Z', '2020-12-04T23:36:06.000Z', DEFAULT, '2020-02-26T01:43:08.000Z', DEFAULT, DEFAULT, '2020-08-12T19:10:34.000Z', DEFAULT, DEFAULT, '2020-10-26T09:21:47.000Z', DEFAULT, '2020-03-07T02:13:11.000Z', DEFAULT, '2020-04-04T03:31:22.000Z', DEFAULT), ('17eb8cb3-f9a4-5cbd-b5bd-1e3fc16a42de', '3bf57296-6e1c-59a6-96cc-ec860abd9e6e', '8c8a9743-f29b-57cd-a496-3373077d9997', 'Editor', 'Alphonso.Stracke80408@cripplediscovery.info', 'Inant acri totus quid non quam fantes tam.', '2020-09-17T08:30:18.000Z', '2020-02-22T13:59:51.000Z', 'Aut repere voluptatem melius a aut in.', '2020-11-11T10:59:41.000Z', 'Vestra ferendarum si cuiquam trader, desidem sed propterum et ego instructus studuis voluptas.', '2020-12-20T23:31:50.000Z', 'Deorsummum bonis ut aliens quoniam statimus est, variis scriberamic scriptorem aut quam sum.', 'Sunt cum doloriis virtus concedis es quia ut, muneret non semperpauca qui de.', '2020-12-20T11:20:11.000Z', '2020-12-24T11:31:19.000Z', '{"Autem":"Torquatis sit"}', '{"Animum":"Omnium moles"}', 't', '2020-10-10T21:15:48.000Z', '2020-07-27T06:54:54.000Z', DEFAULT, '2020-02-10T02:01:59.000Z', DEFAULT, DEFAULT, '2020-10-10T21:47:23.000Z', DEFAULT, DEFAULT, '2020-08-12T19:38:32.000Z', DEFAULT, '2020-10-22T10:11:14.000Z', DEFAULT, '2020-01-09T13:02:57.000Z', DEFAULT), ('202a875a-4204-52a1-bf25-861601b8c404', '0daaba89-1076-56c8-83f0-42d25561a615', '15f8e558-1dca-562c-a4e1-94163a8ce244', 'Owner', 'Kenny.Jerde5077@dishearten-witchhunt.com', 'Collegunde convicti vituptates in non.', '2020-12-16T11:43:18.000Z', '2020-07-19T06:32:03.000Z', 'Met ea eturnumer nostram perpetet suscipi litter.', '2020-09-25T21:02:49.000Z', 'Id horum posset recte epicet est, fuisse vult scaevolvenir um voluptas.', '2020-02-14T02:04:37.000Z', 'Dedocat semperpeten homeramic acunt nobistiman relique partem sit, divideram nobissimum omnes gloriae loca maiorem si.', 'Exissimum et praesendi aiunt seiunctum poenis liberga, causa antiquitur plato corporro locat quae earum.', '2020-07-15T06:14:17.000Z', '2020-05-17T16:11:02.000Z', '{"Aut":"Sensibus mutatem"}', '{"Ur":"E entur"}', 'f', '2020-11-19T22:33:37.000Z', '2020-06-26T17:19:53.000Z', DEFAULT, '2020-12-04T23:36:00.000Z', DEFAULT, DEFAULT, '2020-05-21T16:34:45.000Z', DEFAULT, DEFAULT, '2020-12-09T00:01:00.000Z', DEFAULT, '2020-12-16T23:52:23.000Z', DEFAULT, '2020-12-08T23:36:04.000Z', DEFAULT), ('5bbe1266-2b23-5e67-ae7a-b620e309ba26', 'a1497b7b-a20d-53fc-8ea2-f52352423544', '355fdab4-a171-57a0-bf08-01c86904cdd0', 'Developer', 'Martin.Dicki61108@disestablishdesign.biz', 'Dulce vestra sent nis viris dolorum consuetudin dulce.', '2020-10-26T09:28:18.000Z', '2020-12-08T11:26:51.000Z', 'Latinscientia quod aut ad liber, sum homin efficeri contra legationes.', '2020-06-14T17:35:31.000Z', 'Quae aut et titura ad.', '2020-06-10T17:17:58.000Z', 'Repelego et semper suis consule non interum sane.', 'Ophi fieri praeteranim genia semperpeten omnino sint quondam, inquam atheniste sumeri blanditas sumerit.', '2020-12-17T00:01:22.000Z', '2020-03-27T14:41:08.000Z', '{"Ullo":"Sublat nihilita sint"}', '{"De":"Rerum placeatur sent"}', 'f', '2020-01-13T00:14:25.000Z', '2020-07-03T18:30:51.000Z', DEFAULT, '2020-11-07T23:04:31.000Z', DEFAULT, DEFAULT, '2020-05-05T04:38:48.000Z', DEFAULT, DEFAULT, '2020-05-09T16:54:56.000Z', DEFAULT, '2020-06-18T17:18:49.000Z', DEFAULT, '2020-07-03T18:10:56.000Z', DEFAULT);
INSERT INTO public.teams (id,created_at,coach_id,organization_id,city,country) VALUES (41, DEFAULT, 'fe36f600-76e1-507f-8ef9-b6c61240187b', NULL, 'Vineland', 'Liberia'), (42, DEFAULT, '01e5a9cf-425c-534c-890c-e63de8fe4939', NULL, 'Bellingham', 'Chile'), (43, DEFAULT, 'aea8ca94-6d3b-597e-972c-ce63d7ac1a9d', NULL, 'Normal', 'Lithuania'), (44, DEFAULT, '23045033-13b5-59b0-8a93-28ac57effb0a', NULL, 'Haverhill', 'Greece'), (45, DEFAULT, '680e2035-d21a-549f-8493-95b499539d17', NULL, 'Taylor', 'Bolivia'), (46, DEFAULT, 'b70b3cb7-f47f-5383-af6d-437e46838fa6', NULL, 'Charlottesville', 'France'), (47, DEFAULT, '84e0da95-94ab-51c9-bd2b-e84469f809d3', NULL, 'Lewisville', 'Belgium'), (48, DEFAULT, '3bf57296-6e1c-59a6-96cc-ec860abd9e6e', NULL, 'Fayetteville', 'United Kingdom'), (49, DEFAULT, '0daaba89-1076-56c8-83f0-42d25561a615', NULL, 'Antioch', 'Iceland'), (50, DEFAULT, 'a1497b7b-a20d-53fc-8ea2-f52352423544', NULL, 'Kokomo', 'Tokelau');
INSERT INTO public.programs (id,start_date,end_date,team_id,details) VALUES (1, '2020-01-21', '2020-08-08', 41, '{"Placet":"Et tum stare"}'), (2, '2020-11-23', '2020-03-19', 42, '{"Progredeam":"Ne natur conscientia"}'), (3, '2020-09-05', '2020-06-22', 43, '{"Contineant":"Fortituram iucunt"}'), (4, '2020-03-03', '2020-05-13', 44, '{"Voluptat":"Inter cum neque"}'), (5, '2020-08-08', '2020-09-09', 45, '{"Endi":"Quod ad"}'), (6, '2020-07-23', '2020-04-04', 46, '{"Voluptas":"Es sit"}'), (7, '2020-05-01', '2020-01-21', 47, '{"Utionisti":"Liberundum cum tu"}'), (8, '2020-10-06', '2020-02-10', 48, '{"Numquam":"Faciamus quid"}'), (9, '2020-06-10', '2020-01-13', 49, '{"Non":"Depravaris armatere"}'), (10, '2020-11-03', '2020-03-03', 50, '{"Ant":"Natur as animus"}');
SELECT setval('public.teams_id_seq'::regclass, (SELECT MAX("id") FROM "public"."teams"));
SELECT setval('public.programs_id_seq'::regclass, (SELECT MAX("id") FROM "public"."programs"));
INSERT INTO auth.users (instance_id,id,aud,role,email,encrypted_password,email_confirmed_at,invited_at,confirmation_token,confirmation_sent_at,recovery_token,recovery_sent_at,email_change_token_new,email_change,email_change_sent_at,last_sign_in_at,raw_app_meta_data,raw_user_meta_data,is_super_admin,created_at,updated_at,phone,phone_confirmed_at,phone_change,phone_change_token,phone_change_sent_at,email_change_token_current,email_change_confirm_status,banned_until,reauthentication_token,reauthentication_sent_at,is_sso_user,deleted_at,is_anonymous) VALUES ('eb3a59a2-6575-54bf-a796-8b58aa1986a2', '93e8ac26-7d16-5343-89a1-a510c4ccd7db', 'de4d5fa7-0d2f-532b-8cf0-83a610d04d34', 'Viewer', 'Clark.Barrows57503@dramatise-bratwurst.biz', 'Maximad studiisque si titum quarum adopindus ret.', '2020-03-23T14:31:16.000Z', '2020-10-26T21:40:18.000Z', 'Ant quos endamur nunc enimus.', '2020-03-07T14:38:14.000Z', 'Quam requirere molita id sint melius ut potere, est scientiam ad carum ut aut quem.', '2020-11-07T22:23:59.000Z', 'Ad doctum sit vitae potesse iudiciter et, suapte ent dubit me mutat haec.', 'Illud est fruentempore int consumus, et coniunturum esse eturamput voluptator a poena putantiquis.', '2020-08-12T19:33:38.000Z', '2020-08-16T19:30:34.000Z', '{"Consequi":"Mortis cum in"}', '{"Facerenim":"Ipsos patria"}', 't', '2020-03-11T14:07:11.000Z', '2020-04-20T15:54:29.000Z', DEFAULT, '2020-05-13T16:36:43.000Z', DEFAULT, DEFAULT, '2020-12-08T11:23:49.000Z', DEFAULT, DEFAULT, '2020-03-07T14:43:35.000Z', DEFAULT, '2020-09-17T20:16:12.000Z', DEFAULT, '2020-10-06T09:33:48.000Z', DEFAULT), ('3d0dbfcf-8157-5987-81ef-21b06cf6ef71', 'dc4b09b4-494a-536b-9883-82220b038c16', 'd3c7b9eb-466e-5435-aac9-d4201e3104ad', 'Viewer', 'Treva.Mills18888@flawless-mesenchyme.com', 'Efficere quae cum instituenter via quem neque mihi.', '2020-09-09T20:43:41.000Z', '2020-11-27T11:11:02.000Z', 'Quibus hanc necest falso enimpeten quod se.', '2020-03-03T02:55:45.000Z', 'Contra aut es discidante qui exis optabiliar.', '2020-04-24T03:19:49.000Z', 'Veri censes putanciplin provin nam nonne a, omis ulistimo numeri approbans iliae.', 'Vitam ratione nutu ad erita ut etura, probari fieri primum tarum tractatem detrimum.', '2020-07-19T06:21:07.000Z', '2020-03-11T14:04:37.000Z', '{"De":"Desiste tam"}', '{"Uti":"Est vera"}', 'f', '2020-08-20T19:43:05.000Z', '2020-12-16T23:36:53.000Z', DEFAULT, '2020-03-15T02:45:49.000Z', DEFAULT, DEFAULT, '2020-01-17T12:48:52.000Z', DEFAULT, DEFAULT, '2020-01-05T12:09:45.000Z', DEFAULT, '2020-11-23T22:24:29.000Z', DEFAULT, '2020-01-09T00:11:41.000Z', DEFAULT), ('ed225eb9-1806-53a6-b0c4-70eaa8ded701', '7ffbcdf4-045b-575b-8385-19241b39cd80', 'e3ab0c2c-f73f-54aa-87cf-a310aa2a7f77', 'Owner', 'Caleb_Batz61760@lame-silo.com', 'Primum maxim gaudem sapienterer hic putanim rerum, non habet per alios transferre dici sedatius ob.', '2020-01-13T13:02:12.000Z', '2020-08-28T07:38:13.000Z', 'Liberet accesserit rem am non.', '2020-03-19T02:26:32.000Z', 'Vita feranda necestempus plato etiamus et expetiuntur.', '2020-08-16T08:09:57.000Z', 'Ducatibus ut theatro exceperta cum poster quo triari.', 'P rebus me regullus quidem voluptate, certe et metu rebus et faciunt metus.', '2020-05-21T04:19:16.000Z', '2020-05-05T04:28:54.000Z', '{"Posuit":"Quod num adverius"}', '{"Deniquid":"Poenis are"}', 'f', '2020-04-24T03:20:24.000Z', '2020-07-11T06:43:07.000Z', DEFAULT, '2020-07-23T06:21:25.000Z', DEFAULT, DEFAULT, '2020-08-16T07:30:20.000Z', DEFAULT, DEFAULT, '2020-05-17T05:00:47.000Z', DEFAULT, '2020-08-16T19:49:19.000Z', DEFAULT, '2020-01-17T12:45:15.000Z', DEFAULT), ('b85b84b7-feea-5b97-ac31-fe593a0d616d', 'e9a00cbc-bab1-59ee-82cb-964845121cb1', '70c481ef-e7fc-5d29-af24-a9b5d6de119c', 'Developer', 'Ernestine.Prohaska49129@prizechinchilla.info', 'Il natum crudelleniat in non, penderum se quo vitat et propter.', '2020-04-12T15:07:44.000Z', '2020-11-27T10:13:14.000Z', 'Parte ad torquatus non graecosophi estiae atur, vendibille sine instructior laudant e ipis providque probest.', '2020-06-02T17:33:13.000Z', 'Referudit potest natur ocritus voluntatib nihilla, ter et repelecto cuius incias.', '2020-11-03T10:25:11.000Z', 'Et quaeso de quoque santurpe albuci quo.', 'Natur voluptatum se vivenim quaedamation.', '2020-12-04T23:59:32.000Z', '2020-09-17T08:14:55.000Z', '{"Ut":"Ea consecum cum"}', '{"Dolorest":"Nos et aut"}', 't', '2020-08-16T07:56:18.000Z', '2020-12-20T12:01:04.000Z', DEFAULT, '2020-01-13T00:47:38.000Z', DEFAULT, DEFAULT, '2020-06-14T05:15:29.000Z', DEFAULT, DEFAULT, '2020-01-09T12:26:57.000Z', DEFAULT, '2020-05-21T16:25:47.000Z', DEFAULT, '2020-02-02T13:37:29.000Z', DEFAULT), ('7d97ba2f-d921-5d80-970e-0e557e8039fc', 'eced6823-370b-5a70-b776-29cbed03adaa', 'bb3c893a-328e-56cd-8853-8284ae0be887', 'Owner', 'Cale.Klein43201@rabbitmedal.net', 'Vitiis viderimus ab natur in.', '2020-12-04T11:49:31.000Z', '2020-07-07T06:46:18.000Z', 'Doctrina exis aut sive es explicabor, incidandae est confirmam iucunt modo si pericio.', '2020-06-06T05:55:11.000Z', 'Ne videruniv aut tamque vero ea.', '2020-06-02T06:08:18.000Z', 'Eum conscientia est e posse qua.', 'Quis qua nomin in non et satis, ipsa fruentemporis ad quam qui voluptatum a.', '2020-05-05T16:31:13.000Z', '2020-03-27T14:31:06.000Z', '{"Non":"Ipsa et"}', '{"Discipittam":"Eganime sum"}', 'f', '2020-12-24T11:47:58.000Z', '2020-04-08T03:20:22.000Z', DEFAULT, '2020-03-11T14:16:16.000Z', DEFAULT, DEFAULT, '2020-04-12T03:11:35.000Z', DEFAULT, DEFAULT, '2020-04-16T15:52:46.000Z', DEFAULT, '2020-10-14T21:43:57.000Z', DEFAULT, '2020-11-07T23:01:37.000Z', DEFAULT), ('eae14067-08e0-5606-9c66-afd9a5d8d374', '9d780d08-b47c-584f-aa20-43f7f12fd200', 'b605ea75-f3ad-5d0e-a0de-4e81eb521cc2', 'Viewer', 'Felicity_Mills83870@black-brand.com', 'Sine sit praetorate ad senseritus vivendum, aliae in parte fugiatur causa uta a.', '2020-07-11T18:43:48.000Z', '2020-11-03T23:00:44.000Z', 'Saepe aut orumque ea utuna es.', '2020-12-08T23:50:59.000Z', 'Non ut e magis quem quidem, vera incursu dici etiam nec ipis memincurat escent.', '2020-08-16T19:21:57.000Z', 'Taria laetit fieri amicitur inere mortali grata.', 'Tamque essarius cum libertam provocerem hoc causa estiae.', '2020-02-22T01:27:48.000Z', '2020-08-24T19:13:27.000Z', '{"Mundus":"Erem animum"}', '{"Maximo":"Graecosopho putetiam"}', 'f', '2020-09-05T21:01:19.000Z', '2020-04-04T15:12:23.000Z', DEFAULT, '2020-05-05T16:14:06.000Z', DEFAULT, DEFAULT, '2020-07-07T18:46:18.000Z', DEFAULT, DEFAULT, '2020-03-03T02:37:35.000Z', DEFAULT, '2020-09-01T21:06:58.000Z', DEFAULT, '2020-04-08T15:42:16.000Z', DEFAULT), ('947a5725-5368-5b7b-8fd8-16b4a26d36a4', '60ec7ee8-27b7-55ea-a73a-5f4a1d342348', 'b40f72e3-a104-59c5-bc8e-c066b8d26f05', 'Owner', 'Irving.Keeling29443@elegant-girdle.info', 'Quosvis firmat finituri aeque permagis sed memoris, desis et est ea utintelleg didicatis contra in.', '2020-05-25T04:40:04.000Z', '2020-02-06T13:25:12.000Z', 'Est in quidem ea dolorem confecto defendi are, contentia non labore quae ut nihil.', '2020-12-20T23:15:52.000Z', 'Eo vel intellegum ere et sit.', '2020-03-27T02:19:20.000Z', 'Anda neque a ea liberab, volupletior ne quam natur non.', 'Vero maximus coercerte multissimus stabil doloris de sequerere.', '2020-12-12T23:28:26.000Z', '2020-08-24T19:56:33.000Z', '{"Ut":"Verum quia et"}', '{"Nec":"Iustitudo curatio"}', 't', '2020-03-11T02:02:17.000Z', '2020-05-05T04:29:00.000Z', DEFAULT, '2020-10-26T09:46:21.000Z', DEFAULT, DEFAULT, '2020-05-09T16:43:11.000Z', DEFAULT, DEFAULT, '2020-09-21T20:20:48.000Z', DEFAULT, '2020-05-09T16:39:20.000Z', DEFAULT, '2020-09-01T20:32:15.000Z', DEFAULT), ('7baedc0c-e08e-512f-97ce-4f7c69d1f064', 'cbdc339a-dafe-5132-86d1-12196219c12c', 'f48fccf0-c7ff-50a2-a5a9-e60d41b7052a', 'Admin', 'Golda_Runolfsson68641@keybutler.info', 'Quid consensuspic cur tranquillitter id advero.', '2020-07-15T18:30:21.000Z', '2020-06-14T05:19:19.000Z', 'Hosti omnibus satis facillare neque venantiam ea voluptaria, disciplinae tellegunt quod autem compariantur divid.', '2020-02-14T13:41:12.000Z', 'Quid faciam est numquam mox omni.', '2020-10-22T09:24:23.000Z', 'Quam repudinfin propter unt se.', 'Ut expecunt et a omnia sine ut est.', '2020-01-09T00:15:45.000Z', '2020-09-17T08:49:38.000Z', '{"Potes":"Aliquam quieti"}', '{"Non":"Epicur victi in"}', 't', '2020-07-03T18:21:12.000Z', '2020-11-27T11:00:18.000Z', DEFAULT, '2020-01-05T13:03:35.000Z', DEFAULT, DEFAULT, '2020-04-08T03:54:09.000Z', DEFAULT, DEFAULT, '2020-04-12T15:17:03.000Z', DEFAULT, '2020-08-28T20:07:07.000Z', DEFAULT, '2020-03-27T14:15:58.000Z', DEFAULT), ('bc678325-c844-5a31-845b-9b2df64ceb7d', '2de6bbed-dbae-54f5-834b-7c05770c7041', 'cb7d87e2-d802-519d-9eff-af4017c4d4bb', 'Owner', 'Maeve_Rice48878@whizz-cloud.org', 'Ari nemore voluptas his deinde de neque.', '2020-04-08T15:58:07.000Z', '2020-05-17T04:26:25.000Z', 'Ut possit eadem homintera ex saepe ad susceptur.', '2020-04-20T15:54:42.000Z', 'Ac laborat voluptat aut im, posse nec in mediocrem omni.', '2020-11-07T22:21:11.000Z', 'De dicunt excruciandae dicere quocire ant triarius, quod philosophar eos et affecere quodsi natum sensibus.', 'Vera iudicur horres copulis sit contempora est quietae, idinmortal causa quam modum propteris.', '2020-06-26T17:29:19.000Z', '2020-05-17T04:41:12.000Z', '{"Remotiosam":"Vivere ad"}', '{"Sive":"Vulgo patere"}', 't', '2020-11-19T22:23:49.000Z', '2020-12-13T00:03:09.000Z', DEFAULT, '2020-03-23T02:41:32.000Z', DEFAULT, DEFAULT, '2020-09-17T08:48:14.000Z', DEFAULT, DEFAULT, '2020-12-16T11:59:22.000Z', DEFAULT, '2020-05-25T17:04:32.000Z', DEFAULT, '2020-11-03T10:35:54.000Z', DEFAULT), ('d0b16730-c5c7-52fd-a457-1573c7647166', 'f01ae403-5e1a-55c3-8799-3e3b725c37b0', '35cb5d5e-1c8b-584b-9e51-e3d14a83a664', 'Developer', 'Justine_Cartwright36517@complicatedcampanile.org', 'Aiebat ipsistatis inter non satis deinde eganimi abo, tum diceri et civium neque quae inquam ut.', '2020-09-25T08:30:47.000Z', '2020-12-28T23:45:01.000Z', 'Sustulant nos id finitia laetam requietis anum.', '2020-09-05T08:34:53.000Z', 'Et expleniora quid sensum epicuri tantoperem meo, epicitur lectorquatus es doloratom sophoc perfruique de deterudit.', '2020-03-07T14:20:03.000Z', 'Tamendi scaevolutroq dicerendi id sine illud dicamur non, non quid es aut esset.', 'Metus aut ut praesenta de sic nostra, potestia es credo eius vix placet neque primum.', '2020-09-21T08:14:38.000Z', '2020-02-10T13:17:22.000Z', '{"Dixisque":"Subtiliustit aut andro"}', '{"Inqueret":"Declinguam satis"}', 't', '2020-03-23T14:30:07.000Z', '2020-09-01T20:14:11.000Z', DEFAULT, '2020-12-08T11:31:03.000Z', DEFAULT, DEFAULT, '2020-10-02T21:47:28.000Z', DEFAULT, DEFAULT, '2020-03-27T14:04:11.000Z', DEFAULT, '2020-08-08T19:21:49.000Z', DEFAULT, '2020-06-18T17:57:29.000Z', DEFAULT), ('6892516b-6b09-5060-b354-b656777645dd', '14bf7dcd-e77d-5d65-b02c-37ba320e9e8d', 'd4918c68-b8fa-5bbd-a2bc-aa96312b3382', 'Editor', 'Theron_Bashirian62116@swirl-code.biz', 'Constitut consequatur chrysippi uberimi manus triari.', '2020-01-25T12:16:08.000Z', '2020-11-15T11:09:54.000Z', 'Ad maiores dicit primum audaccura, suapte esse theophrastus enterum quarum et nisi.', '2020-06-02T17:29:44.000Z', 'Litterire ipsum bono et pericores.', '2020-12-04T11:37:03.000Z', 'Animpedit distrahi est filium semperpeten refergo, quis neque inanim non motum.', 'Dissero saepe ipsius democrito ipsius simae patientia sollicitat.', '2020-02-26T01:33:35.000Z', '2020-03-03T02:20:41.000Z', '{"Non":"Aliae quid nihil"}', '{"Serenimur":"Non libidium"}', 't', '2020-02-06T13:15:05.000Z', '2020-07-07T18:53:11.000Z', DEFAULT, '2020-10-06T21:12:56.000Z', DEFAULT, DEFAULT, '2020-10-06T21:19:21.000Z', DEFAULT, DEFAULT, '2020-10-06T09:46:43.000Z', DEFAULT, '2020-09-09T08:17:21.000Z', DEFAULT, '2020-07-19T06:13:39.000Z', DEFAULT), ('28fbcc00-49cf-5414-b927-cf8ba18acc6b', '7060b2ad-4c37-59f0-9506-03e64c040444', '99a7148d-71cf-563e-8457-4bf46ea341ac', 'Developer', 'Nicklaus_Corwin56128@overestimate-escape.biz', 'Minus menantiquit en confere cum legert em.', '2020-12-12T11:26:14.000Z', '2020-10-22T21:36:16.000Z', 'Animicat quam adhibuitat et modum propter, iud quaeque consequeris ut legit oporem puerilludus virtutem.', '2020-03-11T02:57:38.000Z', 'Studiisque studuisse et dixitur clariorem sedat numquam, omni per faciandae accusans modo impediens mea erit.', '2020-12-04T11:50:54.000Z', 'Venerargum et aliquod qui tamendum me cum, fidamus sponte non comparia conquis fieri.', 'Fuisse sapiens inosophi quae non quid at detraxis.', '2020-10-26T21:14:47.000Z', '2020-05-05T16:12:21.000Z', '{"Aequitur":"Satisti et stare"}', '{"Credere":"Dictum natur"}', 't', '2020-11-11T22:58:03.000Z', '2020-07-03T06:57:40.000Z', DEFAULT, '2020-10-26T21:51:57.000Z', DEFAULT, DEFAULT, '2020-11-03T22:48:36.000Z', DEFAULT, DEFAULT, '2020-11-07T23:00:12.000Z', DEFAULT, '2020-01-09T00:36:01.000Z', DEFAULT, '2020-07-27T06:58:38.000Z', DEFAULT), ('296f74bc-b788-5bc3-ac8e-3f790f120f4e', 'b004d3c9-a825-50e6-a382-b50acf2461e2', '136cc265-65cd-529b-87d8-9d5c9690e672', 'Owner', 'Liam.Trantow40635@yawningchorus.biz', 'Tractate ad etiam ophorrida summa voluptatas fideram, tempore iniucundum supplicat maxim nullam pondente.', '2020-11-07T11:05:34.000Z', '2020-01-21T00:47:53.000Z', 'Voluptatum sapienter est restineri perpetendum melius in, ea atemus nulla abducitaq epicur conficii platonisque natura.', '2020-05-09T16:25:42.000Z', 'Et nulli meminum reprimiquaq sunt.', '2020-02-18T01:48:57.000Z', 'Habuitura a dis si memintertio possit nam, quidem ac litteren sit aliendarum inter nullam.', 'Fieri ex videtur intelleger possit.', '2020-01-05T12:22:55.000Z', '2020-02-26T02:00:02.000Z', '{"Delectus":"Sed pueril torquate"}', '{"Ut":"Ei fugiatis solvantur"}', 't', '2020-03-03T02:22:33.000Z', '2020-10-18T21:15:42.000Z', DEFAULT, '2020-01-05T12:42:36.000Z', DEFAULT, DEFAULT, '2020-04-12T03:03:25.000Z', DEFAULT, DEFAULT, '2020-10-06T09:53:15.000Z', DEFAULT, '2020-02-06T13:38:08.000Z', DEFAULT, '2020-11-27T10:41:26.000Z', DEFAULT), ('6c7e6e2d-6d02-5bf9-a97d-ee5f47df40f5', 'f7243b11-7406-5c87-870a-632feaaada8e', '4fec5df4-dd10-5a9d-ad2b-561217cbd869', 'Editor', 'Aniya.Grimes14211@underestimation-tour.com', 'Sunt ait poetis suavita vero et aequi beatae, voluptas laetit disputant ferre eum falsi quam de.', '2020-02-14T14:01:35.000Z', '2020-05-13T16:30:54.000Z', 'Untatem inquit quae cyrenaicis potes.', '2020-11-07T22:50:04.000Z', 'Non valet si sint autem.', '2020-04-08T03:48:13.000Z', 'Viam historquentur possit tum vituptatem et quo.', 'Non tibus dici et mel, vias mediocrium dolore malorum sibi si gravit.', '2020-05-25T04:29:42.000Z', '2020-01-17T00:25:12.000Z', '{"Triario":"Cogitus labore"}', '{"Quae":"Intelleger inan"}', 't', '2020-08-28T19:37:24.000Z', '2020-02-18T13:14:07.000Z', DEFAULT, '2020-09-17T20:36:29.000Z', DEFAULT, DEFAULT, '2020-04-04T03:54:40.000Z', DEFAULT, DEFAULT, '2020-03-07T02:20:59.000Z', DEFAULT, '2020-09-21T08:24:05.000Z', DEFAULT, '2020-01-25T12:26:24.000Z', DEFAULT), ('e07ce225-345f-5093-8565-2387fd23db51', '9f806d4f-da08-5c4f-baf4-3566f2d5f5e4', 'ad985a8d-b028-5ea3-8094-a6f44ceacd42', 'Admin', 'Josiane.Kemmer12903@electricdoggie.org', 'Quam si cum sinata domin potest.', '2020-05-25T16:59:52.000Z', '2020-10-06T09:39:44.000Z', 'Cupidit rogarenta non eaque in, voluptate tament lat in non.', '2020-05-17T17:00:26.000Z', 'In vel quid dominquamquam numquam ac endi, summum aegritudo beateque effeceruis domest quae apeiriantur.', '2020-03-23T14:07:58.000Z', 'Postremum quis ipuitatis ea loqueruntur vel tollitate.', 'Numquam tu cum fuit sit pernare, dolorem et verbum sit idita mandam obiecta.', '2020-02-14T01:39:26.000Z', '2020-05-05T16:27:09.000Z', '{"Causam":"Anim poetis"}', '{"Non":"Autem eum"}', 't', '2020-01-09T00:39:45.000Z', '2020-03-19T14:12:48.000Z', DEFAULT, '2020-10-18T09:34:41.000Z', DEFAULT, DEFAULT, '2020-05-05T16:42:17.000Z', DEFAULT, DEFAULT, '2020-09-05T20:44:39.000Z', DEFAULT, '2020-07-11T18:40:26.000Z', DEFAULT, '2020-08-08T07:23:05.000Z', DEFAULT), ('b89438d6-8447-556a-81b5-cfddab6a9c03', '063ee0cb-dcc7-5850-827e-6aebf7064892', '2559b492-a1e7-5ca8-9253-706c0d8c0d78', 'Admin', 'Savion.Kub9579@frilly-fallacy.com', 'Eorum unt melius inveniatur esset tem, nihil magiscenset de fidem se rerum.', '2020-08-04T07:21:09.000Z', '2020-04-08T03:52:17.000Z', 'Aut a minorem mihi antiam, quoquo esse cum quibus ne quo.', '2020-04-24T15:34:09.000Z', 'Faculum maius veserordiam qui recte vero conducunt ut.', '2020-07-19T18:56:03.000Z', 'Etiam adverum et antibus de videanturbul voluptatem haec.', 'Habuit bonis perspicuum beniver alique.', '2020-12-04T23:31:13.000Z', '2020-02-10T01:01:16.000Z', '{"Sed":"Physicisti mors epicuri"}', '{"Utrumpiter":"Imi reprehentur"}', 'f', '2020-09-13T08:36:38.000Z', '2020-07-19T18:43:15.000Z', DEFAULT, '2020-07-15T18:50:45.000Z', DEFAULT, DEFAULT, '2020-05-05T16:47:32.000Z', DEFAULT, DEFAULT, '2020-11-07T10:11:51.000Z', DEFAULT, '2020-12-28T23:57:22.000Z', DEFAULT, '2020-08-04T19:26:17.000Z', DEFAULT), ('3add9c65-e0e6-523f-a5a5-5afffa53a073', '68194457-09b7-5c8b-afef-f4de356672ee', '07170692-8783-5299-b21c-8f564a99954f', 'Editor', 'Brice_Wilkinson87648@twinbacon.com', 'Cetere sed in eorum refugi are.', '2020-03-11T14:02:52.000Z', '2020-05-13T17:02:28.000Z', 'Nec nomincurios qui magis suam ad.', '2020-01-01T12:17:43.000Z', 'Deinde nec de odere et ipuit quod.', '2020-07-07T18:54:20.000Z', 'Fore etent ne dicitaque maximprobis aris fugientes, alesse leviora et augenim causamicit.', 'Quorumquam adhuc est quaeque albucius nec diceritten, detrimum stoicos isne locum fugiat corpora iudico ut.', '2020-04-04T15:44:11.000Z', '2020-11-07T22:16:45.000Z', '{"Quam":"In quosvis ex"}', '{"Autem":"Possunt et"}', 't', '2020-05-05T04:10:01.000Z', '2020-07-07T18:46:46.000Z', DEFAULT, '2020-03-27T14:48:21.000Z', DEFAULT, DEFAULT, '2020-05-21T04:31:15.000Z', DEFAULT, DEFAULT, '2020-08-16T07:43:51.000Z', DEFAULT, '2020-11-23T10:23:25.000Z', DEFAULT, '2020-02-10T01:20:09.000Z', DEFAULT), ('8a1f6960-38bb-57a6-ab0f-34401f7b831f', '58fa062a-96a1-5535-825d-4172bfc37ad4', '2c1906b0-7d91-558b-b24d-9d64ca63f090', 'Developer', 'Kaitlin_Miller87340@kiss-playground.com', 'Vocet accedunt quia addidicur nihile, quod eruntatur mone aut quidem.', '2020-05-21T04:17:38.000Z', '2020-07-19T06:14:21.000Z', 'Ex tamura quam im permultis se putantur.', '2020-07-19T06:30:25.000Z', 'Neque et principi untiar exis correcte, omi es benivolam motus graeco nec pernari.', '2020-12-08T11:14:51.000Z', 'Issima quia referitia ad virtutum est es.', 'Et quem si dilignavia dictur, triarius inquit neque iudicura aut es anessenten quoniam.', '2020-09-01T21:10:21.000Z', '2020-12-05T00:05:35.000Z', '{"Tollat":"Multa magisset"}', '{"Versa":"Quodsi item et"}', 'f', '2020-10-06T21:52:12.000Z', '2020-03-03T02:46:26.000Z', DEFAULT, '2020-07-11T19:06:32.000Z', DEFAULT, DEFAULT, '2020-05-21T04:47:13.000Z', DEFAULT, DEFAULT, '2020-02-10T01:54:59.000Z', DEFAULT, '2020-03-15T02:07:08.000Z', DEFAULT, '2020-08-04T20:06:50.000Z', DEFAULT), ('2237059f-14a2-516f-9562-5187b8ad3ba6', '4de5c240-7dd8-504d-9ac4-e96970182095', '9d8ae36c-2c7d-589a-8685-4e8cadccdfe8', 'Admin', 'Reynold.Larkin59469@redlag.com', 'Osoptimo ut hunc quo amus afflueret.', '2020-10-22T09:15:18.000Z', '2020-01-13T00:36:47.000Z', 'Ob esse et contra possima.', '2020-08-20T19:50:12.000Z', 'Omum pronundus quos quicquidem animi.', '2020-03-11T02:33:59.000Z', 'Qua caderae tur affere motum, est sequamur quaedam es cum physici.', 'Are hocles intuemur quam non ratione.', '2020-01-09T13:02:29.000Z', '2020-04-20T15:54:57.000Z', '{"Offici":"Ad esse"}', '{"Santur":"Statuatur et"}', 't', '2020-09-09T20:22:22.000Z', '2020-03-19T14:05:20.000Z', DEFAULT, '2020-10-18T09:57:38.000Z', DEFAULT, DEFAULT, '2020-04-24T15:43:07.000Z', DEFAULT, DEFAULT, '2020-04-20T15:16:15.000Z', DEFAULT, '2020-01-05T12:51:48.000Z', DEFAULT, '2020-10-26T21:59:45.000Z', DEFAULT), ('0353d14f-230f-50bd-953d-cdd051c9c2d7', 'cc2bfb25-728b-5d00-a0ed-0816a2c8ff53', 'efbdfc24-a37b-5232-9eaa-574c05acc935', 'Developer', 'Anabelle_Monahan62930@urbanhive.biz', 'Suis panaetium nos allicam cuius.', '2020-12-25T00:11:03.000Z', '2020-11-23T22:44:52.000Z', 'Dicamicia relique quidem spe rationem terum quae tentiae.', '2020-03-27T02:02:12.000Z', 'Verbis consequi putetenim et sum loca, qui esse ipsos compossummum putem et neque am.', '2020-10-26T21:14:54.000Z', 'Doceatur ne intellegum rem honesset.', 'Natur velingenus est rerum quia quasi, modo are graecum quo popultime.', '2020-04-20T15:23:08.000Z', '2020-05-05T04:35:53.000Z', '{"Is":"Nobis perfectum voluptator"}', '{"Et":"Et aut in"}', 't', '2020-08-28T19:41:15.000Z', '2020-08-04T19:15:41.000Z', DEFAULT, '2020-11-11T22:51:11.000Z', DEFAULT, DEFAULT, '2020-08-20T08:09:33.000Z', DEFAULT, DEFAULT, '2020-06-18T05:34:18.000Z', DEFAULT, '2020-02-22T13:39:49.000Z', DEFAULT, '2020-02-10T13:16:47.000Z', DEFAULT);
INSERT INTO public.teams (id,created_at,coach_id,organization_id,city,country) VALUES (51, DEFAULT, '93e8ac26-7d16-5343-89a1-a510c4ccd7db', NULL, 'Bayonne', 'Cote d''Ivoire'), (52, DEFAULT, 'dc4b09b4-494a-536b-9883-82220b038c16', NULL, 'Medford', 'Bolivia'), (53, DEFAULT, '7ffbcdf4-045b-575b-8385-19241b39cd80', NULL, 'Ocala', 'British Indian Ocean Territory (Chagos Archipelago)'), (54, DEFAULT, 'e9a00cbc-bab1-59ee-82cb-964845121cb1', NULL, 'College Station', 'Slovakia (Slovak Republic)'), (55, DEFAULT, 'eced6823-370b-5a70-b776-29cbed03adaa', NULL, 'Altamonte Springs', 'Slovakia (Slovak Republic)'), (56, DEFAULT, '9d780d08-b47c-584f-aa20-43f7f12fd200', NULL, 'Guaynabo', 'Guinea-Bissau'), (57, DEFAULT, '60ec7ee8-27b7-55ea-a73a-5f4a1d342348', NULL, 'Folsom', 'Burundi'), (58, DEFAULT, 'cbdc339a-dafe-5132-86d1-12196219c12c', NULL, 'Mount Pleasant', 'Macedonia'), (59, DEFAULT, '2de6bbed-dbae-54f5-834b-7c05770c7041', NULL, 'Sunrise', 'Saint Barthelemy'), (60, DEFAULT, 'f01ae403-5e1a-55c3-8799-3e3b725c37b0', NULL, 'Centreville', 'Cook Islands'), (61, DEFAULT, '14bf7dcd-e77d-5d65-b02c-37ba320e9e8d', NULL, 'San Ramon', 'Tajikistan'), (62, DEFAULT, '7060b2ad-4c37-59f0-9506-03e64c040444', NULL, 'Port Arthur', 'Vanuatu'), (63, DEFAULT, 'b004d3c9-a825-50e6-a382-b50acf2461e2', NULL, 'Olympia', 'French Southern Territories'), (64, DEFAULT, 'f7243b11-7406-5c87-870a-632feaaada8e', NULL, 'Pflugerville', 'Mali'), (65, DEFAULT, '9f806d4f-da08-5c4f-baf4-3566f2d5f5e4', NULL, 'Fort Myers', 'India'), (66, DEFAULT, '063ee0cb-dcc7-5850-827e-6aebf7064892', NULL, 'Twin Falls', 'Ghana'), (67, DEFAULT, '68194457-09b7-5c8b-afef-f4de356672ee', NULL, 'San Jacinto', 'Canada'), (68, DEFAULT, '58fa062a-96a1-5535-825d-4172bfc37ad4', NULL, 'Stillwater', 'Croatia'), (69, DEFAULT, '4de5c240-7dd8-504d-9ac4-e96970182095', NULL, 'Rochester', 'Bhutan'), (70, DEFAULT, 'cc2bfb25-728b-5d00-a0ed-0816a2c8ff53', NULL, 'Memphis', 'Bouvet Island (Bouvetoya)');
INSERT INTO public.tasks (id,created_at,title,team_id,details) VALUES (11, DEFAULT, 'Esther Simonis', 52, '{"Quos":"Inter expressas"}'), (12, DEFAULT, 'Ellis Bradtke', 54, '{"Nulli":"Eum voluptatem obiecta"}'), (13, DEFAULT, 'Carlee Hoppe', 56, '{"Voluptas":"Advero a"}'), (14, DEFAULT, 'Eldon Schroeder', 58, '{"De":"Et est ex"}'), (15, DEFAULT, 'Toy Welch', 60, '{"Poten":"Non spatio inem"}'), (16, DEFAULT, 'Ian Vandervort', 62, '{"Tempus":"Quae et faciendum"}'), (17, DEFAULT, 'Greyson Nicolas', 64, '{"Loquunturbam":"Cum placatem id"}'), (18, DEFAULT, 'Ursula Wintheiser', 66, '{"Et":"Triarius malis"}'), (19, DEFAULT, 'Malika Runolfsdottir', 68, '{"Hominquam":"Officia voluptates epicitas"}'), (20, DEFAULT, 'Jazmyne Bradtke', 70, '{"Minus":"Rebus laboris"}');
INSERT INTO public.exercises (id,created_at,name,team_id,details,description) VALUES (11, DEFAULT, 'Davis - Kertzmann', 51, '{"Orum":"Plus det"}', 'Customer-focused hybrid website'), (12, DEFAULT, 'Gibson - Ryan', 53, '{"Tantum":"Timore causa haec"}', 'Realigned bi-directional paradigm'), (13, DEFAULT, 'Nolan Group', 55, '{"Suum":"Cum nihil"}', 'Intuitive system-worthy hub'), (14, DEFAULT, 'Cronin,Schulist and Crist', 57, '{"Reperet":"Paria philos et"}', 'Open-source optimal function'), (15, DEFAULT, 'Friesen LLC', 59, '{"Ipsam":"Est quae viven"}', 'Upgradable zero defect Graphical User Interface'), (16, DEFAULT, 'Zemlak Group', 61, '{"Cum":"Habenim incur"}', 'Intuitive system-worthy hub'), (17, DEFAULT, 'Hilpert - Macejkovic', 63, '{"Compartemper":"Non nihillo atur"}', 'Seamless non-volatile project'), (18, DEFAULT, 'Glover LLC', 65, '{"Unt":"Dolor se fugiendi"}', 'User-friendly bottom-line groupware'), (19, DEFAULT, 'D''Amore,Sporer and Waelchi', 67, '{"Am":"Estiae etiam et"}', 'Secured background flexibility'), (20, DEFAULT, 'Cronin,Schulist and Crist', 69, '{"Est":"Est esse"}', 'Triple-buffered neutral challenge');
INSERT INTO public.task_exercises (task_id,exercise_id) VALUES (11, 11), (12, 12), (13, 13), (14, 14), (15, 15), (16, 16), (17, 17), (18, 18), (19, 19), (20, 20);
SELECT setval('public.teams_id_seq'::regclass, (SELECT MAX("id") FROM "public"."teams"));
SELECT setval('public.tasks_id_seq'::regclass, (SELECT MAX("id") FROM "public"."tasks"));
SELECT setval('public.exercises_id_seq'::regclass, (SELECT MAX("id") FROM "public"."exercises"));
SELECT setval('public.task_exercises_task_id_seq'::regclass, (SELECT MAX("task_id") FROM "public"."task_exercises"));
INSERT INTO auth.users (instance_id,id,aud,role,email,encrypted_password,email_confirmed_at,invited_at,confirmation_token,confirmation_sent_at,recovery_token,recovery_sent_at,email_change_token_new,email_change,email_change_sent_at,last_sign_in_at,raw_app_meta_data,raw_user_meta_data,is_super_admin,created_at,updated_at,phone,phone_confirmed_at,phone_change,phone_change_token,phone_change_sent_at,email_change_token_current,email_change_confirm_status,banned_until,reauthentication_token,reauthentication_sent_at,is_sso_user,deleted_at,is_anonymous) VALUES ('c8b97900-ce12-5a9e-8fd3-b9b2cffb7989', 'c9342ac4-ccd1-510e-8062-078789b5e23d', '8539ded3-c867-5898-b5b3-63e175dc8365', 'Editor', 'Concepcion_Rempel47493@flippantmini.com', 'Autem e admonstret inesset cupidere requirere, sophoc am gloriaturus quid tamenimi.', '2020-12-17T00:15:00.000Z', '2020-10-10T09:22:26.000Z', 'Declaramic causa ponens retintelleg ac.', '2020-03-15T02:57:07.000Z', 'Quod libenda hoc bonum quid, actet quem est delectatem gaudem quam.', '2020-09-13T20:46:26.000Z', 'Minus quo se ocritudian nam sentiorest.', 'Mortis stare et suscipitan quid se viven entibiquam.', '2020-08-28T07:35:39.000Z', '2020-02-10T13:58:57.000Z', '{"Et":"Alia nobis perandisser"}', '{"Ad":"Providit omnis cum"}', 't', '2020-10-14T21:28:41.000Z', '2020-08-04T07:59:01.000Z', DEFAULT, '2020-12-28T23:32:19.000Z', DEFAULT, DEFAULT, '2020-09-25T09:02:07.000Z', DEFAULT, DEFAULT, '2020-05-21T16:46:38.000Z', DEFAULT, '2020-05-17T05:01:08.000Z', DEFAULT, '2020-09-05T08:30:13.000Z', DEFAULT), ('fb082042-e631-57e9-a279-b5690146de50', 'e2e45674-baf1-5169-bc6d-70a5a6b4c53b', '6bd6fb41-7ac0-53b5-9867-33fc68407483', 'Admin', 'Juwan_Wisozk10981@fastintuition.com', 'Epicera aut dolore sentite etur habeat, cum haec video tale il propter falsi.', '2020-06-26T17:29:12.000Z', '2020-08-24T07:14:51.000Z', 'Tamenimpen nostrum inpendet iturae verborum.', '2020-12-13T00:01:31.000Z', 'Homin omus tibus aliens et, tem et non minimi declinaren uto.', '2020-11-23T11:07:00.000Z', 'Propter debenimpet torquem malle diesque sequuntur.', 'Concludatom est tollitter hoc dicanimi sanos pluribus maximi.', '2020-12-12T23:26:48.000Z', '2020-01-21T00:48:35.000Z', '{"Quae":"Actet videamque nam"}', '{"Democur":"Fugiena tur orum"}', 'f', '2020-12-08T11:42:35.000Z', '2020-03-03T02:04:15.000Z', DEFAULT, '2020-11-23T22:45:06.000Z', DEFAULT, DEFAULT, '2020-08-20T19:07:54.000Z', DEFAULT, DEFAULT, '2020-02-06T01:02:57.000Z', DEFAULT, '2020-03-23T14:31:30.000Z', DEFAULT, '2020-05-17T04:25:57.000Z', DEFAULT), ('9576b49f-d671-558f-ab52-73e98ea50eea', 'de7caf93-afd0-5cab-8034-07984807af53', 'af548fe7-7421-505d-b82d-24bfd0527021', 'Viewer', 'Axel_Cole78382@uselessculvert.biz', 'Erunda vos et ante fuisse bonum refere.', '2020-12-20T23:59:27.000Z', '2020-03-11T02:04:02.000Z', 'Sit ut non inquit nos.', '2020-06-22T05:09:12.000Z', 'Tant contentiae docti possensio rationi nobis aut ulis.', '2020-07-03T06:30:10.000Z', 'Quadam quo esse etiam sunt euripsam quadamicar praeserante.', 'Operition modius sint tamque comparte, viam laudangusti sic vult non quae.', '2020-06-26T17:30:28.000Z', '2020-07-23T18:33:53.000Z', '{"Iucunt":"A deterno"}', '{"Mortemperner":"Disputatque erius"}', 't', '2020-05-01T04:48:38.000Z', '2020-12-28T11:31:30.000Z', DEFAULT, '2020-03-11T02:37:57.000Z', DEFAULT, DEFAULT, '2020-11-19T10:18:14.000Z', DEFAULT, DEFAULT, '2020-08-08T19:28:48.000Z', DEFAULT, '2020-03-27T02:52:04.000Z', DEFAULT, '2020-10-18T21:28:45.000Z', DEFAULT), ('2d46be6d-1e21-5160-8de5-c4a42e9c8f50', 'e722c56b-f441-5af1-99e0-9df06c9fe465', 'abcf3fd7-26b9-58cf-9b40-61a27303e675', 'Editor', 'Gerson.Hilll33907@rewardingroutine.org', 'Quod dis init resceri fugit.', '2020-07-03T18:57:39.000Z', '2020-01-21T00:21:54.000Z', 'Nunc suavit et aeteritiam audiebam.', '2020-06-10T05:16:56.000Z', 'Si magnitionis quod causa firmavitia.', '2020-05-09T16:04:01.000Z', 'Adesset exceperun sibus dixisti quid voluptatem si modo, quidem aut inem es necesse mortis de.', 'Cum praetulla distingere sicut et.', '2020-03-15T02:59:55.000Z', '2020-04-24T03:46:16.000Z', '{"Et":"Esse et finibus"}', '{"Seque":"Cupido quam mollis"}', 'f', '2020-03-27T02:27:51.000Z', '2020-12-28T11:25:33.000Z', DEFAULT, '2020-10-22T09:28:42.000Z', DEFAULT, DEFAULT, '2020-06-22T17:08:09.000Z', DEFAULT, DEFAULT, '2020-09-05T20:47:28.000Z', DEFAULT, '2020-03-11T14:28:45.000Z', DEFAULT, '2020-08-12T07:46:14.000Z', DEFAULT), ('38c02a5e-6864-57d7-a5fd-932599ea3bef', '9720c798-c050-599d-94ce-7424855eec9a', '644fa22e-0b3f-5b08-8d6c-1b1a92bdc34c', 'Developer', 'Ewell_Stiedemann16593@previewveal.info', 'Beateque versa quod censet aut et suo.', '2020-03-15T14:22:10.000Z', '2020-09-05T20:09:21.000Z', 'Cordia quam etiam arguerent et, quanta se quae ula vestigantib.', '2020-09-05T09:04:49.000Z', 'Nihiliari paulo contra victi abhorum ab videret, responti cuiquam omnia int quidem legi.', '2020-03-11T02:05:19.000Z', 'Captet torquatistip aut igit melius, hoc se ipsius studuisti feranim summo.', 'Autem leviora est etiam contra.', '2020-05-25T16:04:24.000Z', '2020-03-07T14:48:22.000Z', '{"Latin":"His in modo"}', '{"Vacarte":"Quarum cuius bona"}', 'f', '2020-11-07T22:43:19.000Z', '2020-07-11T06:55:14.000Z', DEFAULT, '2020-08-16T07:39:32.000Z', DEFAULT, DEFAULT, '2020-11-27T22:56:42.000Z', DEFAULT, DEFAULT, '2020-04-16T03:44:30.000Z', DEFAULT, '2020-12-16T12:03:13.000Z', DEFAULT, '2020-03-03T02:59:29.000Z', DEFAULT), ('be6af086-fe81-50a8-ab59-0dae9db5e7aa', 'e990bb89-de89-5087-86d5-50c2fa78bca4', '9507ac68-4a4b-5a53-a313-176bfa510d14', 'Owner', 'Clarabelle.Reichert41541@scope-lounge.org', 'Ere liberito et eumque aut graeci sapiens.', '2020-11-03T22:22:17.000Z', '2020-10-22T21:37:33.000Z', 'Carerierun illimista ut nos igatio, vita ineret omnes paratem confidelli suapte voluptatis.', '2020-10-06T21:43:35.000Z', 'Fidem ulo partes lit partes possint mens, et habet tam confirmare natur et quae simam.', '2020-09-01T21:09:53.000Z', 'Epicur mediocris neque admonere probant.', 'Nis exerri est culte pecunt dolorum, haec sed atem dicenim incia animus.', '2020-02-06T13:27:25.000Z', '2020-12-16T23:36:11.000Z', '{"Autem":"Indivit natur"}', '{"Voluptatas":"Quia propterminim"}', 't', '2020-02-10T01:15:50.000Z', '2020-03-07T14:27:09.000Z', DEFAULT, '2020-08-08T19:38:49.000Z', DEFAULT, DEFAULT, '2020-07-07T18:56:47.000Z', DEFAULT, DEFAULT, '2020-08-04T07:55:45.000Z', DEFAULT, '2020-12-20T11:19:01.000Z', DEFAULT, '2020-12-04T23:59:53.000Z', DEFAULT), ('8be64a0d-75f6-5af9-8a71-0dc930d06643', '5245d9f8-b539-56ba-8bd9-00bd15e50670', '27d6fa6f-59c8-5eec-aad6-7c27f38b2f49', 'Viewer', 'Llewellyn_Barrows42302@dampglue.org', 'Esse cum sententiae me quorum placeat, ab ego afferre voluptatem quisquam contra norarenti.', '2020-04-20T15:57:58.000Z', '2020-09-25T20:54:40.000Z', 'Facerentis primo quantum conet suum, ine quod ex volupermis nihil dicavis simo.', '2020-12-08T11:41:46.000Z', 'Continax praeclaret tum memore aegritation corrigere referit parum, ut ventorquate vero est afferre possit et.', '2020-02-02T01:19:33.000Z', 'Allicamur torquem adducitur nec et haec video, cum ex oblivione tibi ate.', 'Es sunt brutus quam delicatum leganus quid ut, iucunt il iucunditat provocritud et.', '2020-03-15T14:40:34.000Z', '2020-10-10T09:44:56.000Z', '{"Vero":"Familius sentitudin his"}', '{"Quod":"Non iracuten"}', 't', '2020-03-15T02:40:34.000Z', '2020-01-05T01:01:29.000Z', DEFAULT, '2020-11-03T22:49:54.000Z', DEFAULT, DEFAULT, '2020-02-18T01:13:45.000Z', DEFAULT, DEFAULT, '2020-04-20T03:04:36.000Z', DEFAULT, '2020-05-01T04:39:26.000Z', DEFAULT, '2020-03-11T02:30:15.000Z', DEFAULT), ('ad6dacb3-61f8-58f1-a344-7b8bb0e06a16', 'f62ce30a-b3dd-5fa4-b4fe-b940c8692df6', '291af840-94ec-52c6-a886-08ee7219b722', 'Viewer', 'Ramona_Welch48763@occasionalbaboon.net', 'Erabilit studiis in quod homin quid ut, famillud partemperpet diceret quid vesere.', '2020-09-01T08:44:57.000Z', '2020-03-11T14:15:56.000Z', 'Temerga libere intellegam non doloration quid abo superetriaq, pectamenda innumquam molesse patria omnem.', '2020-01-05T00:37:01.000Z', 'A inanda molitur quae quo quanti.', '2020-07-11T19:09:34.000Z', 'Et natur inam non etiam videtsi que quas, cyrenaicos praeter priven alitistim genus apudinven.', 'Vellem es ere extremo corporrecor am satisse vituptat.', '2020-01-09T12:30:19.000Z', '2020-12-08T23:41:53.000Z', '{"Et":"Confideloq iliquem"}', '{"Se":"Natura has causam"}', 't', '2020-12-16T23:38:11.000Z', '2020-10-02T21:55:10.000Z', DEFAULT, '2020-12-08T12:00:53.000Z', DEFAULT, DEFAULT, '2020-01-13T12:24:40.000Z', DEFAULT, DEFAULT, '2020-09-17T08:40:26.000Z', DEFAULT, '2020-06-26T17:10:54.000Z', DEFAULT, '2020-05-05T04:40:12.000Z', DEFAULT), ('8747e4ca-ce55-54a7-8b66-76f2bfc517db', '451641bf-6eab-5aa6-83de-32aa1b386ffc', 'b891e1e8-9c9d-5104-9328-58488a713e58', 'Developer', 'Julianne_Casper24870@comply-east.com', 'Etiamsi a quam aut temporis omnia ea insatis, bonum servirtutem contemner necesse er ipsum.', '2020-04-12T15:15:05.000Z', '2020-01-09T12:08:25.000Z', 'Cum quae eorum eo dolorum vita.', '2020-01-21T00:49:38.000Z', 'Autem quodsi aturi si aegrito rutil studium posuit, virtutem omnia mea praesenti est etiam.', '2020-04-04T03:19:02.000Z', 'Ob nec scribi homin ea.', 'Qui voluptatio tam inquit in quo, firme inprobet quo argument evolut habemque.', '2020-12-20T23:56:53.000Z', '2020-12-17T00:09:45.000Z', '{"E":"Etiam cum consuetudit"}', '{"Idem":"In igenime sin"}', 'f', '2020-02-14T13:06:21.000Z', '2020-11-23T22:20:24.000Z', DEFAULT, '2020-01-17T12:44:33.000Z', DEFAULT, DEFAULT, '2020-01-25T00:01:06.000Z', DEFAULT, DEFAULT, '2020-07-11T18:30:25.000Z', DEFAULT, '2020-09-05T08:19:09.000Z', DEFAULT, '2020-02-26T01:12:09.000Z', DEFAULT), ('fe7b4b4a-eb34-5363-8ec9-cd94ba633be7', '139e2209-57f3-50cb-9bed-10ed17c6cb67', '6a2feb15-8aec-502d-b080-ae5458878253', 'Admin', 'Duane_Kassulke12050@organicosprey.com', 'Quod is quia voluperit antiqua en.', '2020-04-20T03:32:41.000Z', '2020-08-12T07:49:08.000Z', 'Non omnia eum inquit bonorum eadem inaverat.', '2020-04-16T16:04:40.000Z', 'Affectrice quae nam anim ant factissimam.', '2020-06-22T17:58:08.000Z', 'Percur nam praesenim tu putattiner est.', 'Autem quorum bonumquam sunt delectare philos de mutatus.', '2020-04-20T15:42:21.000Z', '2020-12-16T23:38:39.000Z', '{"Quanto":"Tempore ob"}', '{"Ophia":"Saepti longinquit am"}', 't', '2020-01-09T00:50:22.000Z', '2020-12-04T23:26:27.000Z', DEFAULT, '2020-11-19T10:58:04.000Z', DEFAULT, DEFAULT, '2020-07-19T06:44:04.000Z', DEFAULT, DEFAULT, '2020-08-20T08:04:18.000Z', DEFAULT, '2020-07-03T06:33:04.000Z', DEFAULT, '2020-01-25T12:37:42.000Z', DEFAULT), ('5c8effec-a8b6-569a-a446-bbaf1674e97e', 'd4ee8db3-da9e-5818-8016-bc52d64ff107', 'acc5c9ff-f457-5b1a-93e7-2c1a141be761', 'Admin', 'Alfred_Emard93723@enlightenedseminar.info', 'Cyrenaicosop praeterudin maiorem iudici sapientium audacut fugienus, cupid qui potionisfac virtutum volut aut.', '2020-05-09T04:50:59.000Z', '2020-04-24T15:26:56.000Z', 'Totum est inum et semelego convenire, ut etiam commenanim hoc rebus.', '2020-03-07T02:55:21.000Z', 'Tot nihillud in docui tumcum legantis petua, epicur e potere autem se nobisti maximicar inquit.', '2020-12-12T12:03:51.000Z', 'Tament monstret quaedam ad rerum fortunae litia, venire es labore se ego magnitiae sentiam aut.', 'Metuque conficitat noster etiam philos ob menant.', '2020-03-15T14:38:28.000Z', '2020-01-21T12:06:31.000Z', '{"Quid":"Non santur"}', '{"Poetae":"Viderration aut quos"}', 'f', '2020-09-17T08:08:37.000Z', '2020-03-23T14:41:39.000Z', DEFAULT, '2020-01-09T00:59:41.000Z', DEFAULT, DEFAULT, '2020-10-02T09:49:07.000Z', DEFAULT, DEFAULT, '2020-06-02T05:49:32.000Z', DEFAULT, '2020-07-27T18:31:51.000Z', DEFAULT, '2020-02-26T01:20:46.000Z', DEFAULT), ('0689eeb1-7b25-56c9-8926-18f80a541b04', '3e9f31e7-7d11-5e4d-b116-771860c7ca25', '989f6464-a656-5015-af18-8f056870d143', 'Developer', 'Savion_Auer89856@binpolarisation.net', 'Aegritus sunt efficiatur libendam etur est tellegem.', '2020-10-22T21:23:55.000Z', '2020-08-12T08:05:06.000Z', 'Cum reprehendum esse de quid, dolorusque reprehentur atum platonem perspiciat.', '2020-05-21T16:07:43.000Z', 'Homingenus graecis autem id memine a.', '2020-04-20T03:29:39.000Z', 'Latin suavitassum unt quoniam natura praetorem est diceren, musicant voluptatib sapientia tem sine romantes.', 'Non ob nostrum etiam erstitio inibus.', '2020-03-11T02:30:37.000Z', '2020-04-16T15:37:17.000Z', '{"Signiferat":"Fuissententia hae nominerit"}', '{"Praeter":"Quem e"}', 'f', '2020-08-20T19:42:52.000Z', '2020-04-16T15:51:44.000Z', DEFAULT, '2020-09-13T08:28:36.000Z', DEFAULT, DEFAULT, '2020-01-13T12:51:22.000Z', DEFAULT, DEFAULT, '2020-06-18T05:18:55.000Z', DEFAULT, '2020-05-05T04:35:18.000Z', DEFAULT, '2020-11-23T22:47:19.000Z', DEFAULT), ('12408841-fca7-53f9-a55a-a2cbe170db91', 'eb4b89b9-5c0d-512e-a35c-4fb9a1dce69f', 'a277f6aa-1167-5cf2-a976-981d0a051985', 'Admin', 'Katelynn_Marks44863@weight-cinnamon.biz', 'Satisti triarium coniuncta voluerintem hac nullam ulis tandum, praetere diis recte mihi autem ipsa.', '2020-07-07T06:59:28.000Z', '2020-05-01T04:41:24.000Z', 'Sapientiam leviora modus ubi sunt cum, commodars imi sunt me quae stoicosophia.', '2020-01-01T12:14:07.000Z', 'Astris non quos epicurum contra nihillum quae beateque.', '2020-09-25T08:16:34.000Z', 'Quod tantis provocarchit et non, currunt sine nostris ex fidem abducimam.', 'In quo profecticiam sed falso non, sisse qui et inem uta autem ab.', '2020-06-18T17:36:52.000Z', '2020-07-15T18:37:42.000Z', '{"Plerisque":"Quod quisquam labornatur"}', '{"Virtutum":"Sit angore"}', 't', '2020-05-21T04:28:14.000Z', '2020-09-21T08:18:50.000Z', DEFAULT, '2020-07-23T07:02:11.000Z', DEFAULT, DEFAULT, '2020-10-14T09:45:48.000Z', DEFAULT, DEFAULT, '2020-02-10T01:19:55.000Z', DEFAULT, '2020-02-26T01:04:34.000Z', DEFAULT, '2020-04-28T03:53:19.000Z', DEFAULT), ('d6881d33-aa31-55e7-a4fd-17666e2558bd', '6d631e14-3cef-53eb-96fc-ba394101f891', '0440e5d8-1a12-5fa8-9f44-fae410ea705e', 'Admin', 'Sophie_Roob43147@publish-abbreviation.info', 'Tibus pluribus multo gaudeat voluptat.', '2020-01-13T01:03:08.000Z', '2020-08-04T07:44:14.000Z', 'Pericet satis quisitur logikh expleantur.', '2020-07-19T07:07:43.000Z', 'Legeris desid res sine dicita, doloribus laborum natur tant se fit mortis.', '2020-06-10T06:01:26.000Z', 'Autem aetium quibustus posse ipsa voluptatib etiam rem, recta poterea torquatus maiorem arem.', 'Dolorem physicis dis quibus cn, persius alestiam et ego voluptas iret multa voluptatem.', '2020-10-10T22:04:44.000Z', '2020-12-17T00:00:12.000Z', '{"Se":"Essentio aretiam quia"}', '{"It":"Voluptate itat"}', 't', '2020-01-09T00:37:12.000Z', '2020-01-01T12:05:08.000Z', DEFAULT, '2020-04-08T15:55:19.000Z', DEFAULT, DEFAULT, '2020-05-17T16:40:23.000Z', DEFAULT, DEFAULT, '2020-09-25T08:09:34.000Z', DEFAULT, '2020-01-21T12:55:27.000Z', DEFAULT, '2020-12-20T23:47:34.000Z', DEFAULT), ('c8baa094-3282-506f-93c7-3da7308e04ce', 'a77c2191-48fb-559a-88b7-0ac43386bb85', '0fb090db-b4c2-5591-9a7b-aefeb92701cd', 'Owner', 'Edyth_Waelchi74075@infercrew.net', 'Doctrinistis levitias expetus quidem motum qua quondam endi, quidem nutu dicasperpaul nullam non potest quis.', '2020-09-25T08:14:49.000Z', '2020-07-11T18:33:13.000Z', 'Quaeque status ipsis non atque.', '2020-04-12T15:43:30.000Z', 'Ponitur te his te fuisse et multamentur recte, sunt voluptatem quietus cyrenaicos ituri leniatur amari es.', '2020-08-28T07:55:28.000Z', 'Quae ac etiam mirarum ent confideli frequentiam sunt.', 'Semperpeten quidem es tima compariunt deserito ad, in foristius quaestionem sunt sit.', '2020-09-01T20:22:28.000Z', '2020-04-16T15:37:45.000Z', '{"Triarius":"Mirarbitran suo quam"}', '{"Nec":"Est aliam ulae"}', 't', '2020-04-16T15:41:35.000Z', '2020-02-22T14:00:19.000Z', DEFAULT, '2020-04-16T03:49:17.000Z', DEFAULT, DEFAULT, '2020-08-28T19:34:58.000Z', DEFAULT, DEFAULT, '2020-03-19T14:55:26.000Z', DEFAULT, '2020-03-11T14:09:10.000Z', DEFAULT, '2020-09-21T08:50:03.000Z', DEFAULT), ('0ddce441-83a9-5636-9acb-bde2020954a0', '2b1967e5-6aa2-5262-bf65-7f0cc6f69723', '326a869d-f5b0-5858-8d31-6f5c9f6218a6', 'Admin', 'Providenci_Brakus90506@comparekeep.org', 'Voluptatem nec incur in voluptate via plane.', '2020-02-06T13:54:13.000Z', '2020-12-20T23:53:23.000Z', 'Quis de studiis facillum natum sit vitium bonum, voluptat ido gravis intellegun liberatum.', '2020-01-09T12:15:32.000Z', 'Eaque et enimi inveniri in consequitat nec.', '2020-09-01T08:36:47.000Z', 'Inum minus caritur quae nostris, torum doctus quantum nissimistim providem.', 'Laudare famest omnes vestrae de sermonit quasi reprehendam, quidemus consuetudin est ne itur ut aliqui intellegim.', '2020-11-19T22:39:05.000Z', '2020-12-24T23:41:41.000Z', '{"Liberation":"Dolortetur t"}', '{"Ari":"Quod desid"}', 'f', '2020-09-01T20:45:17.000Z', '2020-05-13T16:57:27.000Z', DEFAULT, '2020-05-01T04:44:34.000Z', DEFAULT, DEFAULT, '2020-12-09T00:03:05.000Z', DEFAULT, DEFAULT, '2020-01-25T00:51:54.000Z', DEFAULT, '2020-11-23T10:58:29.000Z', DEFAULT, '2020-05-05T04:42:45.000Z', DEFAULT), ('5470f5ee-8682-52e4-8f5f-bec9b611aa7f', '8e7236e3-5976-5590-9080-bfacea120fc7', '2b813480-c88c-51fc-a3ba-3536a482f722', 'Admin', 'Roselyn_Cruickshank60193@flinch-deadline.net', 'Praebeat estia intelleger omita ut recteque.', '2020-09-25T20:55:01.000Z', '2020-05-17T04:47:23.000Z', 'Dis sunt cum dicerat atum habuit iam, doleam cum fortas exisque tuum providit imo.', '2020-09-13T08:18:42.000Z', 'Fidet qua imum aliqui dicerierun quidem initatur loco, probant et disseret orum et inclusae autem ii.', '2020-04-12T15:57:57.000Z', 'Exedatum mi sunt medicurque graviora nis itatio est.', 'Quod es totellas mi quo, praeterque voluptate iusteque sed ista nobis fugiendam est.', '2020-07-03T07:02:19.000Z', '2020-06-02T17:55:36.000Z', '{"Verbis":"Quis dis aliquando"}', '{"Iis":"Quaeque a sed"}', 'f', '2020-12-20T11:23:55.000Z', '2020-04-04T15:27:04.000Z', DEFAULT, '2020-09-21T21:01:14.000Z', DEFAULT, DEFAULT, '2020-08-12T20:06:44.000Z', DEFAULT, DEFAULT, '2020-09-05T08:26:50.000Z', DEFAULT, '2020-09-17T08:21:13.000Z', DEFAULT, '2020-07-07T18:29:18.000Z', DEFAULT), ('6bf0a8e2-fff5-58da-90d8-a09e6bb90271', '98d40767-bdd7-5f67-9f1a-0eda21549992', '579531ed-12e8-5160-8644-be853a5751fc', 'Owner', 'Jarvis.Rowe21188@unlawful-corn.org', 'Minuit virtutiora patrioque graeca ego fortunt namenderit, imum offendimur pectantum inant quisitud.', '2020-07-03T06:45:39.000Z', '2020-02-10T02:04:26.000Z', 'Quae falsisse quidem quod abisse non modum, potes omne pericor multis cum cognitatio.', '2020-03-19T14:49:44.000Z', 'Ego tota poenis me parvos quid quo vita.', '2020-11-15T22:47:39.000Z', 'Consilia omnis tamendi utilis comparatus dum quae, ratio se ratione cum quidnam melius.', 'Naturo negentibus specta plus rationem alios aegriterit, natur nomintelleg tractate soleat abilius nis se.', '2020-04-28T03:41:12.000Z', '2020-02-26T13:27:46.000Z', '{"Salut":"Faceret legem non"}', '{"Quaestiones":"Inem posset sibus"}', 't', '2020-06-22T17:47:04.000Z', '2020-12-17T00:13:01.000Z', DEFAULT, '2020-08-24T19:11:56.000Z', DEFAULT, DEFAULT, '2020-07-03T06:57:05.000Z', DEFAULT, DEFAULT, '2020-10-02T21:24:32.000Z', DEFAULT, '2020-09-01T20:24:20.000Z', DEFAULT, '2020-02-18T13:01:52.000Z', DEFAULT), ('79ccdc40-fe4d-5035-a6b1-3d55189249ce', 'fafef6da-a385-5930-8e2f-1bfe7dae5b17', '9902a6a2-b405-536a-ac90-2380460599f2', 'Owner', 'Charity.Larson89699@swan-politics.org', 'Sem iliora as vigil quod facilii nasci.', '2020-01-09T00:01:11.000Z', '2020-09-21T08:33:44.000Z', 'Solum aris primum neque vare veniraccus, est ea studuisset gravista atibus pro ut.', '2020-11-03T10:35:06.000Z', 'Viderius voluptatis omnis re cum.', '2020-02-14T13:17:26.000Z', 'Quid vivere hoc vera non tuum hic ut.', 'Possunt quae cum comprehendas quia, uberenim il sic inest est depulerin non etiam.', '2020-04-12T16:04:43.000Z', '2020-11-23T22:14:20.000Z', '{"Tollunt":"Malis es sed"}', '{"Quae":"Et eae"}', 'f', '2020-03-19T02:28:24.000Z', '2020-07-15T18:33:10.000Z', DEFAULT, '2020-10-10T09:19:53.000Z', DEFAULT, DEFAULT, '2020-07-07T19:01:20.000Z', DEFAULT, DEFAULT, '2020-06-22T05:42:04.000Z', DEFAULT, '2020-07-03T06:11:45.000Z', DEFAULT, '2020-03-03T02:51:41.000Z', DEFAULT), ('3f216e4d-af2f-5de3-9775-b3de5c7b44cd', 'ff9f3f67-568a-5370-bd91-a70fbf85da0f', '0e4e8e56-17e1-5028-a031-672329e31a20', 'Viewer', 'Rodger_Abernathy1612@complementschooner.org', 'Fama hominvestra ut quo scribererim quam ad solum, inest persequantur non aeque alii solliciti ratione.', '2020-06-26T05:10:54.000Z', '2020-01-13T00:27:29.000Z', 'Placebimos nec recte vel easque recte.', '2020-12-16T11:42:50.000Z', 'Conspecta quis iliae qui aptior quis efficitud, et eosque tibusus dedocculta nota individua et audiam.', '2020-06-02T05:48:57.000Z', 'Laboris scribere cyrenaicos et tori loqueruntur et, haec eas expeditat sed quid.', 'Es videaturae et quam utincurrun optimo.', '2020-02-10T13:52:04.000Z', '2020-12-13T00:13:53.000Z', '{"In":"Nullam mis"}', '{"Nullae":"Mandamur appellatin"}', 't', '2020-10-14T10:01:19.000Z', '2020-01-05T00:21:31.000Z', DEFAULT, '2020-01-17T00:52:14.000Z', DEFAULT, DEFAULT, '2020-03-19T02:58:42.000Z', DEFAULT, DEFAULT, '2020-08-24T08:11:01.000Z', DEFAULT, '2020-09-05T20:35:27.000Z', DEFAULT, '2020-01-21T12:29:00.000Z', DEFAULT);
INSERT INTO public.teams (id,created_at,coach_id,organization_id,city,country) VALUES (71, DEFAULT, 'c9342ac4-ccd1-510e-8062-078789b5e23d', NULL, 'Miami', 'Afghanistan'), (72, DEFAULT, 'e2e45674-baf1-5169-bc6d-70a5a6b4c53b', NULL, 'Sandy Springs', 'France'), (73, DEFAULT, 'de7caf93-afd0-5cab-8034-07984807af53', NULL, 'Cuyahoga Falls', 'Guam'), (74, DEFAULT, 'e722c56b-f441-5af1-99e0-9df06c9fe465', NULL, 'The Woodlands', 'China'), (75, DEFAULT, '9720c798-c050-599d-94ce-7424855eec9a', NULL, 'Newark', 'Italy'), (76, DEFAULT, 'e990bb89-de89-5087-86d5-50c2fa78bca4', NULL, 'San Mateo', 'Nepal'), (77, DEFAULT, '5245d9f8-b539-56ba-8bd9-00bd15e50670', NULL, 'Barnstable Town', 'Solomon Islands'), (78, DEFAULT, 'f62ce30a-b3dd-5fa4-b4fe-b940c8692df6', NULL, 'West New York', 'Estonia'), (79, DEFAULT, '451641bf-6eab-5aa6-83de-32aa1b386ffc', NULL, 'Garden Grove', 'Nauru'), (80, DEFAULT, '139e2209-57f3-50cb-9bed-10ed17c6cb67', NULL, 'West Lafayette', 'Brazil'), (81, DEFAULT, 'd4ee8db3-da9e-5818-8016-bc52d64ff107', NULL, 'Hayward', 'Timor-Leste'), (82, DEFAULT, '3e9f31e7-7d11-5e4d-b116-771860c7ca25', NULL, 'Pleasanton', 'El Salvador'), (83, DEFAULT, 'eb4b89b9-5c0d-512e-a35c-4fb9a1dce69f', NULL, 'Rapid City', 'China'), (84, DEFAULT, '6d631e14-3cef-53eb-96fc-ba394101f891', NULL, 'Sioux City', 'Eritrea'), (85, DEFAULT, 'a77c2191-48fb-559a-88b7-0ac43386bb85', NULL, 'Fishers', 'Lebanon'), (86, DEFAULT, '2b1967e5-6aa2-5262-bf65-7f0cc6f69723', NULL, 'Greenville', 'Jamaica'), (87, DEFAULT, '8e7236e3-5976-5590-9080-bfacea120fc7', NULL, 'Renton', 'Svalbard & Jan Mayen Islands'), (88, DEFAULT, '98d40767-bdd7-5f67-9f1a-0eda21549992', NULL, 'Carmel', 'Denmark'), (89, DEFAULT, 'fafef6da-a385-5930-8e2f-1bfe7dae5b17', NULL, 'Clarksville', 'Zimbabwe'), (90, DEFAULT, 'ff9f3f67-568a-5370-bd91-a70fbf85da0f', NULL, 'Amarillo', 'Honduras');
INSERT INTO public.tasks (id,created_at,title,team_id,details) VALUES (21, DEFAULT, 'Lucy Mante', 72, '{"Voluptatis":"Ingenerror alii"}'), (22, DEFAULT, 'Nona Wyman', 74, '{"Postulissem":"Ignorant homin"}'), (23, DEFAULT, 'Gabriel Wolf', 76, '{"Quid":"Consul fructuosam"}'), (24, DEFAULT, 'Riley Ruecker', 78, '{"Commentit":"Solut nihiliarem"}'), (25, DEFAULT, 'Gudrun Feil', 80, '{"Sapientiam":"Terum amicuri collegen"}'), (26, DEFAULT, 'Alda Kirlin', 82, '{"Sophoc":"Potionem eorum haec"}'), (27, DEFAULT, 'Harmon Daugherty', 84, '{"Appellantur":"Aliquantur de"}'), (28, DEFAULT, 'Jovanny Cormier', 86, '{"Magna":"Duci et"}'), (29, DEFAULT, 'Madisen Simonis', 88, '{"Gloriae":"In agam inmensae"}'), (30, DEFAULT, 'Sandrine Muller', 90, '{"Quae":"Ant dicere"}');
INSERT INTO public.programs (id,start_date,end_date,team_id,details) VALUES (11, '2020-04-04', '2020-03-11', 71, '{"Iucunt":"Eripsum non"}'), (12, '2020-05-25', '2020-04-20', 73, '{"Ferre":"Praetergo voluptatib dissentinen"}'), (13, '2020-08-16', '2020-07-23', 75, '{"Sedent":"Malum ei"}'), (14, '2020-07-07', '2020-04-08', 77, '{"Graeci":"Voluptator necesset"}'), (15, '2020-01-05', '2020-02-10', 79, '{"As":"Cum nihil ut"}'), (16, '2020-03-07', '2020-06-06', 81, '{"Fugiat":"Linae iditerri sit"}'), (17, '2020-02-02', '2020-10-22', 83, '{"Itiae":"Etiam intellegan"}'), (18, '2020-09-09', '2020-01-05', 85, '{"Ad":"Ea putarbitrat"}'), (19, '2020-04-20', '2020-11-11', 87, '{"Laudatque":"Ut gravis collegerud"}'), (20, '2020-04-24', '2020-07-23', 89, '{"Neque":"Ultatio et"}');
INSERT INTO public.program_tasks (program_id,task_id) VALUES (11, 21), (12, 22), (13, 23), (14, 24), (15, 25), (16, 26), (17, 27), (18, 28), (19, 29), (20, 30);
SELECT setval('public.teams_id_seq'::regclass, (SELECT MAX("id") FROM "public"."teams"));
SELECT setval('public.tasks_id_seq'::regclass, (SELECT MAX("id") FROM "public"."tasks"));
SELECT setval('public.programs_id_seq'::regclass, (SELECT MAX("id") FROM "public"."programs"));
SELECT setval('public.program_tasks_program_id_seq'::regclass, (SELECT MAX("program_id") FROM "public"."program_tasks"));
