INSERT INTO auth.users (instance_id,id,aud,role,email,encrypted_password,email_confirmed_at,invited_at,confirmation_token,confirmation_sent_at,recovery_token,recovery_sent_at,email_change_token_new,email_change,email_change_sent_at,last_sign_in_at,raw_app_meta_data,raw_user_meta_data,is_super_admin,created_at,updated_at,phone,phone_confirmed_at,phone_change,phone_change_token,phone_change_sent_at,email_change_token_current,email_change_confirm_status,banned_until,reauthentication_token,reauthentication_sent_at,is_sso_user,deleted_at,is_anonymous) VALUES ('a62dab19-70d7-52b9-9b87-33e81d57631a', 'dbf237dd-4249-5054-9d78-828676597c5c', 'f6cff358-fef0-5f39-9f47-19797daa0086', 'Developer', 'Camilla_Runolfsson86520@motherpump.net', 'Redeam sunt int libidua ad alterrogat, et est a timum ipsa.', '2020-07-15T18:43:32.000Z', '2020-06-14T05:47:03.000Z', 'Quorum incorporib si disputarchum entur quod, intellegum possunt fruuntur em idcirco qui in quae.', '2020-09-05T08:14:01.000Z', 'Quos hosti nam et nulli metu viveralter, itatur eas quam non despicat seditur.', '2020-09-25T08:17:30.000Z', 'Est atorum nascuntur in sint.', 'Dolorem dicamicul ultate se sint.', '2020-09-09T20:29:21.000Z', '2020-01-17T12:15:46.000Z', '{"Sunt":"Sibus iderimus"}', '{"Gaudem":"Commodo et"}', 'f', '2020-09-25T08:31:22.000Z', '2020-08-28T07:27:37.000Z', DEFAULT, '2020-08-28T07:53:01.000Z', DEFAULT, DEFAULT, '2020-05-21T05:06:48.000Z', DEFAULT, DEFAULT, '2020-11-23T10:27:23.000Z', DEFAULT, '2020-08-04T19:11:22.000Z', DEFAULT, '2020-09-01T21:10:35.000Z', DEFAULT), ('d3e7c337-9db0-5185-9dee-549df61fd2d7', '6a95d5ef-b918-5265-870a-e233c7e62cd3', 'bb78d574-c27e-5a7b-96c2-b8f550ad568f', 'Admin', 'Donna.Konopelski99001@misreport-violet.biz', 'Dolem quo natur non proficitur.', '2020-09-25T08:47:05.000Z', '2020-01-17T01:04:01.000Z', 'Etur ordata consistate quodsi euripsa munitisset.', '2020-12-24T23:32:43.000Z', 'Hari quanti intellegen quia abile ut omnisi, malores est et nesciunt modo in sumerante odio.', '2020-04-12T15:20:40.000Z', 'Posse non nihilesse idita ea.', 'Atur graeca ent vacuitatur autem, sunt vel et voluptatem fere dolore possunt.', '2020-09-09T08:08:29.000Z', '2020-12-12T23:38:49.000Z', '{"Leviore":"Sit se"}', '{"Pecuntiaret":"Crudelleniat provocerrit collegitaq"}', 'f', '2020-10-22T21:19:30.000Z', '2020-07-07T18:59:00.000Z', DEFAULT, '2020-04-16T15:30:59.000Z', DEFAULT, DEFAULT, '2020-06-18T05:31:59.000Z', DEFAULT, DEFAULT, '2020-11-19T10:56:27.000Z', DEFAULT, '2020-12-16T23:23:58.000Z', DEFAULT, '2020-10-02T09:48:39.000Z', DEFAULT), ('76b1d34a-1f16-56ff-b725-4f9d12e73d70', '99ed6199-7045-5a76-904f-70cd04a5e464', '2e8bf73e-2f43-5914-8161-f714be3948ed', 'Editor', 'Sydni.Terry3020@infinite-frame.biz', 'Locum ad sine prorsuscipiet meis voluptat.', '2020-06-14T05:27:43.000Z', '2020-03-19T02:14:11.000Z', 'Ad quae multis oram se quiete tum.', '2020-06-10T17:33:22.000Z', 'Effectus novum sensibus inaver tamen nos nobis quibus, alter cum si officerem deducere nec finibus deinde.', '2020-10-14T21:33:06.000Z', 'Laborate es iudicural est evolum laetitassum malis.', 'Quam solem ipsa maioribus nobis tempore.', '2020-01-21T12:54:31.000Z', '2020-07-03T06:20:36.000Z', '{"Quod":"Laborem intellegi"}', '{"Utur":"Fecer a"}', 't', '2020-02-22T01:52:23.000Z', '2020-05-17T04:10:41.000Z', DEFAULT, '2020-04-16T15:59:39.000Z', DEFAULT, DEFAULT, '2020-01-25T12:22:12.000Z', DEFAULT, DEFAULT, '2020-08-16T07:47:00.000Z', DEFAULT, '2020-01-09T12:23:55.000Z', DEFAULT, '2020-09-05T08:26:08.000Z', DEFAULT), ('b732d437-7e61-53cc-9e2d-6ee84b2e5e33', '7dd71f3c-7db0-5430-816f-06527f8d04bf', '5040df85-7e66-57c1-9122-c96f95ee896a', 'Editor', 'Skylar.Rohan74588@conventional-put.net', 'Quamque et libidinduc dignis esse.', '2020-08-24T07:29:53.000Z', '2020-11-03T10:11:40.000Z', 'Se fert voluptas infinit confirmare se, es malitia non idie augereris ad hoc.', '2020-04-16T03:24:28.000Z', 'Ans recta omos indignitat anim delectare philos.', '2020-09-09T20:21:39.000Z', 'Nam causae et possunt quaeri, per omnium quae artes quod tu.', 'Et fugiam ita pecunt quod currunt.', '2020-10-02T09:44:20.000Z', '2020-05-09T04:39:48.000Z', '{"Necesse":"Statim satisse"}', '{"Doloriis":"Cura suspicio"}', 't', '2020-11-15T10:38:06.000Z', '2020-08-16T20:08:47.000Z', DEFAULT, '2020-02-22T01:47:58.000Z', DEFAULT, DEFAULT, '2020-07-19T06:42:11.000Z', DEFAULT, DEFAULT, '2020-11-11T22:52:21.000Z', DEFAULT, '2020-04-20T15:42:36.000Z', DEFAULT, '2020-03-27T15:05:43.000Z', DEFAULT), ('eae8ea6b-1f01-589a-942a-3a51cb0c50e9', 'd290b737-4d37-5e80-a2dd-9cd0c1b9bdca', '75bf01c3-a308-544b-90e8-27b75c69bcfa', 'Admin', 'Tamia.Bruen35159@arrivecrossstitch.biz', 'Causa qui sapientiam res iuria est sine, ad statue agatestiae estiae rerum voluptate ant.', '2020-01-17T00:36:23.000Z', '2020-12-04T12:03:36.000Z', 'Tum sint invenire claudicia voluptatem pendetractis curatem.', '2020-06-22T17:15:58.000Z', 'Quem sentiri imum fugienum minus voluptate delecto constitutus.', '2020-11-03T23:04:41.000Z', 'A aperea consuetudin seiunctum causa tament meliusto eosdem.', 'Videndi erunt iudici quo aequit quo, nec animam tant si darum voluptates summa detractis.', '2020-05-13T04:25:25.000Z', '2020-11-11T23:02:36.000Z', '{"Dominquamvis":"Nis quosdam ad"}', '{"Quae":"Dicam se neque"}', 'f', '2020-07-15T18:41:19.000Z', '2020-12-08T23:12:38.000Z', DEFAULT, '2020-01-05T00:05:40.000Z', DEFAULT, DEFAULT, '2020-01-05T12:36:26.000Z', DEFAULT, DEFAULT, '2020-08-20T20:11:18.000Z', DEFAULT, '2020-05-25T16:42:02.000Z', DEFAULT, '2020-05-01T16:22:25.000Z', DEFAULT), ('637cefef-bde8-5fa5-8981-8eb78a4eb040', 'd8968437-256c-54dc-a260-0a767caf4745', '3d7149ab-f79f-52d4-9737-287a48b6a808', 'Viewer', 'Roberta_Schaden56794@similar-bagel.info', 'Anime ut sed vero sentiet.', '2020-10-22T21:54:41.000Z', '2020-04-12T15:03:39.000Z', 'Quia eum modo incurrunt potesse scribi.', '2020-10-06T21:12:28.000Z', 'Nis ad quae es reliquid.', '2020-01-13T12:29:20.000Z', 'Quod autem dolorem voluptate dein, loque tum hominfinit quidemus reiciendi.', 'Ipsam placet sit sequitas orem, a magnitiae quae iliorem dedocculpa per.', '2020-02-18T13:26:49.000Z', '2020-10-02T21:39:54.000Z', '{"Etiam":"Numquam sum quietae"}', '{"Ob":"Posuit si quam"}', 'f', '2020-12-12T23:44:38.000Z', '2020-12-08T12:00:38.000Z', DEFAULT, '2020-01-17T12:44:33.000Z', DEFAULT, DEFAULT, '2020-05-21T04:43:37.000Z', DEFAULT, DEFAULT, '2020-10-22T09:11:13.000Z', DEFAULT, '2020-09-17T20:23:12.000Z', DEFAULT, '2020-01-21T00:24:41.000Z', DEFAULT), ('2936cd22-e4d1-50ac-a4ae-b28387539bf4', '1a667f23-1fd3-5ae2-b51f-3b9c2364631e', 'beac3f1f-5f62-5d27-9d04-915e73a088aa', 'Editor', 'Taryn.Nicolas23485@classic-windchime.net', 'Fruenda intellegi salut ut ipsa est in voluptas, viros sola me modo naturisti laetam omnia.', '2020-04-28T03:19:12.000Z', '2020-05-09T16:56:28.000Z', 'Quadamicio non tradunturbam quod concedunde.', '2020-08-12T20:04:17.000Z', 'Lique ariquid ere nullam curatque philositur latine fugiens, corpus explicaver plus vestra aut mens.', '2020-02-06T14:02:16.000Z', 'Non quid it sine et mis, uti versa is eritatas quem non.', 'Potes honest ine depravatil autem hoc, cibo flagiti ophis quae ad circo quae doloranim.', '2020-10-06T21:22:44.000Z', '2020-02-10T01:51:29.000Z', '{"Maxim":"Esse ut"}', '{"Omnium":"Habet ine archum"}', 't', '2020-08-04T07:50:45.000Z', '2020-09-13T20:24:18.000Z', DEFAULT, '2020-05-09T16:23:29.000Z', DEFAULT, DEFAULT, '2020-07-23T06:32:49.000Z', DEFAULT, DEFAULT, '2020-01-13T12:17:20.000Z', DEFAULT, '2020-06-10T17:40:49.000Z', DEFAULT, '2020-04-16T03:50:27.000Z', DEFAULT), ('7e5fc9b2-bb96-57f8-bb81-dc08dd6b81f9', 'b3b4ab26-3675-5436-8e6a-386178e893fc', 'd71868df-d970-5e8b-969c-f2e7a4bac8c9', 'Owner', 'Archibald.Schneider96111@couchloaf.com', 'Patiendis per cyrenaicos et pacuvii, et multo aut si explicet qui pendet.', '2020-11-23T22:58:02.000Z', '2020-11-07T22:28:17.000Z', 'Eadem ut tant intellegun non utile.', '2020-08-20T07:49:16.000Z', 'Saepe est inem posse hoc.', '2020-12-04T11:38:54.000Z', 'Et ercitatio assidua accesserui tam, aliam in statue si voluptatem ad oressariae.', 'Neque corpus tam nostras ortum quod non tentiae.', '2020-01-13T12:49:43.000Z', '2020-11-15T23:10:01.000Z', '{"Opore":"Et nec esset"}', '{"Latinis":"Sed maiora"}', 't', '2020-05-05T04:33:54.000Z', '2020-01-13T12:32:01.000Z', DEFAULT, '2020-04-12T03:30:55.000Z', DEFAULT, DEFAULT, '2020-05-05T04:26:55.000Z', DEFAULT, DEFAULT, '2020-10-10T21:59:16.000Z', DEFAULT, '2020-01-25T12:15:47.000Z', DEFAULT, '2020-07-19T18:29:09.000Z', DEFAULT), ('849237e2-b829-5218-ae0a-5f96f0fa1dd2', 'a73e18bb-06cc-540d-bc77-d17bbaf145cc', 'f57b59b8-62cd-5d9b-b51f-0573d07eecfb', 'Viewer', 'Marisol.Little28874@that-cowbell.biz', 'Inescenses fortas a quantum sunt.', '2020-02-10T13:55:13.000Z', '2020-05-25T16:52:18.000Z', 'Persius noster qui cere claris ine dissermonstret er, vias voluptatem quam dolorest voluptatem nudus praeclarorat.', '2020-05-01T04:54:56.000Z', 'Arendum voluit bene opere crudel se omni.', '2020-04-20T03:54:22.000Z', 'Molessariae mundus expetuis praeternatus poetae legendam efficitaq, quidem si dolemus domint ocarbitrat qui.', 'Ea ideratom dedit innumquam igimum endi municra, neque inum abesse inum repudinter motum apte.', '2020-01-21T12:25:59.000Z', '2020-07-23T18:26:39.000Z', '{"Molesset":"Haec ut"}', '{"Volunt":"Salutates quibus"}', 't', '2020-04-12T03:54:49.000Z', '2020-04-04T03:40:49.000Z', DEFAULT, '2020-09-21T08:22:55.000Z', DEFAULT, DEFAULT, '2020-08-16T07:56:39.000Z', DEFAULT, DEFAULT, '2020-11-03T22:59:12.000Z', DEFAULT, '2020-08-16T07:16:56.000Z', DEFAULT, '2020-11-19T22:29:04.000Z', DEFAULT), ('16bdda98-e357-504e-ba14-72b9dcf287f0', '8d3d2cca-4e09-5d6f-b331-f1d67167e280', '0da0f3cd-18fa-588d-90a0-46a0a36fb61a', 'Admin', 'Stella.Schmitt41418@stained-certification.org', 'Voluptates ophia quid et quid at estias.', '2020-06-10T05:36:23.000Z', '2020-03-15T02:12:37.000Z', 'Solam sus gere alest partemeri.', '2020-10-22T10:04:00.000Z', 'Aret futurus quid propter consolider.', '2020-07-03T06:21:47.000Z', 'Qui liberet endunt et facta ad, philosoptim verter generration allicitis quem il sic.', 'Triariustiorib et potes sunt cernimis ilii t, approbesse habet conficer quasi sint nullam magis.', '2020-05-25T04:15:29.000Z', '2020-02-06T13:23:28.000Z', '{"Esse":"Tolere atomnescius tibi"}', '{"Diis":"Ab atione"}', 'f', '2020-04-24T15:14:42.000Z', '2020-10-02T09:40:43.000Z', DEFAULT, '2020-03-15T14:20:04.000Z', DEFAULT, DEFAULT, '2020-03-03T02:09:23.000Z', DEFAULT, DEFAULT, '2020-09-01T08:57:45.000Z', DEFAULT, '2020-09-17T08:37:59.000Z', DEFAULT, '2020-11-19T22:50:23.000Z', DEFAULT);
INSERT INTO public.teams (id,created_at,coach_id,organization_id,city,country) VALUES (11, DEFAULT, 'dbf237dd-4249-5054-9d78-828676597c5c', NULL, 'Dearborn Heights', 'Russian Federation'), (12, DEFAULT, '6a95d5ef-b918-5265-870a-e233c7e62cd3', NULL, 'Rancho Cordova', 'Palau'), (13, DEFAULT, '99ed6199-7045-5a76-904f-70cd04a5e464', NULL, 'Longview', 'Panama'), (14, DEFAULT, '7dd71f3c-7db0-5430-816f-06527f8d04bf', NULL, 'Skokie', 'Panama'), (15, DEFAULT, 'd290b737-4d37-5e80-a2dd-9cd0c1b9bdca', NULL, 'Clifton', 'Norfolk Island'), (16, DEFAULT, 'd8968437-256c-54dc-a260-0a767caf4745', NULL, 'Warwick', 'Burkina Faso'), (17, DEFAULT, '1a667f23-1fd3-5ae2-b51f-3b9c2364631e', NULL, 'Bethlehem', 'Samoa'), (18, DEFAULT, 'b3b4ab26-3675-5436-8e6a-386178e893fc', NULL, 'Logan', 'Mexico'), (19, DEFAULT, 'a73e18bb-06cc-540d-bc77-d17bbaf145cc', NULL, 'McLean', 'Israel'), (20, DEFAULT, '8d3d2cca-4e09-5d6f-b331-f1d67167e280', NULL, 'Gaithersburg', 'Sweden');
INSERT INTO private.team_codes (team_id,code) VALUES (11, 'Adoptimer ratio et sanos quod et, iis satis et aliens fugiendum tem ille.'), (12, 'Aeque idemoder est ades cernantur omnium.'), (13, 'Ne sed assumma non voluptatem quo.'), (14, 'A vita currunt laudatis ne etiam hoc.'), (15, 'Magis quibus meam igendam significur dolorem chrysippo sibus, tendisciplin aegritum putaspertur alia tem.'), (16, 'Chremest est de contentiae quod, hoc neque ait aris cum canes.'), (17, 'Antes medium non eosdem ea.'), (18, 'Video ula omnia inathenis dignius habet ut partitilla.'), (19, 'Detere si mihi im hominter are, omnium accuriosi diligit quem ad.'), (20, 'Aut quicquid nos populla philos a.');
SELECT setval('public.teams_id_seq'::regclass, (SELECT MAX("id") FROM "public"."teams"));
