INSERT INTO public.teams (id,created_at,coach_id,organization_id,city,country,name) VALUES (120934405987, DEFAULT, '8c20953f-5466-4140-ba1d-4c592371b52b', NULL, 'Highland', 'Algeria', 'canucks');
SELECT setval('public.teams_id_seq'::regclass, (SELECT MAX("id") FROM "public"."teams"));
INSERT INTO public.profiles (profile_id,person_id,user_type,city,country,first_name,last_name,state) VALUES (1, '8c20953f-5466-4140-ba1d-4c592371b52b', 'coach', 'Sanford', 'Solomon Islands', 'Joanne', 'Swift', 'Utah');
SELECT setval('public.profiles_profile_id_seq'::regclass, (SELECT MAX("profile_id") FROM "public"."profiles"));
INSERT INTO public.profiles (profile_id,person_id,user_type,city,country,first_name,last_name,state) VALUES (2, '7aae9eb1-d7a9-42c3-9efa-247c57c1135a', 'player', 'Buffalo Grove', 'Oman', 'Elisabeth', 'Boyer', 'Kansas');
SELECT setval('public.profiles_profile_id_seq'::regclass, (SELECT MAX("profile_id") FROM "public"."profiles"));
INSERT INTO public.players (user_id,weight,height,id,team_id) VALUES ('7aae9eb1-d7a9-42c3-9efa-247c57c1135a', 8.773953921981501, 10.119018833916334, 1, NULL);
UPDATE public.players SET team_id = 120934405987 WHERE id = 1;
SELECT setval('public.players_id_seq'::regclass, (SELECT MAX("id") FROM "public"."players"));
INSERT INTO auth.users (instance_id,id,aud,role,email,encrypted_password,email_confirmed_at,invited_at,confirmation_token,confirmation_sent_at,recovery_token,recovery_sent_at,email_change_token_new,email_change,email_change_sent_at,last_sign_in_at,raw_app_meta_data,raw_user_meta_data,is_super_admin,created_at,updated_at,phone,phone_confirmed_at,phone_change,phone_change_token,phone_change_sent_at,email_change_token_current,email_change_confirm_status,banned_until,reauthentication_token,reauthentication_sent_at,is_sso_user,deleted_at,is_anonymous) VALUES ('737944e3-caf9-5e31-8ae9-5a1b360a293b', '0f5d546a-dd80-5406-a005-a4f3061b9fb4', '5e55b24a-6f54-5620-bb86-d04ea4c8f721', 'Developer', 'Alec.Bahringer49059@project-wave.net', 'Quamquam solen philos non endus.', '2020-03-27T02:27:02.000Z', '2020-02-18T13:29:01.000Z', 'Est paulo vacuit ingenii pellanturbul qui approbantis.', '2020-01-05T12:49:14.000Z', 'Quam gratia quidnam quibus et.', '2020-05-21T16:31:44.000Z', 'Se cum quia negat profectu.', 'Locis non etiam meo laudatque solum singulosit, loqueret vitae ocurae sunt tu inum eae.', '2020-06-22T05:44:10.000Z', '2020-06-26T05:09:30.000Z', '{"Summum":"Res doloresse"}', '{"Nihilius":"Quae necestias"}', 't', '2020-04-04T04:00:44.000Z', '2020-05-09T04:42:49.000Z', DEFAULT, '2020-02-10T13:45:12.000Z', DEFAULT, DEFAULT, '2020-02-22T01:33:17.000Z', DEFAULT, DEFAULT, '2020-10-06T22:00:21.000Z', DEFAULT, '2020-04-12T15:52:43.000Z', DEFAULT, '2020-03-11T14:42:16.000Z', DEFAULT), ('265b3899-64f8-5ba8-86d2-f393a60cf389', '5fef9e7c-116a-5504-a6ae-d16f4442d448', '1b7b35dc-5205-5534-9a52-6b105a06acd2', 'Admin', 'Annamarie_Brakus10291@tattoobell.com', 'Quibus tur cognita et etiam.', '2020-04-28T16:05:55.000Z', '2020-04-08T03:45:04.000Z', 'Quibus his inpenderum am quae prorsus aper.', '2020-12-12T11:50:56.000Z', 'Distrahi probab ut andi dictur proborum tria.', '2020-06-14T17:30:58.000Z', 'Inum incorpore bono impedit endum etitate quorum.', 'Et autem malitia sit neganimo cum nihilii.', '2020-06-10T18:07:09.000Z', '2020-05-05T04:55:21.000Z', '{"Sed":"Quod hostemeris anda"}', '{"Quadamicit":"Fugienterven turbamur"}', 't', '2020-12-04T11:47:53.000Z', '2020-03-03T02:37:14.000Z', DEFAULT, '2020-09-17T09:00:07.000Z', DEFAULT, DEFAULT, '2020-04-16T03:15:08.000Z', DEFAULT, DEFAULT, '2020-11-23T10:22:29.000Z', DEFAULT, '2020-01-21T00:09:26.000Z', DEFAULT, '2020-05-17T16:42:15.000Z', DEFAULT), ('1a52e9e4-0b60-55f6-8849-bee0c1611347', '5ac46069-d153-5b50-a0be-8a017d379243', '0d3a6d62-5616-58dd-a17a-82c2de85c1cc', 'Editor', 'Leanna_Quigley96822@attain-thermals.com', 'Fortas familita excruciantur fuisse vero iis ante ne.', '2020-11-11T11:11:07.000Z', '2020-05-13T16:44:25.000Z', 'Dolore ilii minarendum voluptate secum nunc ne ignoraret.', '2020-04-04T15:08:04.000Z', 'Sensuum per quid necest ad peranimus, locus repugi sapiendisplic multos et tant voluptation.', '2020-08-16T07:44:19.000Z', 'Quia autem quod puerillam cum quod, legam placetiam magna quarum entis et.', 'Accurrunt sunt utillud ea patiendi legitatque adhuc approbes, praeter cohaerest veniri parabunde nec quod iustitudit ut.', '2020-07-11T18:57:34.000Z', '2020-04-24T15:29:36.000Z', '{"Latur":"Am vare"}', '{"Disservata":"Imo constantia"}', 'f', '2020-05-05T04:11:04.000Z', '2020-09-05T20:47:49.000Z', DEFAULT, '2020-08-04T19:11:50.000Z', DEFAULT, DEFAULT, '2020-05-05T16:13:24.000Z', DEFAULT, DEFAULT, '2020-12-21T00:01:18.000Z', DEFAULT, '2020-10-26T09:16:32.000Z', DEFAULT, '2020-10-06T22:00:43.000Z', DEFAULT), ('909eba5a-bcb6-5ecf-8f8a-3b45ce238969', '5f2c632c-1003-5d3e-94f5-6085899aa359', '92643554-497e-50dd-a9f7-e35830243138', 'Owner', 'Christop.Sawayn48595@popularmobility.net', 'Pareat sedat qua a audittento, posset etsi iudicum volunt solum.', '2020-11-27T10:24:53.000Z', '2020-12-20T12:02:43.000Z', 'Inans famile lud pecundustriae non et defentur, iderent sit dolorum quae est.', '2020-06-02T17:30:05.000Z', 'Romanimi et quam rationem de voce iditus in.', '2020-02-18T01:44:45.000Z', 'En iuria esse splendore ipsos, gravis ari discipio sententia erius ubi rationem facilitus.', 'Quam et anesse genus corpus mediocritum.', '2020-03-27T14:41:36.000Z', '2020-07-23T06:08:28.000Z', '{"Pertingere":"Est et"}', '{"A":"Aut cere divinest"}', 'f', '2020-12-16T23:25:29.000Z', '2020-08-24T07:23:22.000Z', DEFAULT, '2020-01-01T12:22:30.000Z', DEFAULT, DEFAULT, '2020-06-14T17:44:37.000Z', DEFAULT, DEFAULT, '2020-08-28T19:10:57.000Z', DEFAULT, '2020-05-21T16:55:36.000Z', DEFAULT, '2020-12-21T00:13:05.000Z', DEFAULT), ('fce0523f-ec28-5268-84f3-3d31f14ab476', '71c8f57c-aae5-5ac8-8fc0-a1ff399b17b8', '3eee1e17-a66d-599d-aed6-1302c1c99eb1', 'Owner', 'Mozelle_Boyer81623@spectacularsweat.net', 'Utus tolere explicabo ne consilio aliquidem epicium rerum, quidem sane an m laudatticiam impeterum et entibusque.', '2020-05-13T17:01:18.000Z', '2020-05-09T16:06:35.000Z', 'Sed ei affecitiae qui ilit vitamusque.', '2020-03-07T02:29:23.000Z', 'Idita cum te possit ratio minimbutus, fallaramur enimisdem simos iucunt voluptatem ut dolorem.', '2020-03-07T02:35:19.000Z', 'Paene multis anim disputata quoddam alter, quo autem pervendis neque esse am ano.', 'Nusquam primis ceteretur iudicita cupiderat, summo quae nihil me ales.', '2020-12-20T23:12:43.000Z', '2020-07-03T06:48:48.000Z', '{"Primosit":"Depravatib ere depravat"}', '{"Autem":"Ideriora am"}', 'f', '2020-05-17T16:22:34.000Z', '2020-06-22T17:32:30.000Z', DEFAULT, '2020-03-23T02:10:46.000Z', DEFAULT, DEFAULT, '2020-08-28T07:34:44.000Z', DEFAULT, DEFAULT, '2020-11-03T10:50:49.000Z', DEFAULT, '2020-01-17T12:56:54.000Z', DEFAULT, '2020-07-15T06:28:09.000Z', DEFAULT), ('f9c326c1-d54b-5a71-974b-b06157c596f8', '815c84a1-9088-5e6f-b1ab-0853285c0e5d', '8772a07a-fa71-5fab-9dcd-fff2646efae7', 'Viewer', 'Julien.Kerluke72913@decent-sneeze.com', 'Perciplinam ad voluptate hoc adipsa modo.', '2020-04-12T04:04:29.000Z', '2020-03-23T02:17:53.000Z', 'Diceram sit iudicus provid afrantur mediocritum, per partemnentes te causamicur hominest accusatur gustari.', '2020-12-12T23:40:19.000Z', 'Carere cohaeresse corriger aut esse atius si.', '2020-11-11T11:01:27.000Z', 'Sane dolore ut sentantas praesen.', 'Nostri et non atibus utinter quae.', '2020-12-12T23:13:38.000Z', '2020-11-03T22:49:25.000Z', '{"Latur":"Rebus versionesse"}', '{"Tota":"Est magnam"}', 'f', '2020-07-07T18:10:11.000Z', '2020-12-05T00:13:03.000Z', DEFAULT, '2020-06-10T06:05:10.000Z', DEFAULT, DEFAULT, '2020-10-10T09:19:04.000Z', DEFAULT, DEFAULT, '2020-02-18T13:35:33.000Z', DEFAULT, '2020-03-11T14:36:33.000Z', DEFAULT, '2020-03-23T14:29:32.000Z', DEFAULT), ('7b252a4a-c4b4-5b8e-a335-ebc1a9c20447', 'f14ee7a7-b3f9-561d-8cf7-983293f0008f', '86d4b851-0b53-528b-b73f-6bb26292219e', 'Editor', 'Amelie.McLaughlin4801@squigglypeacoat.info', 'Sitne et conspecta saepe extremum quieti, civit si sentior virtutemol estias.', '2020-02-06T01:18:55.000Z', '2020-05-01T05:07:52.000Z', 'Te parte tem artibiqui iliustitiam autem spe, si sine iudicet dicas quod non vidiae quia.', '2020-04-08T15:31:34.000Z', 'Epicissius quam dolore amargumen vivere non quaeque, erritudin aut neque invident et dolorista bonoresset genii.', '2020-08-12T19:43:04.000Z', 'Metu tener flagitudit tum totelectat omnino cyrenaicosten esse, doloratio possumus qua omne non falli possim.', 'Dissermone vivenime facilla quidem im venistunt quam.', '2020-09-09T08:37:44.000Z', '2020-07-03T18:38:26.000Z', '{"Voluperen":"Etudo aut"}', '{"Debet":"Haec eli"}', 'f', '2020-01-25T13:03:34.000Z', '2020-11-03T22:49:05.000Z', DEFAULT, '2020-12-20T11:38:36.000Z', DEFAULT, DEFAULT, '2020-08-16T19:42:13.000Z', DEFAULT, DEFAULT, '2020-12-12T23:40:19.000Z', DEFAULT, '2020-12-20T11:46:52.000Z', DEFAULT, '2020-02-02T13:28:46.000Z', DEFAULT), ('f5c0e433-75ef-5166-9a55-1ecd8ba3e765', 'e4153ca5-d012-5995-bad4-086731587974', 'f9027f59-3341-5143-8fe9-df9d86f7570b', 'Developer', 'Vada_Nicolas46208@say-mean.net', 'Contra vel magnos numquamquam ego iderare inem.', '2020-09-09T08:19:27.000Z', '2020-12-20T11:35:06.000Z', 'Quam esset cetere nostrum qui.', '2020-12-12T23:40:40.000Z', 'Ut quia scribi posid fallare sic diceren.', '2020-05-21T04:51:46.000Z', 'Multi cum et non quem.', 'Serito hae et virtutem atum nec in ime, quia legere itia declinam veterab sapientium norat.', '2020-11-15T23:01:37.000Z', '2020-06-22T05:53:01.000Z', '{"Moveat":"Est verterista"}', '{"Indivinum":"Sentias iis desid"}', 'f', '2020-12-16T11:53:54.000Z', '2020-09-25T08:11:12.000Z', DEFAULT, '2020-02-18T13:22:16.000Z', DEFAULT, DEFAULT, '2020-08-08T07:41:44.000Z', DEFAULT, DEFAULT, '2020-12-04T23:26:19.000Z', DEFAULT, '2020-09-09T08:34:56.000Z', DEFAULT, '2020-06-22T05:40:40.000Z', DEFAULT), ('293d6140-f494-5662-99dd-5e88cd45908b', '8bb5337a-4ae8-5fe9-834c-d09e97c220b7', '977dcc5b-7b9a-57ef-be4a-9c008d3468a4', 'Admin', 'Princess_Mills19974@disbarvestment.info', 'Cum scriptorquatis et procedonan percipito et.', '2020-01-05T00:53:33.000Z', '2020-02-06T01:39:53.000Z', 'Sic de earum appetuisti scientia.', '2020-02-18T13:46:44.000Z', 'Tum sublatindig praeteret quidem si natur am.', '2020-01-01T00:22:16.000Z', 'Nec habet omi ad sectet huic non, ad nullo triario scilicur quarum.', 'Quam ego minarendi ab dolorum nam.', '2020-08-12T07:58:14.000Z', '2020-11-23T10:55:28.000Z', '{"Iucunt":"Nihil am"}', '{"Meo":"Cui singulosop"}', 'f', '2020-05-09T04:25:35.000Z', '2020-12-24T11:35:24.000Z', DEFAULT, '2020-06-26T05:11:43.000Z', DEFAULT, DEFAULT, '2020-07-23T18:20:49.000Z', DEFAULT, DEFAULT, '2020-12-24T11:47:03.000Z', DEFAULT, '2020-03-07T14:30:53.000Z', DEFAULT, '2020-09-13T09:12:04.000Z', DEFAULT), ('bff3d01b-37bf-56a1-ba8c-4296d3ea357b', 'b36ab93a-34cf-5d2f-8309-1f65466da6f0', '94de5767-573b-5d0c-a789-aec03ca62f17', 'Owner', 'Arthur.Little41425@highlightstroke.info', 'Fore temperan expeten aut dubit arbitrium, ete legi esset eri de bonore multo.', '2020-10-10T21:23:36.000Z', '2020-09-05T20:51:32.000Z', 'Feratomni ab physiciscuntur nasci munere defentibi abillis.', '2020-01-25T00:17:46.000Z', 'Extremum amicur sive suscepi iudicanim numquam.', '2020-06-06T05:45:03.000Z', 'Quam non et vacillae nomintelleg.', 'Nam discorporro est ipsis quia effici, hominem aut voluptates quae liberis nam.', '2020-09-05T09:04:42.000Z', '2020-11-15T22:49:37.000Z', '{"Intellegim":"Nostris sic eo"}', '{"Motum":"Dis voluptatem in"}', 'f', '2020-10-22T21:20:12.000Z', '2020-03-11T14:05:12.000Z', DEFAULT, '2020-10-14T21:48:50.000Z', DEFAULT, DEFAULT, '2020-05-17T16:25:15.000Z', DEFAULT, DEFAULT, '2020-11-27T22:25:36.000Z', DEFAULT, '2020-08-12T07:10:41.000Z', DEFAULT, '2020-09-21T20:36:05.000Z', DEFAULT), ('81e532cb-a458-52e1-8de3-69aca7dcd436', '44315cac-0a3d-513e-ae25-923183abdce2', 'f1081fcd-2e36-52bd-9832-e6f566ebcef6', 'Viewer', 'Shanna.Boyle39480@creative-lute.info', 'Alterest refornatur desere semperfruique qui, meliusteque contemnere mutanimos sic elli areturban.', '2020-04-04T15:56:18.000Z', '2020-10-10T21:22:55.000Z', 'Compossit amice si a nihilla vero se dixitaver.', '2020-12-08T11:16:29.000Z', 'Necesse sol ipsam enturi efficiantur vestra arbitrantur nam, offendimur statim viderne sed multo ab illo.', '2020-08-24T19:25:48.000Z', 'Quaeque sed vita quisquis sed se voluptate quidem.', 'Fecis tollat albuciustit voluptatem epicitaq.', '2020-07-03T18:43:13.000Z', '2020-08-04T07:55:45.000Z', '{"Habet":"Eum dolorest earum"}', '{"Laudanim":"Non torquatus quod"}', 'f', '2020-02-06T01:14:43.000Z', '2020-10-10T09:49:21.000Z', DEFAULT, '2020-06-22T17:31:27.000Z', DEFAULT, DEFAULT, '2020-08-08T07:39:10.000Z', DEFAULT, DEFAULT, '2020-03-27T14:22:57.000Z', DEFAULT, '2020-12-24T23:38:40.000Z', DEFAULT, '2020-06-18T17:17:32.000Z', DEFAULT), ('f476aa61-5598-5c55-8d83-6025d2d0c8cb', 'bc6c992f-6177-5b38-a99d-4c1f8bf2d0e3', '22d5ebc0-c9e9-5b1b-9146-afafae44da9c', 'Owner', 'Nigel.Bailey70616@immaculatevolatility.biz', 'Etura graecis fanti ans ilit e aut, veniret esse et video aliquem sumitatem.', '2020-01-17T00:50:16.000Z', '2020-08-04T07:59:15.000Z', 'Possunt uto nivem eo noster sit defent modi.', '2020-01-09T00:44:53.000Z', 'Mihi nescio autem sed et, pernantibiq cedero suaviturae disputarbit il tibus.', '2020-01-05T00:50:46.000Z', 'Es voluptati iniurias in vocendas, posse dicamputat poetae ata coniunt viti.', 'Ipsum ere quidem sed ophiae tradundit, eo brevis imum quibus vel.', '2020-06-02T05:23:12.000Z', '2020-08-12T07:57:03.000Z', '{"Ut":"Institut fanti"}', '{"Inem":"Alique de"}', 't', '2020-09-21T08:32:06.000Z', '2020-12-04T12:01:17.000Z', DEFAULT, '2020-10-06T09:09:33.000Z', DEFAULT, DEFAULT, '2020-07-11T06:48:07.000Z', DEFAULT, DEFAULT, '2020-09-13T20:50:44.000Z', DEFAULT, '2020-11-23T23:02:48.000Z', DEFAULT, '2020-12-04T23:37:52.000Z', DEFAULT), ('dfb2fd19-7614-52e0-aa4f-6a7511c2bd20', '5ca75a8e-3605-5166-aa74-4e2e2fc0beef', '130045ef-e469-531b-8ec9-f0808cb0cd6f', 'Viewer', 'Carolyn_Weimann23421@grippingcondominium.info', 'Epicurque gaudeat splendidis homint non ut.', '2020-04-28T03:11:02.000Z', '2020-03-11T14:17:13.000Z', 'Natur euripsos id carum am etura.', '2020-08-24T19:16:01.000Z', 'Pauca fruitur ut finiturus est.', '2020-10-06T21:46:57.000Z', 'Igitumque graecis ait namenda aliudicium qui repudiant primo.', 'Et ipsa praeter quo publicet, nam magnumquam obruamusdam expetendum nihille est ad.', '2020-07-07T06:08:47.000Z', '2020-04-16T16:02:41.000Z', '{"Sine":"Natura id qua"}', '{"Rerum":"Em cupid"}', 't', '2020-06-22T05:41:49.000Z', '2020-10-06T21:21:48.000Z', DEFAULT, '2020-12-12T23:36:42.000Z', DEFAULT, DEFAULT, '2020-01-17T00:22:32.000Z', DEFAULT, DEFAULT, '2020-11-15T22:47:25.000Z', DEFAULT, '2020-09-09T08:44:57.000Z', DEFAULT, '2020-12-24T11:13:01.000Z', DEFAULT), ('032ec7ce-4106-54e3-8372-9480710dc87b', '12b3f6e4-8e09-5767-b1ce-9d45589acea2', '94cda101-af92-59b0-8db9-0ab3802e91a6', 'Admin', 'Neil_Pollich55903@creamy-scenario.com', 'Bene disputani quasi quae quibus semperciplin erea his, rerum incurrunt quas liberet venias coniunculta.', '2020-03-27T14:28:33.000Z', '2020-02-02T14:04:04.000Z', 'Refere dicas non haeret atum et maxim, malivolam et sit primumendum enimprobat.', '2020-03-03T14:37:07.000Z', 'Quae versa epicur officereat ipse nosmetuam consecut si.', '2020-09-25T08:47:27.000Z', 'Stare graecissemper tu eodem enimpetua.', 'Seritari ad non numquam nos.', '2020-07-03T18:57:46.000Z', '2020-02-22T13:28:51.000Z', '{"Intereant":"Et individ"}', '{"Legenimam":"Fruunturbari diis nam"}', 'f', '2020-06-02T17:56:39.000Z', '2020-01-21T12:14:05.000Z', DEFAULT, '2020-07-27T06:19:16.000Z', DEFAULT, DEFAULT, '2020-09-25T20:27:45.000Z', DEFAULT, DEFAULT, '2020-10-14T21:17:02.000Z', DEFAULT, '2020-11-19T22:31:10.000Z', DEFAULT, '2020-08-20T19:56:09.000Z', DEFAULT), ('d92be9cd-bb69-5a9e-8e47-633c596e9834', '461f046b-b8af-5c8e-95dd-0f9194531ecb', 'dc8c1838-bced-5fc8-aa69-12c21cbb452c', 'Admin', 'Ollie.Kulas48928@suppurateemotion.com', 'Possimum dominvenias venere nec consequimus defendum.', '2020-04-04T03:42:55.000Z', '2020-05-01T04:33:15.000Z', 'Ant et militur rectas sum.', '2020-03-27T15:02:55.000Z', 'Si philos esse maiora inpenit escenses et, et licit dicita constringenuit in compararbit.', '2020-12-12T23:44:17.000Z', 'Quidem morte postea veniret homin modo.', 'Ille arisse tam primum atomnisi eos ad.', '2020-10-18T21:21:10.000Z', '2020-05-13T04:23:26.000Z', '{"Inum":"Fastidii natur affirmam"}', '{"Epicit":"Ilius doloribus"}', 'f', '2020-07-07T19:08:20.000Z', '2020-11-03T22:31:08.000Z', DEFAULT, '2020-01-13T12:24:27.000Z', DEFAULT, DEFAULT, '2020-05-01T04:55:24.000Z', DEFAULT, DEFAULT, '2020-09-05T08:10:59.000Z', DEFAULT, '2020-03-27T02:25:45.000Z', DEFAULT, '2020-08-04T07:24:53.000Z', DEFAULT);
INSERT INTO public.players (user_id,weight,height,id,team_id) VALUES ('0f5d546a-dd80-5406-a005-a4f3061b9fb4', 7.740764011788177, 12.34886103302455, 2, NULL), ('f14ee7a7-b3f9-561d-8cf7-983293f0008f', 2.13044618560709, 1.6675651768595066, 3, NULL), ('12b3f6e4-8e09-5767-b1ce-9d45589acea2', 11.662873530881845, 2.1943356445027526, 4, NULL), ('f14ee7a7-b3f9-561d-8cf7-983293f0008f', 2.567463944366818, 12.930756917959458, 5, NULL), ('461f046b-b8af-5c8e-95dd-0f9194531ecb', 11.954344240295615, 1.4179929715520532, 6, NULL), ('815c84a1-9088-5e6f-b1ab-0853285c0e5d', 1.2022181485670098, 4.082516980265493, 7, NULL), ('5fef9e7c-116a-5504-a6ae-d16f4442d448', 9.686658558641124, 7.084374688651947, 8, NULL), ('5ca75a8e-3605-5166-aa74-4e2e2fc0beef', 12.827059513457677, 10.61562592984501, 9, NULL), ('e4153ca5-d012-5995-bad4-086731587974', 1.6714874672543927, 15.514375366636951, 10, NULL), ('e4153ca5-d012-5995-bad4-086731587974', 15.401789925135176, 8.87436473827294, 11, NULL), ('0f5d546a-dd80-5406-a005-a4f3061b9fb4', 2.8841490572189117, 4.96724210708565, 12, NULL), ('5fef9e7c-116a-5504-a6ae-d16f4442d448', 12.055062139961725, 8.259834686561854, 13, NULL), ('f14ee7a7-b3f9-561d-8cf7-983293f0008f', 6.239274460606004, 8.769728353233978, 14, NULL), ('5fef9e7c-116a-5504-a6ae-d16f4442d448', 6.807520325764476, 12.540950305207602, 15, NULL), ('b36ab93a-34cf-5d2f-8309-1f65466da6f0', 8.991131204185116, 7.082880622210252, 16, NULL);
UPDATE public.players SET team_id = 120934405987 WHERE id = 2;
UPDATE public.players SET team_id = 120934405987 WHERE id = 3;
UPDATE public.players SET team_id = 120934405987 WHERE id = 4;
UPDATE public.players SET team_id = 120934405987 WHERE id = 5;
UPDATE public.players SET team_id = 120934405987 WHERE id = 6;
UPDATE public.players SET team_id = 120934405987 WHERE id = 7;
UPDATE public.players SET team_id = 120934405987 WHERE id = 8;
UPDATE public.players SET team_id = 120934405987 WHERE id = 9;
UPDATE public.players SET team_id = 120934405987 WHERE id = 10;
UPDATE public.players SET team_id = 120934405987 WHERE id = 11;
UPDATE public.players SET team_id = 120934405987 WHERE id = 12;
UPDATE public.players SET team_id = 120934405987 WHERE id = 13;
UPDATE public.players SET team_id = 120934405987 WHERE id = 14;
UPDATE public.players SET team_id = 120934405987 WHERE id = 15;
UPDATE public.players SET team_id = 120934405987 WHERE id = 16;
SELECT setval('public.players_id_seq'::regclass, (SELECT MAX("id") FROM "public"."players"));
INSERT INTO public.profiles (profile_id,person_id,user_type,city,country,first_name,last_name,state) VALUES (3, '461f046b-b8af-5c8e-95dd-0f9194531ecb', 'player', 'Yuma', 'Italy', 'Georgiana', 'Treutel', 'Tennessee'), (4, '815c84a1-9088-5e6f-b1ab-0853285c0e5d', 'manager', 'Dayton', 'Senegal', 'Lindsay', 'Reichel', 'Minnesota'), (5, 'f14ee7a7-b3f9-561d-8cf7-983293f0008f', 'coach', 'Sunnyvale', 'Tunisia', 'Elizabeth', 'Batz', 'South Dakota'), (6, '8bb5337a-4ae8-5fe9-834c-d09e97c220b7', 'player', 'Sterling Heights', 'Namibia', 'Mya', 'Lueilwitz', 'Missouri'), (7, '0f5d546a-dd80-5406-a005-a4f3061b9fb4', 'coach', 'McLean', 'Republic of Korea', 'Denis', 'Reinger', 'Florida'), (8, 'e4153ca5-d012-5995-bad4-086731587974', 'player', 'Grand Island', 'Dominica', 'Halle', 'Kunze', 'Pennsylvania'), (9, '5fef9e7c-116a-5504-a6ae-d16f4442d448', 'coach', 'Passaic', 'Puerto Rico', 'Orville', 'Parker', 'North Dakota'), (10, 'f14ee7a7-b3f9-561d-8cf7-983293f0008f', 'player', 'Savannah', 'Montserrat', 'Lila', 'Mante', 'Delaware'), (11, '5ca75a8e-3605-5166-aa74-4e2e2fc0beef', 'player', 'Richland', 'Afghanistan', 'Daryl', 'Schimmel', 'Mississippi'), (12, '8bb5337a-4ae8-5fe9-834c-d09e97c220b7', 'coach', 'Enid', 'Turks and Caicos Islands', 'Leland', 'Zulauf', 'West Virginia'), (13, '44315cac-0a3d-513e-ae25-923183abdce2', 'player', 'Iowa City', 'El Salvador', 'Dwight', 'Schroeder', 'California'), (14, 'b36ab93a-34cf-5d2f-8309-1f65466da6f0', 'manager', 'San Juan', 'Iceland', 'Brain', 'Bernier', 'Florida'), (15, '815c84a1-9088-5e6f-b1ab-0853285c0e5d', 'coach', 'Raleigh', 'Pakistan', 'Joyce', 'Hodkiewicz', 'New Jersey'), (16, '8bb5337a-4ae8-5fe9-834c-d09e97c220b7', 'player', 'South Gate', 'Ecuador', 'Lorna', 'Bosco', 'Alaska'), (17, 'b36ab93a-34cf-5d2f-8309-1f65466da6f0', 'player', 'Huntsville', 'Bermuda', 'Sammy', 'Ebert', 'Colorado');
SELECT setval('public.profiles_profile_id_seq'::regclass, (SELECT MAX("profile_id") FROM "public"."profiles"));
